# Exported from 3D Builder
mtllib SD-Q-T.mtl

o Object.1
v 0.109243 228.586075 3.000001
v 0.387475 228.586075 3.000001
v 155.084229 228.586075 3.000001
v 158.701248 227.463272 3.000001
v 161.483551 224.656235 3.000001
v 162.596497 221.287796 3.000001
v 162.596497 -4.116722 3.000001
v 161.483551 -7.485158 3.000001
v 159.814178 -9.450079 3.000001
v 157.588318 -10.853595 3.000001
v 155.084229 -11.415000 3.000001
v 0.109243 -11.415000 3.000001
v -3.507768 -10.292188 3.000001
v -6.290083 -7.485158 3.000001
v -7.403010 -4.116722 3.000001
v -7.403010 221.287796 3.000001
v -6.290083 224.656235 3.000001
v -4.620694 226.621155 3.000001
v -2.951304 227.743973 3.000001
v 0.109243 228.586075 1.000000
v 0.387475 228.586075 1.000000
v 155.084229 228.586075 1.000000
v 158.701248 227.463272 1.000000
v 161.483551 224.656235 1.000000
v 162.596497 221.287796 1.000000
v 162.596497 -4.116722 1.000000
v 161.483551 -7.485158 1.000000
v 159.814178 -9.450079 1.000000
v 157.588318 -10.853595 1.000000
v 155.084229 -11.415000 1.000000
v 0.109243 -11.415000 1.000000
v -3.507768 -10.292188 1.000000
v -6.290083 -7.485158 1.000000
v -7.403010 -4.116722 1.000000
v -7.403010 221.287796 1.000000
v -6.290083 224.656235 1.000000
v -4.620694 226.621155 1.000000
v -2.951304 227.743973 1.000000

usemtl Regular_0
f 17 19 18
f 18 37 17
f 37 36 17
f 17 36 16
f 36 35 16
f 16 35 15
f 15 1 16
f 16 1 19
f 1 20 19
f 20 38 19
f 38 20 35
f 35 20 34
f 21 34 20
f 22 34 21
f 22 21 2
f 3 22 2
f 2 15 3
f 3 15 4
f 4 23 3
f 24 23 4
f 5 24 4
f 25 24 5
f 6 25 5
f 5 15 6
f 15 7 6
f 7 26 6
f 27 26 7
f 8 27 7
f 10 8 7
f 10 7 11
f 11 30 10
f 30 29 10
f 10 29 9
f 29 28 9
f 9 28 8
f 29 27 28
f 30 26 29
f 30 31 26
f 31 32 26
f 32 33 26
f 33 34 26
f 25 26 34
f 34 33 14
f 15 34 14
f 14 33 13
f 7 14 13
f 7 13 12
f 13 32 12
f 33 32 13
f 32 31 12
f 12 31 11
f 31 30 11
f 7 12 11
f 9 8 10
f 28 27 8
f 26 27 29
f 7 15 14
f 26 25 6
f 25 34 24
f 24 34 23
f 4 15 5
f 23 22 3
f 2 21 1
f 23 34 22
f 21 20 1
f 1 15 2
f 35 34 15
f 36 38 35
f 37 38 36
f 38 37 18
f 19 38 18
f 16 19 17


o Object.2
v 152.653992 196.850128 0.999999
v 152.653992 196.596115 0.999999
v 152.653992 194.310120 0.999999
v 151.129990 192.278122 0.999999
v 149.351990 192.024124 0.999999
v 148.082001 192.786118 0.999999
v 150.875992 196.088120 0.999999
v 151.891998 196.850128 0.999999
v 150.875992 211.328125 0.999999
v 151.891998 210.566116 0.999999
v 152.653992 208.280121 0.999999
v 152.653992 200.152115 0.999999
v 149.097992 197.866119 0.999999
v 147.319992 195.834122 0.999999
v 147.065994 208.534119 0.999999
v 147.573990 210.058121 0.999999
v 148.843994 211.328125 0.999999
v 150.621994 211.328125 0.999999
v 150.875992 214.376129 0.999999
v 150.621994 214.376129 0.999999
v 148.589996 214.376129 0.999999
v 146.557999 213.360123 0.999999
v 144.779999 210.820129 0.999999
v 144.525986 201.168121 0.999999
v 145.033997 193.040115 0.999999
v 144.271988 192.532120 0.999999
v 142.239990 192.278122 0.999999
v 142.239990 189.738113 0.999999
v 144.271988 189.738113 0.999999
v 146.557999 190.754105 0.999999
v 147.065994 190.246109 0.999999
v 150.113998 189.484100 0.999999
v 152.399994 189.992111 0.999999
v 154.177994 191.516113 0.999999
v 155.194000 194.564117 0.999999
v 155.194000 197.612122 0.999999
v 157.225998 197.866119 0.999999
v 157.225998 200.660126 0.999999
v 155.194000 200.914124 0.999999
v 154.940002 209.804123 0.999999
v 154.431992 211.582123 0.999999
v 152.653992 213.614120 0.999999
v 152.653992 196.850128 -0.999999
v 152.653992 196.596115 -0.999999
v 152.653992 194.310120 -0.999999
v 151.129990 192.278122 -0.999999
v 149.351990 192.024124 -0.999999
v 148.082001 192.786118 -0.999999
v 150.875992 196.088120 -0.999999
v 151.891998 196.850128 -0.999999
v 150.875992 211.328125 -0.999999
v 151.891998 210.566116 -0.999999
v 152.653992 208.280121 -0.999999
v 152.653992 200.152115 -0.999999
v 149.097992 197.866119 -0.999999
v 147.319992 195.834122 -0.999999
v 147.065994 208.534119 -0.999999
v 147.573990 210.058121 -0.999999
v 148.843994 211.328125 -0.999999
v 150.621994 211.328125 -0.999999
v 150.875992 214.376129 -0.999999
v 150.621994 214.376129 -0.999999
v 148.589996 214.376129 -0.999999
v 146.557999 213.360123 -0.999999
v 144.779999 210.820129 -0.999999
v 144.525986 201.168121 -0.999999
v 145.033997 193.040115 -0.999999
v 144.271988 192.532120 -0.999999
v 142.239990 192.278122 -0.999999
v 142.239990 189.738113 -0.999999
v 144.271988 189.738113 -0.999999
v 146.557999 190.754105 -0.999999
v 147.065994 190.246109 -0.999999
v 150.113998 189.484100 -0.999999
v 152.399994 189.992111 -0.999999
v 154.177994 191.516113 -0.999999
v 155.194000 194.564117 -0.999999
v 155.194000 197.612122 -0.999999
v 157.225998 197.866119 -0.999999
v 157.225998 200.660126 -0.999999
v 155.194000 200.914124 -0.999999
v 154.940002 209.804123 -0.999999
v 154.431992 211.582123 -0.999999
v 152.653992 213.614120 -0.999999

vt 0.012903 -0.092308
vt 0.030645 -0.113609
vt 0.019355 -0.106509
vt 0.045161 -0.115976
vt 0.064516 -0.112426
vt 0.038710 -0.102959
vt 0.012903 -0.078107
vt 0.029032 -0.093491
vt 0.029032 -0.082840
vt 0.029032 -0.081657
vt 0.012903 -0.062722
vt 0.033871 -0.081657
vt 0.040323 -0.085207
vt 0.082258 -0.114793
vt 0.095161 -0.114793
vt 0.095161 -0.102959
vt 0.082258 -0.101775
vt 0.077419 -0.099408
vt 0.029032 -0.066272
vt 0.051613 -0.076923
vt 0.029032 -0.028402
vt 0.014516 -0.021302
vt 0.000000 -0.063905
vt 0.000000 -0.076923
vt 0.050000 -0.104142
vt 0.058065 -0.100592
vt 0.067742 -0.110059
vt 0.080645 -0.061538
vt 0.062903 -0.086391
vt 0.064516 -0.027219
vt 0.079032 -0.016568
vt 0.067742 -0.004734
vt 0.054839 -0.000000
vt 0.041935 -0.000000
vt 0.040323 -0.000000
vt 0.029032 -0.003550
vt 0.053226 -0.014201
vt 0.041935 -0.014201
vt 0.061290 -0.020118
vt 0.040323 -0.014201
vt 0.033871 -0.017752
vt 0.017742 -0.013018

usemtl Mat_0
f 73/1 71/2 72/3
f 114/3 72/3 71/2
f 113/2 114/3 71/2
f 113/2 71/2 70/4
f 112/4 113/2 70/4
f 112/4 70/4 69/5
f 42/6 69/5 70/4
f 70/4 74/7 42/6
f 42/6 74/7 41/8
f 74/7 40/9 41/8
f 83/8 41/8 40/9
f 82/9 83/8 40/9
f 82/9 40/9 39/10
f 40/9 77/11 39/10
f 39/10 77/11 46/12
f 46/12 77/11 45/13
f 45/13 77/11 67/14
f 77/11 66/15 67/14
f 109/14 67/14 66/15
f 108/15 109/14 66/15
f 108/15 66/15 65/16
f 64/17 65/16 66/15
f 63/18 64/17 66/15
f 63/18 66/15 50/19
f 51/20 63/18 50/19
f 93/20 51/20 50/19
f 92/19 93/20 50/19
f 92/19 50/19 49/21
f 78/22 49/21 50/19
f 78/22 50/19 77/11
f 120/22 78/22 77/11
f 119/11 120/22 77/11
f 119/11 77/11 76/23
f 118/23 119/11 76/23
f 118/23 76/23 75/24
f 76/23 74/7 75/24
f 117/24 75/24 74/7
f 116/7 117/24 74/7
f 116/7 74/7 73/1
f 115/1 116/7 73/1
f 116/7 115/1 112/4
f 112/4 84/6 116/7
f 84/6 83/8 116/7
f 84/6 112/4 111/5
f 111/5 85/25 84/6
f 84/6 85/25 42/6
f 85/25 43/25 42/6
f 85/25 86/26 43/25
f 86/26 44/26 43/25
f 44/26 69/5 43/25
f 69/5 44/26 68/27
f 44/26 67/14 68/27
f 110/27 68/27 67/14
f 110/27 111/5 68/27
f 111/5 110/27 86/26
f 86/26 110/27 109/14
f 109/14 87/13 86/26
f 87/13 109/14 119/11
f 88/12 87/13 119/11
f 81/10 88/12 119/11
f 82/9 81/10 119/11
f 88/12 81/10 46/12
f 87/13 88/12 45/13
f 87/13 45/13 44/26
f 111/5 69/5 68/27
f 86/26 87/13 44/26
f 86/26 85/25 111/5
f 118/23 117/24 116/7
f 82/9 118/23 116/7
f 117/24 118/23 75/24
f 119/11 118/23 82/9
f 120/22 119/11 92/19
f 108/15 92/19 119/11
f 105/18 92/19 108/15
f 105/18 108/15 106/17
f 106/17 108/15 107/16
f 106/17 107/16 64/17
f 105/18 106/17 63/18
f 105/18 63/18 62/28
f 52/29 62/28 63/18
f 53/30 62/28 52/29
f 95/30 53/30 52/29
f 94/29 95/30 52/29
f 94/29 52/29 51/20
f 95/30 94/29 104/28
f 94/29 105/18 104/28
f 105/18 94/29 93/20
f 95/30 104/28 103/31
f 103/31 104/28 61/31
f 104/28 62/28 61/31
f 103/31 61/31 60/32
f 60/32 61/31 59/33
f 61/31 58/34 59/33
f 101/33 59/33 58/34
f 100/34 101/33 58/34
f 100/34 58/34 57/35
f 99/35 100/34 57/35
f 99/35 57/35 80/36
f 57/35 55/37 80/36
f 80/36 55/37 56/38
f 98/38 56/38 55/37
f 97/37 98/38 55/37
f 97/37 55/37 54/39
f 96/39 97/37 54/39
f 96/39 54/39 53/30
f 61/31 53/30 54/39
f 61/31 54/39 57/35
f 97/37 96/39 99/35
f 103/31 99/35 96/39
f 99/35 122/36 97/37
f 122/36 98/38 97/37
f 89/40 98/38 122/36
f 90/41 89/40 122/36
f 122/36 121/42 90/41
f 121/42 91/21 90/41
f 90/41 91/21 48/41
f 91/21 49/21 48/41
f 79/42 48/41 49/21
f 80/36 48/41 79/42
f 122/36 80/36 79/42
f 48/41 80/36 47/40
f 90/41 48/41 47/40
f 121/42 120/22 91/21
f 121/42 122/36 79/42
f 121/42 79/42 78/22
f 89/40 90/41 47/40
f 89/40 47/40 56/38
f 98/38 89/40 56/38
f 47/40 80/36 56/38
f 55/37 57/35 54/39
f 122/36 99/35 80/36
f 103/31 100/34 99/35
f 103/31 101/33 100/34
f 102/32 101/33 103/31
f 101/33 102/32 59/33
f 61/31 57/35 58/34
f 102/32 60/32 59/33
f 102/32 103/31 60/32
f 103/31 96/39 95/30
f 95/30 96/39 53/30
f 53/30 61/31 62/28
f 104/28 105/18 62/28
f 120/22 92/19 91/21
f 120/22 121/42 78/22
f 79/42 49/21 78/22
f 91/21 92/19 49/21
f 93/20 92/19 105/18
f 93/20 94/29 51/20
f 63/18 51/20 52/29
f 106/17 64/17 63/18
f 107/16 65/16 64/17
f 107/16 108/15 65/16
f 119/11 109/14 108/15
f 109/14 110/27 67/14
f 66/15 77/11 50/19
f 67/14 44/26 45/13
f 88/12 46/12 45/13
f 81/10 39/10 46/12
f 77/11 40/9 76/23
f 81/10 82/9 39/10
f 116/7 83/8 82/9
f 83/8 84/6 41/8
f 40/9 74/7 76/23
f 84/6 42/6 41/8
f 74/7 70/4 73/1
f 69/5 42/6 43/25
f 111/5 112/4 69/5
f 115/1 113/2 112/4
f 115/1 114/3 113/2
f 114/3 115/1 72/3
f 115/1 73/1 72/3
f 73/1 70/4 71/2


o Object.3
v 149.860001 187.198105 0.999999
v 149.605988 187.198105 0.999999
v 148.082001 186.690109 0.999999
v 146.811996 185.166107 0.999999
v 146.557999 183.388107 0.999999
v 147.827988 180.848114 0.999999
v 147.319992 180.594101 0.999999
v 146.557999 181.102112 0.999999
v 145.287994 181.102112 0.999999
v 144.271988 180.594101 0.999999
v 143.509995 179.832108 0.999999
v 143.001984 178.308105 0.999999
v 143.509995 175.768112 0.999999
v 145.287994 174.498108 0.999999
v 146.811996 174.498108 0.999999
v 147.827988 175.006104 0.999999
v 148.843994 177.038101 0.999999
v 149.351990 177.038101 0.999999
v 148.843994 173.736099 0.999999
v 148.082001 172.212112 0.999999
v 151.384003 172.212112 0.999999
v 150.367996 174.752106 0.999999
v 150.367996 177.292114 0.999999
v 150.875992 176.022110 0.999999
v 152.653992 174.498108 0.999999
v 154.177994 174.498108 0.999999
v 155.194000 175.006104 0.999999
v 156.464005 176.784103 0.999999
v 156.464005 178.562103 0.999999
v 155.194000 180.594101 0.999999
v 154.177994 181.102112 0.999999
v 152.907990 181.102112 0.999999
v 152.145996 180.594101 0.999999
v 151.638000 180.848114 0.999999
v 152.653992 182.372101 0.999999
v 152.907990 184.404114 0.999999
v 152.399994 185.674103 0.999999
v 151.384003 186.690109 0.999999
v 149.860001 187.198105 -0.999999
v 149.605988 187.198105 -0.999999
v 148.082001 186.690109 -0.999999
v 146.811996 185.166107 -0.999999
v 146.557999 183.388107 -0.999999
v 147.827988 180.848114 -0.999999
v 147.319992 180.594101 -0.999999
v 146.557999 181.102112 -0.999999
v 145.287994 181.102112 -0.999999
v 144.271988 180.594101 -0.999999
v 143.509995 179.832108 -0.999999
v 143.001984 178.308105 -0.999999
v 143.509995 175.768112 -0.999999
v 145.287994 174.498108 -0.999999
v 146.811996 174.498108 -0.999999
v 147.827988 175.006104 -0.999999
v 148.843994 177.038101 -0.999999
v 149.351990 177.038101 -0.999999
v 148.843994 173.736099 -0.999999
v 148.082001 172.212112 -0.999999
v 151.384003 172.212112 -0.999999
v 150.367996 174.752106 -0.999999
v 150.367996 177.292114 -0.999999
v 150.875992 176.022110 -0.999999
v 152.653992 174.498108 -0.999999
v 154.177994 174.498108 -0.999999
v 155.194000 175.006104 -0.999999
v 156.464005 176.784103 -0.999999
v 156.464005 178.562103 -0.999999
v 155.194000 180.594101 -0.999999
v 154.177994 181.102112 -0.999999
v 152.907990 181.102112 -0.999999
v 152.145996 180.594101 -0.999999
v 151.638000 180.848114 -0.999999
v 152.653992 182.372101 -0.999999
v 152.907990 184.404114 -0.999999
v 152.399994 185.674103 -0.999999
v 151.384003 186.690109 -0.999999

vt 0.037097 -0.128994
vt 0.027419 -0.139645
vt 0.030645 -0.133728
vt 0.029032 -0.149112
vt 0.046774 -0.126627
vt 0.048387 -0.126627
vt 0.058065 -0.128994
vt 0.035484 -0.156213
vt 0.066129 -0.136095
vt 0.067742 -0.144379
vt 0.012903 -0.183432
vt 0.019355 -0.185799
vt 0.029032 -0.185799
vt 0.059677 -0.156213
vt 0.043548 -0.172781
vt 0.062903 -0.157396
vt 0.040323 -0.178698
vt 0.043548 -0.184615
vt 0.050000 -0.173965
vt 0.053226 -0.189349
vt 0.053226 -0.173965
vt 0.075806 -0.155030
vt 0.059677 -0.183432
vt 0.066129 -0.185799
vt 0.087097 -0.160947
vt 0.082258 -0.157396
vt 0.067742 -0.155030
vt 0.090323 -0.168047
vt 0.075806 -0.185799
vt 0.087097 -0.179882
vt 0.037097 -0.196450
vt 0.058065 -0.196450
vt 0.004839 -0.175148
vt 0.032258 -0.157396
vt 0.027419 -0.155030
vt 0.019355 -0.155030
vt 0.012903 -0.157396
vt 0.004839 -0.166864

usemtl Mat_0
f 160/43 158/44 159/45
f 197/45 159/45 158/44
f 196/44 197/45 158/44
f 196/44 158/44 157/46
f 123/47 157/46 158/44
f 157/46 123/47 124/48
f 162/48 124/48 123/47
f 161/47 162/48 123/47
f 161/47 123/47 160/43
f 198/43 161/47 160/43
f 161/47 198/43 196/44
f 161/47 196/44 195/46
f 195/46 162/48 161/47
f 163/49 162/48 195/46
f 163/49 195/46 194/50
f 194/50 195/46 156/50
f 195/46 157/46 156/50
f 125/49 156/50 157/46
f 126/51 156/50 125/49
f 164/51 126/51 125/49
f 163/49 164/51 125/49
f 163/49 125/49 124/48
f 164/51 165/52 126/51
f 165/52 127/52 126/51
f 127/52 149/53 126/51
f 127/52 148/54 149/53
f 187/53 149/53 148/54
f 186/54 187/53 148/54
f 186/54 148/54 147/55
f 128/56 147/55 148/54
f 147/55 128/56 145/57
f 129/58 145/57 128/56
f 167/58 129/58 128/56
f 166/56 167/58 128/56
f 166/56 128/56 127/52
f 167/58 166/56 183/57
f 185/55 183/57 166/56
f 166/56 186/54 185/55
f 166/56 165/52 186/54
f 184/59 183/57 185/55
f 184/59 185/55 146/59
f 185/55 147/55 146/59
f 184/59 146/59 145/57
f 183/57 184/59 145/57
f 183/57 145/57 144/60
f 140/61 144/60 145/57
f 141/62 144/60 140/61
f 179/62 141/62 140/61
f 178/61 179/62 140/61
f 178/61 140/61 139/63
f 140/61 131/64 139/63
f 131/64 138/65 139/63
f 177/63 139/63 138/65
f 176/65 177/63 138/65
f 176/65 138/65 137/66
f 133/67 137/66 138/65
f 133/67 138/65 132/68
f 171/67 133/67 132/68
f 170/68 171/67 132/68
f 170/68 132/68 131/64
f 169/64 170/68 131/64
f 169/64 131/64 130/69
f 168/69 169/64 130/69
f 168/69 130/69 129/58
f 140/61 129/58 130/69
f 169/64 168/69 178/61
f 178/61 168/69 167/58
f 178/61 177/63 169/64
f 176/65 170/68 169/64
f 171/67 170/68 176/65
f 171/67 176/65 175/66
f 172/70 171/67 175/66
f 172/70 175/66 174/71
f 174/71 175/66 136/71
f 175/66 137/66 136/71
f 134/70 136/71 137/66
f 135/72 136/71 134/70
f 173/72 135/72 134/70
f 172/70 173/72 134/70
f 172/70 134/70 133/67
f 173/72 174/71 135/72
f 174/71 136/71 135/72
f 173/72 172/70 174/71
f 171/67 172/70 133/67
f 134/70 137/66 133/67
f 175/66 176/65 137/66
f 169/64 177/63 176/65
f 138/65 131/64 132/68
f 131/64 140/61 130/69
f 177/63 178/61 139/63
f 179/62 178/61 182/60
f 178/61 183/57 182/60
f 182/60 181/73 179/62
f 179/62 181/73 180/74
f 180/74 181/73 142/74
f 181/73 143/73 142/74
f 141/62 142/74 143/73
f 180/74 142/74 141/62
f 181/73 182/60 143/73
f 182/60 144/60 143/73
f 179/62 180/74 141/62
f 144/60 141/62 143/73
f 182/60 183/57 144/60
f 167/58 183/57 178/61
f 167/58 168/69 129/58
f 129/58 140/61 145/57
f 146/59 147/55 145/57
f 185/55 186/54 147/55
f 165/52 187/53 186/54
f 187/53 188/75 149/53
f 188/75 150/75 149/53
f 155/76 149/53 150/75
f 155/76 150/75 154/77
f 150/75 153/78 154/77
f 192/77 154/77 153/78
f 191/78 192/77 153/78
f 191/78 153/78 152/79
f 153/78 151/80 152/79
f 190/79 152/79 151/80
f 189/80 190/79 151/80
f 189/80 151/80 150/75
f 191/78 190/79 189/80
f 191/78 189/80 188/75
f 190/79 191/78 152/79
f 188/75 192/77 191/78
f 193/76 192/77 188/75
f 192/77 193/76 154/77
f 153/78 150/75 151/80
f 193/76 155/76 154/77
f 193/76 194/50 155/76
f 187/53 194/50 193/76
f 187/53 164/51 194/50
f 149/53 155/76 156/50
f 188/75 189/80 150/75
f 193/76 188/75 187/53
f 128/56 148/54 127/52
f 165/52 166/56 127/52
f 165/52 164/51 187/53
f 149/53 156/50 126/51
f 194/50 156/50 155/76
f 164/51 163/49 194/50
f 162/48 163/49 124/48
f 125/49 157/46 124/48
f 195/46 196/44 157/46
f 198/43 197/45 196/44
f 197/45 198/43 159/45
f 198/43 160/43 159/45
f 123/47 158/44 160/43


o Object.4
v 92.456032 10.668007 0.999999
v 92.456032 10.414006 0.999999
v 92.202034 8.890006 0.999999
v 90.932030 9.144006 0.999999
v 91.186035 9.906006 0.999999
v 91.948036 10.668007 0.999999
v 73.660027 11.938006 0.999999
v 73.914024 11.684007 0.999999
v 74.930023 9.397996 0.999999
v 74.422028 8.890006 0.999999
v 73.660027 8.890006 0.999999
v 73.152023 9.397996 0.999999
v 73.152023 11.938006 0.999999
v 92.456032 13.716008 0.999999
v 92.964035 13.462008 0.999999
v 92.964035 13.208008 0.999999
v 92.964035 12.446008 0.999999
v 90.170036 9.144006 0.999999
v 88.900032 9.144006 0.999999
v 89.916031 11.176006 0.999999
v 73.406029 15.494010 0.999999
v 73.660027 15.240009 0.999999
v 74.930023 13.716008 0.999999
v 76.708023 10.414006 0.999999
v 76.962029 9.397996 0.999999
v 75.946022 8.890006 0.999999
v 74.676025 11.684007 0.999999
v 73.152023 13.716008 0.999999
v 72.898026 15.494010 0.999999
v 97.028038 15.494010 0.999999
v 96.774040 15.240009 0.999999
v 96.520042 15.494010 0.999999
v 96.774040 14.986009 0.999999
v 94.234032 10.160006 0.999999
v 93.726036 9.652006 0.999999
v 93.218033 10.160006 0.999999
v 93.472031 11.430007 0.999999
v 94.996033 13.970009 0.999999
v 96.266037 15.240009 0.999999
v 96.520042 15.494010 0.999999
v 92.964035 16.510010 0.999999
v 93.726036 16.256010 0.999999
v 93.726036 16.002010 0.999999
v 93.218033 14.986009 0.999999
v 89.408035 11.430007 0.999999
v 87.630035 8.890006 0.999999
v 86.614029 9.144006 0.999999
v 87.122032 10.922007 0.999999
v 89.408035 13.970009 0.999999
v 91.948036 16.002010 0.999999
v 73.406029 19.050011 0.999999
v 73.660027 18.796011 0.999999
v 75.692024 16.764009 0.999999
v 77.978027 13.208008 0.999999
v 79.248024 9.652006 0.999999
v 78.486023 8.890006 0.999999
v 77.978027 9.144006 0.999999
v 77.470024 9.652006 0.999999
v 76.200027 13.208008 0.999999
v 72.898026 17.018009 0.999999
v 72.644028 18.796011 0.999999
v 93.980034 19.050011 0.999999
v 94.234032 18.796011 0.999999
v 93.472031 17.272009 0.999999
v 91.694031 16.510010 0.999999
v 89.408035 14.732009 0.999999
v 86.868034 11.430007 0.999999
v 86.106033 9.652006 0.999999
v 85.344032 8.890006 0.999999
v 84.328033 8.890006 0.999999
v 84.074036 9.652006 0.999999
v 85.090034 11.684007 0.999999
v 87.630035 14.986009 0.999999
v 91.186035 18.034012 0.999999
v 92.964035 19.050011 0.999999
v 94.742035 21.336014 0.999999
v 94.742035 21.082014 0.999999
v 94.234032 20.066011 0.999999
v 91.440033 18.796011 0.999999
v 88.900032 17.018009 0.999999
v 85.852036 13.716008 0.999999
v 83.820030 9.652006 0.999999
v 83.058029 8.890006 0.999999
v 82.296028 9.397996 0.999999
v 82.804024 11.176006 0.999999
v 85.090034 14.986009 0.999999
v 88.646034 18.796011 0.999999
v 93.472031 21.336014 0.999999
v 73.152023 21.590014 0.999999
v 73.660027 21.336014 0.999999
v 73.914024 21.082014 0.999999
v 77.724022 17.526009 0.999999
v 79.502022 14.732009 0.999999
v 81.280022 10.160006 0.999999
v 81.280022 9.397996 0.999999
v 80.772026 8.890006 0.999999
v 80.010025 8.890006 0.999999
v 79.248024 11.938006 0.999999
v 77.470024 15.240009 0.999999
v 74.930023 18.542011 0.999999
v 72.898026 20.320011 0.999999
v 72.644028 21.082014 0.999999
v 100.838043 22.860014 0.999999
v 100.584038 22.606014 0.999999
v 100.330040 22.860014 0.999999
v 100.584038 22.098013 0.999999
v 100.076042 21.082014 0.999999
v 97.028038 16.764009 0.999999
v 94.742035 14.478008 0.999999
v 94.234032 14.732009 0.999999
v 94.234032 15.240009 0.999999
v 94.996033 16.764009 0.999999
v 100.076042 22.606014 0.999999
v 100.330040 22.860014 0.999999
v 73.152023 23.114014 0.999999
v 73.406029 22.860014 0.999999
v 72.898026 22.860014 0.999999
v 80.518028 26.924015 0.999999
v 80.518028 26.670015 0.999999
v 80.264023 24.892015 0.999999
v 78.232025 23.368013 0.999999
v 74.676025 23.368013 0.999999
v 72.644028 24.638016 0.999999
v 72.898026 26.670015 0.999999
v 73.914024 25.908016 0.999999
v 76.962029 25.654015 0.999999
v 79.756027 26.924015 0.999999
v 93.472031 27.940018 0.999999
v 94.488029 27.686018 0.999999
v 94.234032 27.432016 0.999999
v 91.948036 26.162016 0.999999
v 88.138031 25.908016 0.999999
v 86.868034 26.416016 0.999999
v 85.852036 27.686018 0.999999
v 86.614029 27.940018 0.999999
v 89.154030 26.924015 0.999999
v 92.456032 27.432016 0.999999
v 73.406029 28.448017 0.999999
v 73.660027 28.194017 0.999999
v 75.184029 27.432016 0.999999
v 77.724022 27.432016 0.999999
v 79.502022 27.940018 0.999999
v 79.756027 27.432016 0.999999
v 78.740028 26.670015 0.999999
v 75.692024 25.908016 0.999999
v 73.914024 26.416016 0.999999
v 72.644028 27.686018 0.999999
v 72.644028 28.448017 0.999999
v 103.886040 28.448017 0.999999
v 103.632042 28.194017 0.999999
v 103.378044 28.448017 0.999999
v 103.632042 27.940018 0.999999
v 102.870041 26.416016 0.999999
v 98.298042 21.336014 0.999999
v 95.504036 18.542011 0.999999
v 94.996033 18.796011 0.999999
v 95.250031 19.812012 0.999999
v 100.838043 26.162016 0.999999
v 103.124039 28.194017 0.999999
v 103.378044 28.448017 0.999999
v 86.868034 29.972017 0.999999
v 86.614029 29.718018 0.999999
v 86.106033 29.972017 0.999999
v 79.502022 30.480019 0.999999
v 79.756027 30.226017 0.999999
v 80.010025 29.464018 0.999999
v 79.502022 28.956017 0.999999
v 78.740028 29.210016 0.999999
v 78.232025 30.480019 0.999999
v 73.660027 30.988020 0.999999
v 74.422028 30.734018 0.999999
v 74.168022 30.480019 0.999999
v 73.660027 29.972017 0.999999
v 73.152023 30.480019 0.999999
v 88.646034 30.988020 0.999999
v 89.916031 30.734018 0.999999
v 90.170036 30.734018 0.999999
v 91.476334 29.645416 0.999999
v 91.186035 30.226017 0.999999
v 92.202034 30.226017 0.999999
v 92.456032 30.226017 0.999999
v 93.472031 29.464018 0.999999
v 93.218033 28.956017 0.999999
v 91.694031 29.210016 0.999999
v 91.643234 29.311617 0.999999
v 91.440033 28.702017 0.999999
v 90.932030 28.702017 0.999999
v 89.408035 29.972017 0.999999
v 88.646034 29.972017 0.999999
v 87.376030 28.956017 0.999999
v 86.614029 29.210016 0.999999
v 87.630035 30.480019 0.999999
v 77.216026 31.242020 0.999999
v 78.232025 29.972017 0.999999
v 77.978027 28.956017 0.999999
v 76.200027 30.480019 0.999999
v 74.676025 29.210016 0.999999
v 74.168022 29.464018 0.999999
v 74.168022 29.972017 0.999999
v 75.438026 31.242020 0.999999
v 76.962029 31.242020 0.999999
v 106.934044 34.290020 0.999999
v 106.934044 34.036018 0.999999
v 105.918037 32.004021 0.999999
v 98.552040 24.638016 0.999999
v 96.774040 22.352013 0.999999
v 95.758041 22.352013 0.999999
v 96.520042 24.384016 0.999999
v 99.568039 27.940018 0.999999
v 104.394043 32.766018 0.999999
v 106.426041 34.290020 0.999999
v 109.220047 39.624023 0.999999
v 109.728050 39.370022 0.999999
v 109.474045 39.116024 0.999999
v 108.458038 37.084023 0.999999
v 102.870041 32.004021 0.999999
v 97.028038 25.908016 0.999999
v 97.028038 27.686018 0.999999
v 100.076042 31.242020 0.999999
v 107.188042 38.100021 0.999999
v 138.684067 42.164028 0.999999
v 138.684067 41.910027 0.999999
v 138.684067 9.144006 0.999999
v 129.794067 8.890006 0.999999
v 129.286057 10.922007 0.999999
v 129.540070 18.796011 0.999999
v 131.318069 28.194017 0.999999
v 134.874069 37.084023 0.999999
v 137.414063 41.148022 0.999999
v 138.176056 42.164028 0.999999
v 111.760048 44.450027 0.999999
v 112.268051 44.196026 0.999999
v 112.014046 43.942028 0.999999
v 111.252045 42.164028 0.999999
v 105.156044 37.084023 0.999999
v 98.044037 29.972017 0.999999
v 98.044037 31.242020 0.999999
v 101.092041 35.052017 0.999999
v 107.950043 41.656025 0.999999
v 114.554047 48.768032 0.999999
v 114.554047 48.514030 0.999999
v 113.792046 46.990028 0.999999
v 112.268051 45.466026 0.999999
v 106.680038 41.402023 0.999999
v 99.568039 34.036018 0.999999
v 99.060043 34.290020 0.999999
v 99.568039 35.560024 0.999999
v 101.346039 37.846024 0.999999
v 106.680038 43.180027 0.999999
v 112.268051 47.752026 0.999999
v 113.792046 48.768032 0.999999
v 105.156044 50.038029 0.999999
v 105.156044 49.784031 0.999999
v 102.616043 44.450027 0.999999
v 102.108040 44.196026 0.999999
v 98.298042 47.752026 0.999999
v 94.996033 50.038029 0.999999
v 86.614029 53.086029 0.999999
v 88.900032 52.578030 0.999999
v 94.488029 49.530029 0.999999
v 98.806038 46.228027 0.999999
v 101.854042 43.180027 0.999999
v 96.520042 29.210016 0.999999
v 94.742035 29.464018 0.999999
v 91.186035 31.242020 0.999999
v 88.900032 31.242020 0.999999
v 86.106033 30.480019 0.999999
v 85.852036 30.988020 0.999999
v 89.154030 34.290020 0.999999
v 87.630035 33.528019 0.999999
v 85.344032 31.242020 0.999999
v 85.344032 28.194017 0.999999
v 84.836029 27.432016 0.999999
v 87.884033 25.400015 0.999999
v 90.170036 25.146015 0.999999
v 92.710030 25.908016 0.999999
v 95.758041 28.194017 0.999999
v 96.012039 26.416016 0.999999
v 95.250031 24.130014 0.999999
v 93.472031 23.368013 0.999999
v 88.900032 22.860014 0.999999
v 85.344032 23.876013 0.999999
v 84.836029 23.622013 0.999999
v 85.598030 22.606014 0.999999
v 87.884033 21.844013 0.999999
v 90.932030 22.098013 0.999999
v 94.488029 23.368013 0.999999
v 94.996033 23.114014 0.999999
v 94.996033 22.606014 0.999999
v 94.488029 22.098013 0.999999
v 93.726036 22.098013 0.999999
v 90.424034 20.574011 0.999999
v 88.138031 19.050011 0.999999
v 85.090034 16.002010 0.999999
v 82.042023 11.176006 0.999999
v 81.534027 11.430007 0.999999
v 81.026024 13.208008 0.999999
v 78.740028 17.018009 0.999999
v 73.152023 22.606014 0.999999
v 73.914024 22.860014 0.999999
v 74.930023 22.352013 0.999999
v 77.978027 22.352013 0.999999
v 79.248024 22.860014 0.999999
v 80.518028 24.130014 0.999999
v 80.772026 29.210016 0.999999
v 78.994026 34.798019 0.999999
v 78.740028 36.830025 0.999999
v 80.772026 38.862022 0.999999
v 81.026024 40.386024 0.999999
v 80.772026 39.624023 0.999999
v 78.994026 38.608025 0.999999
v 77.978027 37.338024 0.999999
v 79.248024 33.020020 0.999999
v 78.994026 32.766018 0.999999
v 76.454025 34.036018 0.999999
v 78.486023 32.512020 0.999999
v 78.994026 31.496019 0.999999
v 73.660027 31.496019 0.999999
v 73.406029 34.798019 0.999999
v 75.692024 44.450027 0.999999
v 78.740028 50.546032 0.999999
v 80.772026 52.578030 0.999999
v 81.788025 53.086029 0.999999
v 86.360031 53.086029 0.999999
v 116.840050 53.086029 0.999999
v 116.840050 52.832031 0.999999
v 116.078049 51.308029 0.999999
v 114.808044 50.038029 0.999999
v 108.712051 45.720028 0.999999
v 101.854042 39.116024 0.999999
v 101.346039 39.116024 0.999999
v 101.346039 40.132023 0.999999
v 102.108040 41.402023 0.999999
v 106.172043 45.466026 0.999999
v 113.284050 51.308029 0.999999
v 115.570045 52.832031 0.999999
v 118.872047 57.658035 0.999999
v 119.380051 57.404034 0.999999
v 119.380051 57.150036 0.999999
v 117.602051 54.610035 0.999999
v 109.220047 48.768032 0.999999
v 103.632042 43.688026 0.999999
v 103.124039 43.942028 0.999999
v 104.140038 46.228027 0.999999
v 109.982048 51.562031 0.999999
v 117.348045 56.896034 0.999999
v 120.396049 61.214039 0.999999
v 121.158051 60.960037 0.999999
v 120.904045 60.706036 0.999999
v 119.888046 58.674034 0.999999
v 115.570045 56.388035 0.999999
v 111.506050 53.594032 0.999999
v 107.188042 50.038029 0.999999
v 105.664040 48.260029 0.999999
v 105.156044 48.768032 0.999999
v 105.918037 50.292030 0.999999
v 108.712051 53.086029 0.999999
v 115.570045 58.420033 0.999999
v 123.190056 64.770035 0.999999
v 122.936058 64.516037 0.999999
v 121.412056 62.230038 0.999999
v 116.078049 59.436035 0.999999
v 108.458038 53.340031 0.999999
v 108.204041 54.102032 0.999999
v 109.982048 56.896034 0.999999
v 112.014046 58.674034 0.999999
v 119.634048 63.500038 0.999999
v 121.920059 64.770035 0.999999
v 125.222054 68.580040 0.999999
v 125.730057 68.326035 0.999999
v 125.476059 68.072037 0.999999
v 123.952057 66.040039 0.999999
v 116.840050 62.484039 0.999999
v 112.014046 59.182034 0.999999
v 111.506050 59.436035 0.999999
v 111.760048 59.182034 0.999999
v 111.252045 59.182034 0.999999
v 111.506050 59.436035 0.999999
v 112.014046 60.706036 0.999999
v 115.062050 63.246037 0.999999
v 118.364044 65.278038 0.999999
v 123.952057 68.072037 0.999999
v 138.938065 71.120049 0.999999
v 138.938065 70.866043 0.999999
v 138.684067 44.958027 0.999999
v 136.144058 44.196026 0.999999
v 129.540070 44.450027 0.999999
v 125.984055 45.720028 0.999999
v 123.444054 47.498028 0.999999
v 137.922058 70.358040 0.999999
v 138.430069 71.120049 0.999999
v 128.524063 72.136047 0.999999
v 129.286057 71.882050 0.999999
v 129.032059 71.628044 0.999999
v 126.492058 69.596039 0.999999
v 118.872047 66.040039 0.999999
v 115.570045 64.008041 0.999999
v 115.316048 64.516037 0.999999
v 116.332047 65.786041 0.999999
v 118.618050 67.818039 0.999999
v 124.206055 70.612045 0.999999
v 138.430069 73.406044 0.999999
v 138.684067 73.152046 0.999999
v 138.684067 72.136047 0.999999
v 135.382065 72.136047 0.999999
v 130.810059 70.612045 0.999999
v 129.286057 69.596039 0.999999
v 125.476059 65.532036 0.999999
v 95.758041 9.906006 0.999999
v 94.742035 8.890006 0.999999
v 94.488029 9.144006 0.999999
v 96.266037 12.700007 0.999999
v 102.108040 23.368013 0.999999
v 109.220047 37.592022 0.999999
v 117.094048 51.562031 0.999999
v 122.174057 61.722038 0.999999
v 126.238052 68.072037 0.999999
v 130.810059 72.136047 0.999999
v 134.366058 73.406044 0.999999
v 131.826065 75.184044 0.999999
v 135.128067 74.930046 0.999999
v 135.382065 74.930046 0.999999
v 138.176056 74.676048 0.999999
v 138.176056 74.168045 0.999999
v 134.620056 73.914047 0.999999
v 127.762062 72.390045 0.999999
v 120.142052 69.088036 0.999999
v 119.634048 69.342041 0.999999
v 119.888046 69.088036 0.999999
v 119.380051 69.088036 0.999999
v 119.634048 69.342041 0.999999
v 121.412056 71.120049 0.999999
v 127.000053 74.168045 0.999999
v 70.612022 77.470047 0.999999
v 72.390022 77.216049 0.999999
v 72.390022 76.962044 0.999999
v 71.882027 75.692047 0.999999
v 73.406029 76.454048 0.999999
v 74.168022 76.200043 0.999999
v 75.184029 74.930046 0.999999
v 75.184029 74.168045 0.999999
v 74.168022 72.898048 0.999999
v 72.644028 73.406044 0.999999
v 73.152023 71.374046 0.999999
v 72.390022 70.358040 0.999999
v 70.612022 70.358040 0.999999
v 69.596016 71.628044 0.999999
v 70.358025 73.152046 0.999999
v 68.580017 72.898048 0.999999
v 67.564018 74.422043 0.999999
v 67.818016 75.438049 0.999999
v 68.834015 76.200043 0.999999
v 70.104019 76.200043 0.999999
v 70.866028 75.438049 0.999999
v 102.870041 77.470047 0.999999
v 104.902039 77.216049 0.999999
v 104.648041 76.962044 0.999999
v 104.140038 75.438049 0.999999
v 105.156044 76.200043 0.999999
v 106.426041 76.200043 0.999999
v 107.442039 74.930046 0.999999
v 107.442039 73.660049 0.999999
v 106.680038 72.898048 0.999999
v 105.918037 72.644043 0.999999
v 104.902039 73.152046 0.999999
v 105.664040 72.136047 0.999999
v 105.664040 71.120049 0.999999
v 104.648041 70.104034 0.999999
v 103.124039 70.104034 0.999999
v 102.108040 71.120049 0.999999
v 102.108040 72.390045 0.999999
v 102.870041 73.152046 0.999999
v 101.092041 72.644043 0.999999
v 100.076042 73.660049 0.999999
v 100.076042 75.184044 0.999999
v 100.838043 75.946045 0.999999
v 101.854042 76.200043 0.999999
v 103.124039 75.438049 0.999999
v 116.586044 77.724045 0.999999
v 118.364044 77.470047 0.999999
v 118.364044 77.216049 0.999999
v 117.856049 75.692047 0.999999
v 118.618050 76.454048 0.999999
v 119.634048 76.708046 0.999999
v 121.158051 75.184044 0.999999
v 121.158051 74.168045 0.999999
v 120.396049 73.152046 0.999999
v 118.618050 73.406044 0.999999
v 119.380051 72.136047 0.999999
v 118.618050 70.612045 0.999999
v 116.586044 70.612045 0.999999
v 115.824051 71.374046 0.999999
v 115.824051 72.644043 0.999999
v 116.332047 73.406044 0.999999
v 114.808044 72.898048 0.999999
v 114.046051 73.406044 0.999999
v 113.538048 74.422043 0.999999
v 113.538048 75.184044 0.999999
v 114.808044 76.454048 0.999999
v 116.840050 75.946045 0.999999
v 116.332047 77.216049 0.999999
v 27.686001 82.042046 0.999999
v 28.448000 81.788048 0.999999
v 28.702000 81.788048 0.999999
v 30.480001 81.534042 0.999999
v 29.464001 79.756042 0.999999
v 29.210001 77.724045 0.999999
v 28.702000 77.216049 0.999999
v 27.432001 77.470047 0.999999
v 26.161999 78.740044 0.999999
v 26.161999 79.756042 0.999999
v 26.923998 81.280045 0.999999
v 29.718000 84.074051 0.999999
v 30.734003 83.820053 0.999999
v 30.988003 83.566055 0.999999
v 30.988003 83.058044 0.999999
v 29.972000 82.042046 0.999999
v 28.955999 82.042046 0.999999
v 28.448000 83.058044 0.999999
v 26.161999 85.344055 0.999999
v 27.177999 85.090050 0.999999
v 27.432001 84.836052 0.999999
v 28.702000 84.836052 0.999999
v 28.955999 84.074051 0.999999
v 27.686001 83.058044 0.999999
v 25.907999 80.010048 0.999999
v 25.399998 79.756042 0.999999
v 24.129999 81.280045 0.999999
v 24.129999 82.296043 0.999999
v 95.758041 85.598053 0.999999
v 97.028038 85.344055 0.999999
v 96.266037 83.566055 0.999999
v 97.282043 84.328056 0.999999
v 98.298042 84.328056 0.999999
v 99.822037 82.804047 0.999999
v 99.568039 81.788048 0.999999
v 98.806038 81.026047 0.999999
v 97.536041 80.772049 0.999999
v 96.774040 81.280045 0.999999
v 97.536041 80.264046 0.999999
v 97.536041 79.248047 0.999999
v 96.012039 78.232048 0.999999
v 95.250031 78.232048 0.999999
v 93.980034 79.756042 0.999999
v 93.980034 80.518044 0.999999
v 94.996033 81.534042 0.999999
v 94.234032 81.026047 0.999999
v 93.218033 81.026047 0.999999
v 92.202034 82.042046 0.999999
v 92.202034 83.312050 0.999999
v 93.472031 84.582054 0.999999
v 94.742035 84.328056 0.999999
v 95.504036 83.566055 0.999999
v 94.996033 85.090050 0.999999
v 94.996033 85.598053 0.999999
v 95.504036 85.598053 0.999999
v 29.464001 86.868050 0.999999
v 29.718000 85.852051 0.999999
v 28.955999 85.090050 0.999999
v 27.686001 85.090050 0.999999
v 27.177999 85.852051 0.999999
v 28.194000 86.868050 0.999999
v 29.210001 86.868050 0.999999
v 26.161999 87.630051 0.999999
v 26.415998 87.376053 0.999999
v 26.669998 86.360054 0.999999
v 24.129999 83.566055 0.999999
v 23.367996 84.582054 0.999999
v 23.367996 85.344055 0.999999
v 25.145998 87.630051 0.999999
v 27.177999 88.900055 0.999999
v 28.194000 88.646057 0.999999
v 28.448000 88.392052 0.999999
v 28.702000 87.884056 0.999999
v 27.940001 87.122055 0.999999
v 26.923998 87.122055 0.999999
v 26.415998 88.138054 0.999999
v 49.530014 89.662056 0.999999
v 50.546013 89.408051 0.999999
v 50.800014 89.154053 0.999999
v 50.800014 87.884056 0.999999
v 49.530014 87.630051 0.999999
v 48.768013 88.392052 0.999999
v 49.022015 89.154053 0.999999
v 46.482010 90.170052 0.999999
v 47.244011 89.916054 0.999999
v 47.498009 89.662056 0.999999
v 47.752014 88.392052 0.999999
v 46.482010 87.884056 0.999999
v 45.720009 88.646057 0.999999
v 45.720009 89.408051 0.999999
v 57.912018 90.170052 0.999999
v 58.166016 89.916054 0.999999
v 60.706020 87.376053 0.999999
v 62.484020 84.074051 0.999999
v 63.246021 81.026047 0.999999
v 63.246021 76.200043 0.999999
v 62.230022 72.644043 0.999999
v 60.706020 70.104034 0.999999
v 59.690018 69.088036 0.999999
v 57.912018 69.088036 0.999999
v 57.912018 69.850037 0.999999
v 59.182018 71.374046 0.999999
v 60.452019 73.914047 0.999999
v 61.214020 76.454048 0.999999
v 61.214020 81.280045 0.999999
v 60.452019 83.820053 0.999999
v 59.182018 86.106056 0.999999
v 56.642017 88.900055 0.999999
v 57.404018 90.170052 0.999999
v 24.891998 90.424057 0.999999
v 25.653999 90.170052 0.999999
v 25.907999 89.916054 0.999999
v 26.415998 88.900055 0.999999
v 24.383999 87.122055 0.999999
v 23.621996 87.122055 0.999999
v 23.367996 88.392052 0.999999
v 23.875998 89.408051 0.999999
v 26.669998 91.440056 0.999999
v 27.177999 91.186050 0.999999
v 27.432001 91.186050 0.999999
v 27.940001 90.424057 0.999999
v 27.177999 89.662056 0.999999
v 26.415998 89.662056 0.999999
v 25.907999 90.170052 0.999999
v 25.907999 90.678055 0.999999
v 47.244011 91.694054 0.999999
v 46.990009 91.440056 0.999999
v 46.736012 91.694054 0.999999
v 69.596016 92.202057 0.999999
v 69.596016 91.948051 0.999999
v 69.088020 90.424057 0.999999
v 70.104019 91.186050 0.999999
v 71.374023 91.186050 0.999999
v 72.390022 90.170052 0.999999
v 72.390022 88.900055 0.999999
v 71.628029 87.884056 0.999999
v 70.866028 87.630051 0.999999
v 69.850014 88.138054 0.999999
v 70.358025 87.376053 0.999999
v 70.358025 86.106056 0.999999
v 69.850014 85.344055 0.999999
v 68.072014 85.090050 0.999999
v 67.310020 85.598053 0.999999
v 67.056015 87.376053 0.999999
v 67.818016 88.392052 0.999999
v 66.294014 87.630051 0.999999
v 65.024017 88.646057 0.999999
v 65.024017 90.170052 0.999999
v 65.786018 90.932053 0.999999
v 67.310020 91.186050 0.999999
v 68.326019 90.424057 0.999999
v 67.564018 92.202057 0.999999
v 48.768013 92.710052 0.999999
v 50.038013 92.456055 0.999999
v 50.292015 92.202057 0.999999
v 50.292015 91.186050 0.999999
v 49.784012 90.678055 0.999999
v 48.768013 90.678055 0.999999
v 48.260014 91.186050 0.999999
v 48.260014 92.202057 0.999999
v 28.955999 93.472054 0.999999
v 29.464001 93.218056 0.999999
v 29.718000 92.964050 0.999999
v 39.370007 85.090050 0.999999
v 39.370007 84.328056 0.999999
v 36.830006 81.026047 0.999999
v 31.750004 76.962044 0.999999
v 30.226002 76.454048 0.999999
v 29.718000 77.216049 0.999999
v 29.718000 78.994049 0.999999
v 30.988003 81.280045 0.999999
v 34.036003 83.820053 0.999999
v 34.036003 85.090050 0.999999
v 33.020000 88.392052 0.999999
v 33.274002 84.074051 0.999999
v 32.004002 83.058044 0.999999
v 30.480001 84.836052 0.999999
v 30.226002 86.360054 0.999999
v 28.955999 87.884056 0.999999
v 28.955999 88.646057 0.999999
v 28.194000 89.408051 0.999999
v 28.194000 90.678055 0.999999
v 27.177999 91.948051 0.999999
v 57.912018 93.980057 0.999999
v 58.166016 93.726051 0.999999
v 58.928017 92.964050 0.999999
v 48.768013 79.756042 0.999999
v 47.752014 78.994049 0.999999
v 46.482010 80.264046 0.999999
v 56.896019 93.472054 0.999999
v 44.196011 97.028061 0.999999
v 44.704010 96.774063 0.999999
v 44.958012 96.520058 0.999999
v 46.990009 91.948051 0.999999
v 45.720009 91.694054 0.999999
v 41.148006 92.456055 0.999999
v 40.894005 92.710052 0.999999
v 42.164009 93.726051 0.999999
v 41.656010 95.504051 0.999999
v 43.434010 95.758057 0.999999
v 39.370007 98.044060 0.999999
v 40.640007 97.790062 0.999999
v 40.894005 97.536064 0.999999
v 40.894005 96.520058 0.999999
v 40.386005 96.012062 0.999999
v 39.116005 96.266060 0.999999
v 38.862007 97.536064 0.999999
v 36.322006 98.552063 0.999999
v 37.338005 98.298058 0.999999
v 37.592007 98.044060 0.999999
v 37.592007 97.028061 0.999999
v 36.576008 96.266060 0.999999
v 36.068005 96.520058 0.999999
v 35.560005 97.028061 0.999999
v 35.560005 97.790062 0.999999
v 38.354008 101.346062 0.999999
v 39.370007 101.092064 0.999999
v 39.624004 100.838058 0.999999
v 39.878006 99.822060 0.999999
v 39.370007 99.314064 0.999999
v 38.354008 99.314064 0.999999
v 37.846004 99.822060 0.999999
v 37.846004 100.838058 0.999999
v 137.160065 101.600060 0.999999
v 138.176056 101.346062 0.999999
v 138.430069 101.092064 0.999999
v 138.684067 100.330063 0.999999
v 137.922058 99.568062 0.999999
v 136.906067 99.568062 0.999999
v 136.398056 100.076057 0.999999
v 136.398056 100.838058 0.999999
v 19.049995 102.108063 0.999999
v 19.303995 101.854057 0.999999
v 28.448000 94.234055 0.999999
v 26.669998 92.710052 0.999999
v 25.907999 93.726051 0.999999
v 25.399998 95.758057 0.999999
v 24.637999 96.520058 0.999999
v 23.113997 96.774063 0.999999
v 22.859997 96.266060 0.999999
v 23.113997 93.472054 0.999999
v 23.875998 91.440056 0.999999
v 23.875998 90.424057 0.999999
v 22.859997 88.392052 0.999999
v 23.113997 83.312050 0.999999
v 23.621996 82.550049 0.999999
v 23.621996 81.026047 0.999999
v 25.907999 77.978043 0.999999
v 28.194000 76.708046 0.999999
v 24.129999 74.676048 0.999999
v 22.605997 72.898048 0.999999
v 21.843996 70.866043 0.999999
v 22.351997 67.818039 0.999999
v 28.448000 71.120049 0.999999
v 30.226002 72.898048 0.999999
v 31.496002 75.438049 0.999999
v 33.782001 71.120049 0.999999
v 33.274002 70.612045 0.999999
v 30.988003 70.612045 0.999999
v 30.988003 67.818039 0.999999
v 29.972000 66.294037 0.999999
v 29.972000 64.516037 0.999999
v 31.242002 62.992039 0.999999
v 31.242002 60.198036 0.999999
v 34.036003 60.198036 0.999999
v 35.560005 59.182034 0.999999
v 36.830006 59.182034 0.999999
v 38.608006 60.452034 0.999999
v 41.148006 60.452034 0.999999
v 40.894005 62.738037 0.999999
v 42.418011 64.516037 0.999999
v 42.418011 66.548035 0.999999
v 40.894005 68.326035 0.999999
v 40.894005 70.612045 0.999999
v 38.608006 70.612045 0.999999
v 37.338005 71.628044 0.999999
v 36.322006 71.882050 0.999999
v 35.560005 72.644043 0.999999
v 34.544003 74.930046 0.999999
v 34.544003 75.438049 0.999999
v 35.052006 75.692047 0.999999
v 36.068005 74.930046 0.999999
v 37.846004 74.422043 0.999999
v 45.974010 74.422043 0.999999
v 45.212009 76.200043 0.999999
v 43.688011 77.724045 0.999999
v 40.640007 78.994049 0.999999
v 36.068005 79.502045 0.999999
v 39.878006 84.328056 0.999999
v 40.640007 84.074051 0.999999
v 46.482010 79.248047 0.999999
v 49.276012 76.454048 0.999999
v 52.324013 72.136047 0.999999
v 51.562016 68.072037 0.999999
v 51.562016 61.976040 0.999999
v 52.578014 56.896034 0.999999
v 55.880016 49.022030 0.999999
v 63.754025 37.084023 0.999999
v 67.310020 29.972017 0.999999
v 69.342018 23.876013 0.999999
v 70.866028 17.272009 0.999999
v 71.120026 9.144006 0.999999
v 18.541994 8.890006 0.999999
v 18.287994 102.108063 0.999999
v 88.138031 102.870064 0.999999
v 89.408035 102.616058 0.999999
v 89.408035 102.362061 0.999999
v 90.932030 97.790062 0.999999
v 93.726036 92.710052 0.999999
v 96.266037 89.408051 0.999999
v 101.092041 85.090050 0.999999
v 108.204041 81.534042 0.999999
v 114.554047 80.264046 0.999999
v 121.666054 80.264046 0.999999
v 122.428055 79.248047 0.999999
v 121.158051 78.740044 0.999999
v 118.364044 78.486046 0.999999
v 111.760048 78.994049 0.999999
v 105.156044 81.026047 0.999999
v 99.822037 84.074051 0.999999
v 94.996033 88.392052 0.999999
v 91.440033 93.218056 0.999999
v 89.408035 97.282059 0.999999
v 87.884033 101.854057 0.999999
v 31.496002 104.648064 0.999999
v 31.750004 104.394058 0.999999
v 31.242002 104.394058 0.999999
v 34.290001 105.410065 0.999999
v 34.290001 105.156059 0.999999
v 37.084007 100.076057 0.999999
v 36.576008 99.822060 0.999999
v 30.734003 101.346062 0.999999
v 31.750004 102.616058 0.999999
v 31.496002 104.140060 0.999999
v 33.274002 104.140060 0.999999
v 33.528004 105.410065 0.999999
v 29.210001 106.680061 0.999999
v 30.226002 106.426064 0.999999
v 30.480001 106.172058 0.999999
v 30.734003 105.410065 0.999999
v 29.718000 104.394058 0.999999
v 28.955999 104.648064 0.999999
v 28.448000 105.156059 0.999999
v 28.448000 105.918060 0.999999
v 130.810059 106.680061 0.999999
v 131.318069 106.426064 0.999999
v 131.572067 106.426064 0.999999
v 137.414063 104.902061 0.999999
v 135.890060 103.886063 0.999999
v 136.144058 102.362061 0.999999
v 134.620056 102.108063 0.999999
v 133.350067 100.584061 0.999999
v 132.842056 100.838058 0.999999
v 130.556061 105.918060 0.999999
v 26.669998 106.934059 0.999999
v 27.177999 106.680061 0.999999
v 27.432001 106.426064 0.999999
v 27.686001 105.410065 0.999999
v 26.923998 104.648064 0.999999
v 26.415998 104.648064 0.999999
v 25.653999 105.410065 0.999999
v 25.653999 106.172058 0.999999
v 128.270065 107.188065 0.999999
v 129.032059 106.934059 0.999999
v 129.286057 106.680061 0.999999
v 129.540070 105.410065 0.999999
v 128.270065 104.902061 0.999999
v 127.508057 105.664063 0.999999
v 127.508057 106.426064 0.999999
v 26.669998 108.458061 0.999999
v 26.415998 108.204063 0.999999
v 26.161999 108.458061 0.999999
v 18.795994 108.966072 0.999999
v 19.049995 108.712059 0.999999
v 47.244011 85.598053 0.999999
v 48.768013 84.074051 0.999999
v 47.498009 82.550049 0.999999
v 46.482010 83.312050 0.999999
v 18.541994 106.680061 0.999999
v 18.287994 108.966072 0.999999
v 28.448000 109.474068 0.999999
v 29.464001 109.220070 0.999999
v 29.718000 108.966072 0.999999
v 29.718000 107.950058 0.999999
v 28.955999 107.188065 0.999999
v 28.194000 107.442062 0.999999
v 27.686001 107.950058 0.999999
v 27.686001 108.712059 0.999999
v 130.048065 109.982071 0.999999
v 131.318069 109.728065 0.999999
v 131.572067 109.474068 0.999999
v 131.572067 108.458061 0.999999
v 131.064056 107.950058 0.999999
v 130.048065 107.950058 0.999999
v 129.540070 109.474068 0.999999
v 127.254059 110.236069 0.999999
v 128.270065 109.982071 0.999999
v 128.524063 109.728065 0.999999
v 128.778061 108.712059 0.999999
v 127.762062 107.950058 0.999999
v 127.000053 108.204063 0.999999
v 126.492058 108.966072 0.999999
v 126.746056 109.728065 0.999999
v 24.129999 114.046066 0.999999
v 24.129999 113.792068 0.999999
v 26.415998 108.712059 0.999999
v 25.145998 108.458061 0.999999
v 21.081997 109.474068 0.999999
v 20.319994 109.982071 0.999999
v 21.589996 111.252068 0.999999
v 20.827997 112.776070 0.999999
v 22.859997 113.030067 0.999999
v 23.621996 114.046066 0.999999
v 120.904045 115.062065 0.999999
v 121.920059 114.808067 0.999999
v 122.174057 114.808067 0.999999
v 126.746056 114.046066 0.999999
v 125.730057 113.030067 0.999999
v 126.238052 110.998070 0.999999
v 124.206055 110.744072 0.999999
v 123.444054 109.220070 0.999999
v 120.650047 114.554070 0.999999
v 19.303995 115.316071 0.999999
v 20.573996 115.062065 0.999999
v 20.827997 114.808067 0.999999
v 20.827997 113.792068 0.999999
v 20.319994 113.284065 0.999999
v 19.303995 113.284065 0.999999
v 18.795994 113.792068 0.999999
v 18.795994 114.808067 0.999999
v 117.856049 115.570068 0.999999
v 119.126045 115.316071 0.999999
v 119.380051 115.062065 0.999999
v 119.380051 114.046066 0.999999
v 118.872047 113.538071 0.999999
v 117.856049 113.538071 0.999999
v 117.348045 115.062065 0.999999
v 120.142052 118.618065 0.999999
v 121.158051 118.364067 0.999999
v 121.158051 118.110069 0.999999
v 121.412056 117.094070 0.999999
v 120.650047 116.332069 0.999999
v 119.380051 117.094070 0.999999
v 119.380051 117.856071 0.999999
v 116.840050 118.872070 0.999999
v 117.856049 118.618065 0.999999
v 118.110046 118.364067 0.999999
v 118.364044 117.348068 0.999999
v 117.348045 116.586067 0.999999
v 116.840050 116.840065 0.999999
v 116.332047 117.348068 0.999999
v 116.332047 118.364067 0.999999
v 111.760048 123.190079 0.999999
v 115.824051 122.174080 0.999999
v 114.808044 120.904068 0.999999
v 115.316048 119.380066 0.999999
v 113.284050 119.126068 0.999999
v 112.522049 117.602066 0.999999
v 109.982048 123.190079 0.999999
v 111.506050 123.190079 0.999999
v 19.049995 123.444077 0.999999
v 54.610016 93.726051 0.999999
v 55.626019 92.710052 0.999999
v 54.356018 91.186050 0.999999
v 19.557995 120.142067 0.999999
v 18.287994 121.412071 0.999999
v 18.287994 123.444077 0.999999
v 18.795994 123.444077 0.999999
v 102.616043 123.698074 0.999999
v 103.124039 123.444077 0.999999
v 103.378044 123.190079 0.999999
v 138.176056 94.488052 0.999999
v 138.684067 93.980057 0.999999
v 138.430069 91.948051 0.999999
v 103.886040 120.142067 0.999999
v 101.600037 122.174080 0.999999
v 107.442039 123.952080 0.999999
v 108.458038 123.698074 0.999999
v 108.712051 123.444077 0.999999
v 108.966049 122.428078 0.999999
v 107.950043 121.666077 0.999999
v 107.188042 121.920074 0.999999
v 106.680038 122.682076 0.999999
v 106.934044 123.444077 0.999999
v 130.048065 125.476074 0.999999
v 130.810059 125.222076 0.999999
v 131.064056 125.222076 0.999999
v 131.318069 124.206078 0.999999
v 130.810059 123.698074 0.999999
v 130.048065 123.698074 0.999999
v 129.540070 124.206078 0.999999
v 129.540070 124.968079 0.999999
v 109.728050 126.746078 0.999999
v 110.744049 126.492073 0.999999
v 110.998047 126.238075 0.999999
v 111.252045 125.476074 0.999999
v 110.490051 124.714073 0.999999
v 109.728050 124.714073 0.999999
v 108.966049 125.476074 0.999999
v 108.966049 125.984077 0.999999
v 107.696037 127.000076 0.999999
v 108.204041 126.492073 0.999999
v 108.204041 125.730080 0.999999
v 107.442039 124.968079 0.999999
v 106.680038 124.968079 0.999999
v 105.918037 125.984077 0.999999
v 106.426041 127.000076 0.999999
v 107.442039 127.000076 0.999999
v 129.286057 128.016083 0.999999
v 130.302063 127.762077 0.999999
v 130.556061 127.508080 0.999999
v 130.810059 127.000076 0.999999
v 129.286057 125.984077 0.999999
v 128.524063 126.746078 0.999999
v 128.524063 127.254074 0.999999
v 133.604065 128.016083 0.999999
v 133.604065 127.762077 0.999999
v 133.604065 126.492073 0.999999
v 132.588058 124.968079 0.999999
v 131.826065 124.968079 0.999999
v 130.556061 125.984077 0.999999
v 133.096069 128.016083 0.999999
v 88.138031 129.794083 0.999999
v 89.916031 129.540070 0.999999
v 90.170036 129.540070 0.999999
v 90.932030 128.270081 0.999999
v 89.662033 126.492073 0.999999
v 91.440033 127.254074 0.999999
v 92.710030 126.238075 0.999999
v 92.710030 124.968079 0.999999
v 91.694031 123.698074 0.999999
v 90.424034 123.698074 0.999999
v 89.408035 124.460075 0.999999
v 89.916031 122.428078 0.999999
v 87.884033 122.682076 0.999999
v 88.392036 123.444077 0.999999
v 88.392036 124.460075 0.999999
v 87.884033 123.698074 0.999999
v 86.360031 123.698074 0.999999
v 85.344032 124.714073 0.999999
v 85.344032 126.238075 0.999999
v 86.106033 127.000076 0.999999
v 86.868034 127.254074 0.999999
v 87.884033 126.746078 0.999999
v 87.122032 128.016083 0.999999
v 87.376030 129.032074 0.999999
v 128.016068 130.048080 0.999999
v 129.032059 129.794083 0.999999
v 129.286057 129.794083 0.999999
v 129.540070 129.032074 0.999999
v 128.270065 128.016083 0.999999
v 127.254059 129.032074 0.999999
v 133.350067 131.572083 0.999999
v 133.604065 131.318069 0.999999
v 133.350067 129.032074 0.999999
v 131.318069 127.254074 0.999999
v 130.810059 128.016083 0.999999
v 130.302063 128.016083 0.999999
v 130.048065 128.524078 0.999999
v 132.080063 130.302078 0.999999
v 132.842056 131.572083 0.999999
v 109.982048 132.080078 0.999999
v 110.236046 131.826080 0.999999
v 138.430069 108.966072 0.999999
v 138.684067 106.426064 0.999999
v 138.176056 106.172058 0.999999
v 134.366058 109.220070 0.999999
v 108.458038 130.302078 0.999999
v 108.204041 130.556076 0.999999
v 108.966049 131.572083 0.999999
v 128.270065 132.334076 0.999999
v 128.270065 132.080078 0.999999
v 127.000053 130.810074 0.999999
v 126.492058 131.318069 0.999999
v 126.746056 132.334076 0.999999
v 131.572067 134.620071 0.999999
v 132.334061 134.366074 0.999999
v 132.334061 134.112076 0.999999
v 132.334061 131.826080 0.999999
v 130.556061 129.540070 0.999999
v 128.270065 130.556076 0.999999
v 42.672009 135.636078 0.999999
v 45.720009 135.382080 0.999999
v 52.070015 133.350082 0.999999
v 56.642017 130.810074 0.999999
v 59.944019 128.270081 0.999999
v 63.246021 124.714073 0.999999
v 65.786018 120.904068 0.999999
v 67.818016 116.586067 0.999999
v 68.834015 113.538071 0.999999
v 68.834015 111.760071 0.999999
v 67.818016 111.760071 0.999999
v 67.056015 112.522072 0.999999
v 67.056015 113.538071 0.999999
v 65.786018 117.094070 0.999999
v 62.484020 122.936073 0.999999
v 56.642017 128.778076 0.999999
v 52.070015 131.572083 0.999999
v 47.244011 133.350082 0.999999
v 40.640007 134.366074 0.999999
v 35.560005 134.112076 0.999999
v 34.798000 135.128082 0.999999
v 35.560005 135.636078 0.999999
v 42.418011 135.636078 0.999999
v 109.728050 135.636078 0.999999
v 109.982048 135.382080 0.999999
v 110.744049 134.620071 0.999999
v 100.076042 121.666077 0.999999
v 99.060043 120.904068 0.999999
v 98.044037 122.174080 0.999999
v 107.950043 134.366074 0.999999
v 109.220047 135.636078 0.999999
v 62.484020 136.906082 0.999999
v 63.500023 135.636078 0.999999
v 62.484020 133.858078 0.999999
v 64.262016 134.366074 0.999999
v 65.278015 132.842072 0.999999
v 65.024017 131.572083 0.999999
v 63.754025 130.810074 0.999999
v 61.976021 131.826080 0.999999
v 62.484020 129.794083 0.999999
v 60.706020 129.794083 0.999999
v 60.452019 130.302078 0.999999
v 60.960022 131.826080 0.999999
v 59.944019 131.064072 0.999999
v 58.928017 131.064072 0.999999
v 57.658016 132.842072 0.999999
v 58.928017 134.620071 0.999999
v 60.452019 134.112076 0.999999
v 59.944019 134.874069 0.999999
v 59.944019 136.144073 0.999999
v 60.706020 136.906082 0.999999
v 62.230022 136.906082 0.999999
v 128.524063 137.160080 0.999999
v 130.302063 136.906082 0.999999
v 130.556061 136.906082 0.999999
v 131.064056 136.398071 0.999999
v 131.064056 135.128082 0.999999
v 130.048065 133.350082 0.999999
v 129.286057 132.842072 0.999999
v 126.746056 132.842072 0.999999
v 126.492058 133.350082 0.999999
v 127.762062 134.874069 0.999999
v 128.016068 136.652069 0.999999
v 127.000053 137.668076 0.999999
v 127.000053 137.414078 0.999999
v 126.238052 136.398071 0.999999
v 124.460052 135.636078 0.999999
v 125.222054 135.382080 0.999999
v 127.000053 136.398071 0.999999
v 127.508057 136.144073 0.999999
v 127.508057 135.636078 0.999999
v 124.206055 132.842072 0.999999
v 123.698059 131.572083 0.999999
v 123.444054 128.778076 0.999999
v 123.698059 128.524078 0.999999
v 123.952057 129.286072 0.999999
v 124.460052 132.334076 0.999999
v 125.222054 133.096069 0.999999
v 125.730057 132.842072 0.999999
v 125.730057 131.572083 0.999999
v 127.000053 130.048080 0.999999
v 127.000053 128.270081 0.999999
v 128.270065 127.254074 0.999999
v 128.270065 126.492073 0.999999
v 129.286057 125.222076 0.999999
v 129.032059 124.460075 0.999999
v 129.794067 123.190079 0.999999
v 128.524063 121.666077 0.999999
v 117.602051 130.302078 0.999999
v 121.920059 135.382080 0.999999
v 122.936058 135.636078 0.999999
v 125.730057 137.668076 0.999999
v 19.303995 141.224091 0.999999
v 19.049995 140.970093 0.999999
v 18.795994 141.224091 0.999999
v 37.084007 145.034088 0.999999
v 36.830006 144.780090 0.999999
v 34.036003 142.494095 0.999999
v 31.242002 140.970093 0.999999
v 28.702000 140.208069 0.999999
v 26.161999 139.700073 0.999999
v 21.843996 139.700073 0.999999
v 19.303995 140.970093 0.999999
v 28.194000 141.986084 0.999999
v 36.068005 144.780090 0.999999
v 36.322006 145.034088 0.999999
v 36.830006 144.780090 0.999999
v 36.576008 145.034088 0.999999
v 39.370007 145.034088 0.999999
v 41.148006 144.780090 0.999999
v 41.402008 144.526093 0.999999
v 41.910011 144.018097 0.999999
v 41.656010 142.240097 0.999999
v 42.926010 142.494095 0.999999
v 43.942009 141.224091 0.999999
v 43.688011 139.700073 0.999999
v 42.418011 138.938080 0.999999
v 40.640007 139.700073 0.999999
v 41.148006 138.176071 0.999999
v 40.894005 137.668076 0.999999
v 39.116005 137.922073 0.999999
v 39.624004 139.700073 0.999999
v 38.608006 138.938080 0.999999
v 37.338005 138.938080 0.999999
v 36.322006 140.208069 0.999999
v 36.576008 141.478088 0.999999
v 37.592007 142.494095 0.999999
v 38.862007 142.240097 0.999999
v 38.354008 143.002090 0.999999
v 38.354008 144.018097 0.999999
v 86.360031 145.034088 0.999999
v 87.630035 144.780090 0.999999
v 87.884033 144.780090 0.999999
v 88.900032 143.510086 0.999999
v 88.138031 141.986084 0.999999
v 89.662033 142.494095 0.999999
v 90.932030 140.716080 0.999999
v 90.678032 139.954071 0.999999
v 89.408035 138.938080 0.999999
v 88.646034 138.938080 0.999999
v 87.376030 139.700073 0.999999
v 87.884033 137.668076 0.999999
v 85.598030 137.922073 0.999999
v 86.614029 139.700073 0.999999
v 85.344032 138.938080 0.999999
v 84.582031 138.938080 0.999999
v 83.312035 140.208069 0.999999
v 83.312035 141.478088 0.999999
v 84.328033 142.494095 0.999999
v 85.852036 141.986084 0.999999
v 85.090034 143.510086 0.999999
v 85.344032 144.272095 0.999999
v 37.592007 145.288086 0.999999
v 37.338005 145.034088 0.999999
v 37.084007 145.288086 0.999999
v 53.848015 145.288086 0.999999
v 55.372017 145.034088 0.999999
v 55.626019 144.780090 0.999999
v 56.388016 144.018097 0.999999
v 56.388016 143.256088 0.999999
v 55.626019 142.240097 0.999999
v 56.642017 142.748093 0.999999
v 57.658016 142.494095 0.999999
v 58.420017 141.478088 0.999999
v 58.166016 139.954071 0.999999
v 57.150017 139.192078 0.999999
v 55.626019 139.446075 0.999999
v 55.118019 139.954071 0.999999
v 55.626019 137.922073 0.999999
v 53.594013 138.176071 0.999999
v 54.102013 139.954071 0.999999
v 53.086014 139.192078 0.999999
v 51.562016 139.446075 0.999999
v 50.800014 140.462082 0.999999
v 51.054012 141.986084 0.999999
v 52.070015 142.748093 0.999999
v 53.340015 142.494095 0.999999
v 52.832012 143.256088 0.999999
v 52.832012 144.272095 0.999999
v 97.282043 146.304092 0.999999
v 99.568039 146.050095 0.999999
v 99.314041 145.796097 0.999999
v 97.536041 143.510086 0.999999
v 96.266037 140.970093 0.999999
v 95.504036 137.922073 0.999999
v 95.504036 134.874069 0.999999
v 97.028038 130.302078 0.999999
v 100.330040 126.238075 0.999999
v 100.330040 125.730080 0.999999
v 99.314041 124.714073 0.999999
v 96.774040 127.000076 0.999999
v 94.996033 129.540070 0.999999
v 93.472031 134.620071 0.999999
v 93.726036 139.192078 0.999999
v 95.758041 144.272095 0.999999
v 42.164009 150.876099 0.999999
v 42.164009 150.622086 0.999999
v 40.132008 148.082092 0.999999
v 35.560005 145.288086 0.999999
v 29.464001 143.002090 0.999999
v 27.432001 142.494095 0.999999
v 26.161999 142.748093 0.999999
v 29.210001 144.780090 0.999999
v 33.528004 146.304092 0.999999
v 40.640007 150.368088 0.999999
v 44.196011 155.194092 0.999999
v 44.704010 154.940094 0.999999
v 44.196011 153.924088 0.999999
v 42.418011 152.146088 0.999999
v 39.116005 149.860092 0.999999
v 31.496002 146.050095 0.999999
v 30.734003 146.304092 0.999999
v 32.004002 147.828094 0.999999
v 33.274002 149.098099 0.999999
v 37.338005 150.876099 0.999999
v 43.942009 154.940094 0.999999
v 45.212009 155.448090 0.999999
v 44.958012 155.194092 0.999999
v 44.450008 155.194092 0.999999
v 44.704010 155.448090 0.999999
v 48.514015 161.036087 0.999999
v 48.260014 160.782089 0.999999
v 48.006012 161.036087 0.999999
v 48.260014 160.528091 0.999999
v 47.752014 159.512085 0.999999
v 45.720009 156.972092 0.999999
v 34.544003 150.114090 0.999999
v 34.036003 150.622086 0.999999
v 34.798000 152.146088 0.999999
v 40.894005 155.702087 0.999999
v 47.752014 160.782089 0.999999
v 48.006012 161.036087 0.999999
v 51.054012 166.116089 0.999999
v 51.054012 165.862091 0.999999
v 50.038013 163.576096 0.999999
v 45.974010 160.020096 0.999999
v 39.116005 155.194092 0.999999
v 36.322006 153.670090 0.999999
v 35.814007 153.924088 0.999999
v 36.068005 153.670090 0.999999
v 35.560005 153.670090 0.999999
v 35.814007 153.924088 0.999999
v 37.084007 156.210098 0.999999
v 44.450008 160.782089 0.999999
v 50.546013 166.116089 0.999999
v 21.589996 170.180099 0.999999
v 26.923998 169.926102 0.999999
v 27.177999 169.926102 0.999999
v 30.480001 169.164108 0.999999
v 32.512001 168.148102 0.999999
v 32.766003 167.386108 0.999999
v 18.541994 144.526093 0.999999
v 18.287994 169.418106 0.999999
v 18.795994 169.926102 0.999999
v 54.864017 170.180099 0.999999
v 55.118019 169.926102 0.999999
v 61.722023 164.846085 0.999999
v 51.562016 164.592087 0.999999
v 51.308014 164.846085 0.999999
v 54.102013 170.180099 0.999999
v 53.848015 171.704102 0.999999
v 53.848015 171.450104 0.999999
v 52.832012 169.164108 0.999999
v 48.514015 164.846085 0.999999
v 41.656010 159.512085 0.999999
v 38.862007 157.734085 0.999999
v 37.592007 157.480087 0.999999
v 39.116005 160.274094 0.999999
v 45.720009 164.592087 0.999999
v 53.340015 171.704102 0.999999
v 55.626019 176.276108 0.999999
v 55.626019 176.022110 0.999999
v 55.118019 174.498108 0.999999
v 49.022015 168.402100 0.999999
v 43.180008 163.576096 0.999999
v 40.894005 162.052094 0.999999
v 39.878006 161.798096 0.999999
v 40.640007 163.830093 0.999999
v 41.402008 164.592087 0.999999
v 47.752014 169.164108 0.999999
v 55.118019 176.276108 0.999999
v 57.404018 180.848114 0.999999
v 57.404018 180.594101 0.999999
v 56.134018 178.054108 0.999999
v 49.276012 171.196106 0.999999
v 43.434010 166.370087 0.999999
v 41.910011 165.354095 0.999999
v 41.402008 165.608093 0.999999
v 43.180008 168.656113 0.999999
v 44.196011 169.672104 0.999999
v 48.260014 172.466110 0.999999
v 56.896019 180.848114 0.999999
v 83.312035 185.166107 0.999999
v 83.312035 184.912109 0.999999
v 83.058029 184.404114 0.999999
v 82.550026 184.404114 0.999999
v 82.550026 184.912109 0.999999
v 58.928017 185.420105 0.999999
v 58.928017 185.166107 0.999999
v 58.420017 183.642105 0.999999
v 52.070015 176.784103 0.999999
v 45.720009 171.196106 0.999999
v 44.704010 171.196106 0.999999
v 45.466011 173.228104 0.999999
v 53.340015 180.086105 0.999999
v 58.420017 185.420105 0.999999
v 70.358025 185.674103 0.999999
v 70.612022 185.420105 0.999999
v 70.104019 184.912109 0.999999
v 69.850014 185.674103 0.999999
v 76.962029 185.928101 0.999999
v 77.724022 185.674103 0.999999
v 77.978027 185.420105 0.999999
v 78.486023 184.404114 0.999999
v 77.470024 184.404114 0.999999
v 76.454025 185.420105 0.999999
v 82.296028 185.928101 0.999999
v 82.550026 185.420105 0.999999
v 81.280022 183.896103 0.999999
v 79.248024 184.150101 0.999999
v 78.486023 185.166107 0.999999
v 78.486023 185.928101 0.999999
v 78.994026 185.928101 0.999999
v 79.248024 185.674103 0.999999
v 79.756027 184.912109 0.999999
v 80.772026 184.658112 0.999999
v 63.500023 186.436111 0.999999
v 64.516014 186.182114 0.999999
v 64.770020 185.928101 0.999999
v 65.278015 184.912109 0.999999
v 63.754025 184.912109 0.999999
v 62.992020 185.928101 0.999999
v 65.532021 186.436111 0.999999
v 66.802017 185.166107 0.999999
v 67.818016 184.912109 0.999999
v 69.088020 186.182114 0.999999
v 69.596016 186.182114 0.999999
v 69.596016 185.928101 0.999999
v 67.818016 184.150101 0.999999
v 66.294014 184.404114 0.999999
v 65.278015 185.674103 0.999999
v 80.010025 189.230103 0.999999
v 81.788025 188.976105 0.999999
v 82.042023 188.976105 0.999999
v 83.312035 187.960114 0.999999
v 83.312035 186.944107 0.999999
v 81.534027 187.452103 0.999999
v 76.962029 187.706100 0.999999
v 60.198017 189.484100 0.999999
v 60.198017 189.230103 0.999999
v 59.690018 187.706100 0.999999
v 57.404018 185.166107 0.999999
v 48.768013 176.784103 0.999999
v 47.498009 175.768112 0.999999
v 46.990009 176.022110 0.999999
v 48.260014 178.562103 0.999999
v 51.054012 180.848114 0.999999
v 59.690018 189.484100 0.999999
v 66.294014 189.484100 0.999999
v 67.564018 189.230103 0.999999
v 67.818016 189.230103 0.999999
v 69.596016 188.722107 0.999999
v 70.104019 188.214111 0.999999
v 69.850014 187.706100 0.999999
v 63.246021 187.706100 0.999999
v 63.246021 188.214111 0.999999
v 64.770020 188.976105 0.999999
v 78.232025 191.516113 0.999999
v 82.042023 191.262100 0.999999
v 82.296028 191.262100 0.999999
v 83.566032 190.246109 0.999999
v 83.312035 188.976105 0.999999
v 81.534027 189.484100 0.999999
v 79.502022 189.484100 0.999999
v 76.454025 187.960114 0.999999
v 76.200027 189.738113 0.999999
v 77.216026 191.008102 0.999999
v 61.214020 193.548126 0.999999
v 61.214020 193.294128 0.999999
v 60.706020 191.516113 0.999999
v 55.880016 186.436111 0.999999
v 50.292015 181.102112 0.999999
v 49.784012 181.356110 0.999999
v 51.308014 184.150101 0.999999
v 60.706020 193.548126 0.999999
v 61.468021 197.358124 0.999999
v 61.976021 197.104126 0.999999
v 61.976021 196.850128 0.999999
v 61.722023 195.580124 0.999999
v 58.166016 191.770111 0.999999
v 53.340015 186.944107 0.999999
v 52.832012 187.198105 0.999999
v 54.102013 189.738113 0.999999
v 62.738022 201.168121 0.999999
v 62.738022 200.914124 0.999999
v 62.738022 199.898117 0.999999
v 62.230022 199.136124 0.999999
v 56.134018 192.786118 0.999999
v 55.626019 192.786118 0.999999
v 55.880016 192.532120 0.999999
v 55.372017 192.532120 0.999999
v 55.626019 192.786118 0.999999
v 58.420017 197.104126 0.999999
v 62.230022 201.168121 0.999999
v 74.676025 204.216125 0.999999
v 74.676025 203.962128 0.999999
v 76.962029 199.136124 0.999999
v 78.232025 197.358124 0.999999
v 80.264023 195.072128 0.999999
v 83.820030 192.278122 0.999999
v 83.566032 191.770111 0.999999
v 81.026024 192.786118 0.999999
v 78.232025 192.532120 0.999999
v 76.454025 191.262100 0.999999
v 75.692024 189.484100 0.999999
v 75.692024 185.928101 0.999999
v 77.470024 180.340103 0.999999
v 77.724022 178.308105 0.999999
v 75.692024 176.276108 0.999999
v 75.438026 174.498108 0.999999
v 75.692024 175.260101 0.999999
v 78.486023 177.800110 0.999999
v 78.486023 179.070114 0.999999
v 77.470024 182.118103 0.999999
v 78.232025 182.372101 0.999999
v 80.772026 181.102112 0.999999
v 77.978027 182.880112 0.999999
v 77.470024 183.642105 0.999999
v 78.232025 183.896103 0.999999
v 79.502022 183.388107 0.999999
v 83.058029 183.388107 0.999999
v 83.058029 180.086105 0.999999
v 82.296028 175.768112 0.999999
v 80.010025 167.894104 0.999999
v 78.740028 165.354095 0.999999
v 77.216026 163.322098 0.999999
v 75.438026 161.798096 0.999999
v 74.168022 161.290085 0.999999
v 71.120026 161.290085 0.999999
v 67.056015 162.560089 0.999999
v 62.738022 164.846085 0.999999
v 58.166016 168.148102 0.999999
v 54.864017 171.196106 0.999999
v 59.690018 185.166107 0.999999
v 60.452019 185.928101 0.999999
v 61.468021 185.928101 0.999999
v 64.008018 184.404114 0.999999
v 66.802017 183.642105 0.999999
v 70.358025 184.404114 0.999999
v 70.612022 183.896103 0.999999
v 66.548019 180.086105 0.999999
v 69.088020 181.610107 0.999999
v 70.866028 183.388107 0.999999
v 71.374023 184.404114 0.999999
v 71.374023 188.214111 0.999999
v 68.834015 189.738113 0.999999
v 64.770020 189.738113 0.999999
v 63.246021 188.976105 0.999999
v 60.960022 186.944107 0.999999
v 60.452019 187.198105 0.999999
v 60.452019 188.214111 0.999999
v 61.214020 189.992111 0.999999
v 63.246021 191.516113 0.999999
v 67.564018 192.024124 0.999999
v 71.120026 191.008102 0.999999
v 71.882027 191.262100 0.999999
v 71.628029 192.024124 0.999999
v 68.834015 193.040115 0.999999
v 64.770020 192.786118 0.999999
v 61.976021 191.516113 0.999999
v 61.722023 192.532120 0.999999
v 62.230022 193.040115 0.999999
v 66.294014 194.564117 0.999999
v 69.088020 196.596115 0.999999
v 71.882027 199.644119 0.999999
v 74.168022 204.216125 0.999999
v 61.468021 204.978119 0.999999
v 61.214020 204.724121 0.999999
v 36.322006 156.210098 0.999999
v 33.020000 150.114090 0.999999
v 30.988003 147.320099 0.999999
v 28.194000 144.780090 0.999999
v 24.129999 142.494095 0.999999
v 21.081997 141.732086 0.999999
v 19.049995 141.732086 0.999999
v 18.287994 142.494095 0.999999
v 25.145998 144.272095 0.999999
v 27.940001 146.050095 0.999999
v 30.480001 148.844086 0.999999
v 44.704010 175.260101 0.999999
v 59.944019 204.978119 0.999999
v 63.246021 204.978119 0.999999
v 63.246021 204.724121 0.999999
v 62.992020 202.946121 0.999999
v 59.944019 199.390121 0.999999
v 58.928017 198.882126 0.999999
v 61.976021 204.978119 0.999999
v 73.660027 204.978119 0.999999
v 73.660027 204.724121 0.999999
v 71.882027 200.660126 0.999999
v 68.072014 196.596115 0.999999
v 64.262016 194.310120 0.999999
v 62.992020 193.802124 0.999999
v 62.230022 194.056122 0.999999
v 62.230022 194.818115 0.999999
v 62.992020 195.580124 0.999999
v 65.532021 196.596115 0.999999
v 67.310020 197.866119 0.999999
v 70.866028 201.676117 0.999999
v 72.644028 204.978119 0.999999
v 80.772026 204.978119 0.999999
v 81.026024 204.724121 0.999999
v 82.296028 201.930115 0.999999
v 83.820030 200.152115 0.999999
v 83.820030 199.136124 0.999999
v 83.312035 198.882126 0.999999
v 81.788025 200.406128 0.999999
v 79.756027 203.708115 0.999999
v 79.502022 204.978119 0.999999
v 27.177999 205.232117 0.999999
v 27.177999 204.978119 0.999999
v 27.432001 196.850128 0.999999
v 25.907999 187.198105 0.999999
v 24.383999 182.626114 0.999999
v 22.097996 177.546112 0.999999
v 18.795994 172.212112 0.999999
v 18.287994 172.212112 0.999999
v 18.287994 205.232117 0.999999
v 66.040016 205.232117 0.999999
v 67.310020 204.978119 0.999999
v 67.056015 204.724121 0.999999
v 64.770020 201.930115 0.999999
v 63.754025 201.930115 0.999999
v 64.008018 203.200119 0.999999
v 68.326019 205.232117 0.999999
v 69.596016 204.978119 0.999999
v 69.596016 204.724121 0.999999
v 68.072014 202.438126 0.999999
v 66.294014 200.660126 0.999999
v 64.008018 198.882126 0.999999
v 63.500023 199.136124 0.999999
v 63.500023 200.152115 0.999999
v 66.548019 202.692123 0.999999
v 70.612022 205.232117 0.999999
v 71.628029 204.978119 0.999999
v 71.628029 204.724121 0.999999
v 69.596016 201.168121 0.999999
v 66.294014 197.866119 0.999999
v 64.262016 196.596115 0.999999
v 62.738022 196.596115 0.999999
v 62.738022 197.104126 0.999999
v 63.754025 198.120117 0.999999
v 66.294014 199.644119 0.999999
v 68.326019 201.676117 0.999999
v 75.692024 205.232117 0.999999
v 76.708023 204.978119 0.999999
v 76.962029 204.724121 0.999999
v 77.470024 202.438126 0.999999
v 79.502022 198.882126 0.999999
v 82.296028 195.834122 0.999999
v 84.074036 194.564117 0.999999
v 84.074036 193.802124 0.999999
v 83.566032 193.294128 0.999999
v 82.296028 194.056122 0.999999
v 79.756027 196.596115 0.999999
v 77.216026 200.152115 0.999999
v 75.184029 204.724121 0.999999
v 77.724022 205.232117 0.999999
v 78.740028 204.978119 0.999999
v 78.740028 204.724121 0.999999
v 80.010025 201.676117 0.999999
v 83.820030 197.104126 0.999999
v 83.566032 196.088120 0.999999
v 82.296028 196.596115 0.999999
v 78.740028 201.168121 0.999999
v 77.470024 203.962128 0.999999
v 82.296028 205.486115 0.999999
v 82.804024 205.232117 0.999999
v 83.058029 204.978119 0.999999
v 83.566032 204.216125 0.999999
v 83.566032 202.438126 0.999999
v 83.058029 202.184128 0.999999
v 81.788025 204.724121 0.999999
v 85.852036 205.486115 0.999999
v 138.684067 205.232117 0.999999
v 138.684067 204.978119 0.999999
v 138.430069 113.538071 0.999999
v 129.032059 121.158066 0.999999
v 130.556061 122.682076 0.999999
v 131.318069 121.666077 0.999999
v 132.080063 119.380066 0.999999
v 133.350067 118.364067 0.999999
v 134.366058 118.872070 0.999999
v 134.112061 121.158066 0.999999
v 132.842056 124.206078 0.999999
v 134.112061 126.746078 0.999999
v 133.858063 132.334076 0.999999
v 130.810059 137.414078 0.999999
v 128.016068 137.668076 0.999999
v 127.762062 138.176071 0.999999
v 131.318069 139.700073 0.999999
v 134.366058 141.986084 0.999999
v 135.128067 143.764099 0.999999
v 135.128067 147.574097 0.999999
v 132.588058 145.542099 0.999999
v 128.778061 143.764099 0.999999
v 127.254059 141.986084 0.999999
v 125.984055 139.192078 0.999999
v 123.444054 144.018097 0.999999
v 125.476059 144.272095 0.999999
v 125.476059 146.558090 0.999999
v 127.000053 148.336090 0.999999
v 127.254059 150.114090 0.999999
v 125.730057 152.146088 0.999999
v 125.476059 154.432098 0.999999
v 123.444054 154.686096 0.999999
v 122.174057 155.956085 0.999999
v 119.888046 155.956085 0.999999
v 118.364044 154.686096 0.999999
v 115.824051 154.686096 0.999999
v 115.570045 151.892090 0.999999
v 114.554047 150.368088 0.999999
v 114.554047 148.590088 0.999999
v 115.824051 147.066086 0.999999
v 115.824051 144.272095 0.999999
v 118.364044 144.272095 0.999999
v 119.380051 143.256088 0.999999
v 121.412056 143.002090 0.999999
v 122.936058 139.700073 0.999999
v 122.174057 139.446075 0.999999
v 120.904045 140.208069 0.999999
v 118.618050 140.716080 0.999999
v 110.998047 140.716080 0.999999
v 110.998047 140.208069 0.999999
v 111.506050 139.192078 0.999999
v 114.046051 136.906082 0.999999
v 120.904045 135.382080 0.999999
v 116.840050 131.064072 0.999999
v 112.522049 134.366074 0.999999
v 106.934044 139.954071 0.999999
v 104.902039 142.494095 0.999999
v 105.410042 146.558090 0.999999
v 105.410042 151.384094 0.999999
v 104.902039 155.194092 0.999999
v 103.124039 161.290085 0.999999
v 100.584038 166.624100 0.999999
v 92.202034 179.070114 0.999999
v 88.646034 185.674103 0.999999
v 86.614029 192.278122 0.999999
v 85.598030 199.390121 0.999999
v 140.208069 206.756119 0.999999
v 139.954056 206.756119 0.999999
v 16.763992 206.756119 0.999999
v 16.763992 7.620005 0.999999
v 140.208069 7.620005 0.999999
v 92.456032 10.668007 -0.999999
v 92.456032 10.414006 -0.999999
v 92.202034 8.890006 -0.999999
v 90.932030 9.144006 -0.999999
v 91.186035 9.906006 -0.999999
v 91.948036 10.668007 -0.999999
v 73.660027 11.938006 -0.999999
v 73.914024 11.684007 -0.999999
v 74.930023 9.397996 -0.999999
v 74.422028 8.890006 -0.999999
v 73.660027 8.890006 -0.999999
v 73.152023 9.397996 -0.999999
v 73.152023 11.938006 -0.999999
v 92.456032 13.716008 -0.999999
v 92.964035 13.462008 -0.999999
v 92.964035 13.208008 -0.999999
v 92.964035 12.446008 -0.999999
v 90.170036 9.144006 -0.999999
v 88.900032 9.144006 -0.999999
v 89.916031 11.176006 -0.999999
v 73.406029 15.494010 -0.999999
v 73.660027 15.240009 -0.999999
v 74.930023 13.716008 -0.999999
v 76.708023 10.414006 -0.999999
v 76.962029 9.397996 -0.999999
v 75.946022 8.890006 -0.999999
v 74.676025 11.684007 -0.999999
v 73.152023 13.716008 -0.999999
v 72.898026 15.494010 -0.999999
v 97.028038 15.494010 -0.999999
v 96.774040 15.240009 -0.999999
v 96.520042 15.494010 -0.999999
v 96.774040 14.986009 -0.999999
v 94.234032 10.160006 -0.999999
v 93.726036 9.652006 -0.999999
v 93.218033 10.160006 -0.999999
v 93.472031 11.430007 -0.999999
v 94.996033 13.970009 -0.999999
v 96.266037 15.240009 -0.999999
v 96.520042 15.494010 -0.999999
v 92.964035 16.510010 -0.999999
v 93.726036 16.256010 -0.999999
v 93.726036 16.002010 -0.999999
v 93.218033 14.986009 -0.999999
v 89.408035 11.430007 -0.999999
v 87.630035 8.890006 -0.999999
v 86.614029 9.144006 -0.999999
v 87.122032 10.922007 -0.999999
v 89.408035 13.970009 -0.999999
v 91.948036 16.002010 -0.999999
v 73.406029 19.050011 -0.999999
v 73.660027 18.796011 -0.999999
v 75.692024 16.764009 -0.999999
v 77.978027 13.208008 -0.999999
v 79.248024 9.652006 -0.999999
v 78.486023 8.890006 -0.999999
v 77.978027 9.144006 -0.999999
v 77.470024 9.652006 -0.999999
v 76.200027 13.208008 -0.999999
v 72.898026 17.018009 -0.999999
v 72.644028 18.796011 -0.999999
v 93.980034 19.050011 -0.999999
v 94.234032 18.796011 -0.999999
v 93.472031 17.272009 -0.999999
v 91.694031 16.510010 -0.999999
v 89.408035 14.732009 -0.999999
v 86.868034 11.430007 -0.999999
v 86.106033 9.652006 -0.999999
v 85.344032 8.890006 -0.999999
v 84.328033 8.890006 -0.999999
v 84.074036 9.652006 -0.999999
v 85.090034 11.684007 -0.999999
v 87.630035 14.986009 -0.999999
v 91.186035 18.034012 -0.999999
v 92.964035 19.050011 -0.999999
v 94.742035 21.336014 -0.999999
v 94.742035 21.082014 -0.999999
v 94.234032 20.066011 -0.999999
v 91.440033 18.796011 -0.999999
v 88.900032 17.018009 -0.999999
v 85.852036 13.716008 -0.999999
v 83.820030 9.652006 -0.999999
v 83.058029 8.890006 -0.999999
v 82.296028 9.397996 -0.999999
v 82.804024 11.176006 -0.999999
v 85.090034 14.986009 -0.999999
v 88.646034 18.796011 -0.999999
v 93.472031 21.336014 -0.999999
v 73.152023 21.590014 -0.999999
v 73.660027 21.336014 -0.999999
v 73.914024 21.082014 -0.999999
v 77.724022 17.526009 -0.999999
v 79.502022 14.732009 -0.999999
v 81.280022 10.160006 -0.999999
v 81.280022 9.397996 -0.999999
v 80.772026 8.890006 -0.999999
v 80.010025 8.890006 -0.999999
v 79.248024 11.938006 -0.999999
v 77.470024 15.240009 -0.999999
v 74.930023 18.542011 -0.999999
v 72.898026 20.320011 -0.999999
v 72.644028 21.082014 -0.999999
v 100.838043 22.860014 -0.999999
v 100.584038 22.606014 -0.999999
v 100.330040 22.860014 -0.999999
v 100.584038 22.098013 -0.999999
v 100.076042 21.082014 -0.999999
v 97.028038 16.764009 -0.999999
v 94.742035 14.478008 -0.999999
v 94.234032 14.732009 -0.999999
v 94.234032 15.240009 -0.999999
v 94.996033 16.764009 -0.999999
v 100.076042 22.606014 -0.999999
v 100.330040 22.860014 -0.999999
v 73.152023 23.114014 -0.999999
v 73.406029 22.860014 -0.999999
v 72.898026 22.860014 -0.999999
v 80.518028 26.924015 -0.999999
v 80.518028 26.670015 -0.999999
v 80.264023 24.892015 -0.999999
v 78.232025 23.368013 -0.999999
v 74.676025 23.368013 -0.999999
v 72.644028 24.638016 -0.999999
v 72.898026 26.670015 -0.999999
v 73.914024 25.908016 -0.999999
v 76.962029 25.654015 -0.999999
v 79.756027 26.924015 -0.999999
v 93.472031 27.940018 -0.999999
v 94.488029 27.686018 -0.999999
v 94.234032 27.432016 -0.999999
v 91.948036 26.162016 -0.999999
v 88.138031 25.908016 -0.999999
v 86.868034 26.416016 -0.999999
v 85.852036 27.686018 -0.999999
v 86.614029 27.940018 -0.999999
v 89.154030 26.924015 -0.999999
v 92.456032 27.432016 -0.999999
v 73.406029 28.448017 -0.999999
v 73.660027 28.194017 -0.999999
v 75.184029 27.432016 -0.999999
v 77.724022 27.432016 -0.999999
v 79.502022 27.940018 -0.999999
v 79.756027 27.432016 -0.999999
v 78.740028 26.670015 -0.999999
v 75.692024 25.908016 -0.999999
v 73.914024 26.416016 -0.999999
v 72.644028 27.686018 -0.999999
v 72.644028 28.448017 -0.999999
v 103.886040 28.448017 -0.999999
v 103.632042 28.194017 -0.999999
v 103.378044 28.448017 -0.999999
v 103.632042 27.940018 -0.999999
v 102.870041 26.416016 -0.999999
v 98.298042 21.336014 -0.999999
v 95.504036 18.542011 -0.999999
v 94.996033 18.796011 -0.999999
v 95.250031 19.812012 -0.999999
v 100.838043 26.162016 -0.999999
v 103.124039 28.194017 -0.999999
v 103.378044 28.448017 -0.999999
v 86.868034 29.972017 -0.999999
v 86.614029 29.718018 -0.999999
v 86.106033 29.972017 -0.999999
v 79.502022 30.480019 -0.999999
v 79.756027 30.226017 -0.999999
v 80.010025 29.464018 -0.999999
v 79.502022 28.956017 -0.999999
v 78.740028 29.210016 -0.999999
v 78.232025 30.480019 -0.999999
v 73.660027 30.988020 -0.999999
v 74.422028 30.734018 -0.999999
v 74.168022 30.480019 -0.999999
v 73.660027 29.972017 -0.999999
v 73.152023 30.480019 -0.999999
v 88.646034 30.988020 -0.999999
v 89.916031 30.734018 -0.999999
v 90.170036 30.734018 -0.999999
v 91.476334 29.645416 -0.999999
v 91.186035 30.226017 -0.999999
v 92.202034 30.226017 -0.999999
v 92.456032 30.226017 -0.999999
v 93.472031 29.464018 -0.999999
v 93.218033 28.956017 -0.999999
v 91.694031 29.210016 -0.999999
v 91.643234 29.311617 -0.999999
v 91.440033 28.702017 -0.999999
v 90.932030 28.702017 -0.999999
v 89.408035 29.972017 -0.999999
v 88.646034 29.972017 -0.999999
v 87.376030 28.956017 -0.999999
v 86.614029 29.210016 -0.999999
v 87.630035 30.480019 -0.999999
v 77.216026 31.242020 -0.999999
v 78.232025 29.972017 -0.999999
v 77.978027 28.956017 -0.999999
v 76.200027 30.480019 -0.999999
v 74.676025 29.210016 -0.999999
v 74.168022 29.464018 -0.999999
v 74.168022 29.972017 -0.999999
v 75.438026 31.242020 -0.999999
v 76.962029 31.242020 -0.999999
v 106.934044 34.290020 -0.999999
v 106.934044 34.036018 -0.999999
v 105.918037 32.004021 -0.999999
v 98.552040 24.638016 -0.999999
v 96.774040 22.352013 -0.999999
v 95.758041 22.352013 -0.999999
v 96.520042 24.384016 -0.999999
v 99.568039 27.940018 -0.999999
v 104.394043 32.766018 -0.999999
v 106.426041 34.290020 -0.999999
v 109.220047 39.624023 -0.999999
v 109.728050 39.370022 -0.999999
v 109.474045 39.116024 -0.999999
v 108.458038 37.084023 -0.999999
v 102.870041 32.004021 -0.999999
v 97.028038 25.908016 -0.999999
v 97.028038 27.686018 -0.999999
v 100.076042 31.242020 -0.999999
v 107.188042 38.100021 -0.999999
v 138.684067 42.164028 -0.999999
v 138.684067 41.910027 -0.999999
v 138.684067 9.144006 -0.999999
v 129.794067 8.890006 -0.999999
v 129.286057 10.922007 -0.999999
v 129.540070 18.796011 -0.999999
v 131.318069 28.194017 -0.999999
v 134.874069 37.084023 -0.999999
v 137.414063 41.148022 -0.999999
v 138.176056 42.164028 -0.999999
v 111.760048 44.450027 -0.999999
v 112.268051 44.196026 -0.999999
v 112.014046 43.942028 -0.999999
v 111.252045 42.164028 -0.999999
v 105.156044 37.084023 -0.999999
v 98.044037 29.972017 -0.999999
v 98.044037 31.242020 -0.999999
v 101.092041 35.052017 -0.999999
v 107.950043 41.656025 -0.999999
v 114.554047 48.768032 -0.999999
v 114.554047 48.514030 -0.999999
v 113.792046 46.990028 -0.999999
v 112.268051 45.466026 -0.999999
v 106.680038 41.402023 -0.999999
v 99.568039 34.036018 -0.999999
v 99.060043 34.290020 -0.999999
v 99.568039 35.560024 -0.999999
v 101.346039 37.846024 -0.999999
v 106.680038 43.180027 -0.999999
v 112.268051 47.752026 -0.999999
v 113.792046 48.768032 -0.999999
v 105.156044 50.038029 -0.999999
v 105.156044 49.784031 -0.999999
v 102.616043 44.450027 -0.999999
v 102.108040 44.196026 -0.999999
v 98.298042 47.752026 -0.999999
v 94.996033 50.038029 -0.999999
v 86.614029 53.086029 -0.999999
v 88.900032 52.578030 -0.999999
v 94.488029 49.530029 -0.999999
v 98.806038 46.228027 -0.999999
v 101.854042 43.180027 -0.999999
v 96.520042 29.210016 -0.999999
v 94.742035 29.464018 -0.999999
v 91.186035 31.242020 -0.999999
v 88.900032 31.242020 -0.999999
v 86.106033 30.480019 -0.999999
v 85.852036 30.988020 -0.999999
v 89.154030 34.290020 -0.999999
v 87.630035 33.528019 -0.999999
v 85.344032 31.242020 -0.999999
v 85.344032 28.194017 -0.999999
v 84.836029 27.432016 -0.999999
v 87.884033 25.400015 -0.999999
v 90.170036 25.146015 -0.999999
v 92.710030 25.908016 -0.999999
v 95.758041 28.194017 -0.999999
v 96.012039 26.416016 -0.999999
v 95.250031 24.130014 -0.999999
v 93.472031 23.368013 -0.999999
v 88.900032 22.860014 -0.999999
v 85.344032 23.876013 -0.999999
v 84.836029 23.622013 -0.999999
v 85.598030 22.606014 -0.999999
v 87.884033 21.844013 -0.999999
v 90.932030 22.098013 -0.999999
v 94.488029 23.368013 -0.999999
v 94.996033 23.114014 -0.999999
v 94.996033 22.606014 -0.999999
v 94.488029 22.098013 -0.999999
v 93.726036 22.098013 -0.999999
v 90.424034 20.574011 -0.999999
v 88.138031 19.050011 -0.999999
v 85.090034 16.002010 -0.999999
v 82.042023 11.176006 -0.999999
v 81.534027 11.430007 -0.999999
v 81.026024 13.208008 -0.999999
v 78.740028 17.018009 -0.999999
v 73.152023 22.606014 -0.999999
v 73.914024 22.860014 -0.999999
v 74.930023 22.352013 -0.999999
v 77.978027 22.352013 -0.999999
v 79.248024 22.860014 -0.999999
v 80.518028 24.130014 -0.999999
v 80.772026 29.210016 -0.999999
v 78.994026 34.798019 -0.999999
v 78.740028 36.830025 -0.999999
v 80.772026 38.862022 -0.999999
v 81.026024 40.386024 -0.999999
v 80.772026 39.624023 -0.999999
v 78.994026 38.608025 -0.999999
v 77.978027 37.338024 -0.999999
v 79.248024 33.020020 -0.999999
v 78.994026 32.766018 -0.999999
v 76.454025 34.036018 -0.999999
v 78.486023 32.512020 -0.999999
v 78.994026 31.496019 -0.999999
v 73.660027 31.496019 -0.999999
v 73.406029 34.798019 -0.999999
v 75.692024 44.450027 -0.999999
v 78.740028 50.546032 -0.999999
v 80.772026 52.578030 -0.999999
v 81.788025 53.086029 -0.999999
v 86.360031 53.086029 -0.999999
v 116.840050 53.086029 -0.999999
v 116.840050 52.832031 -0.999999
v 116.078049 51.308029 -0.999999
v 114.808044 50.038029 -0.999999
v 108.712051 45.720028 -0.999999
v 101.854042 39.116024 -0.999999
v 101.346039 39.116024 -0.999999
v 101.346039 40.132023 -0.999999
v 102.108040 41.402023 -0.999999
v 106.172043 45.466026 -0.999999
v 113.284050 51.308029 -0.999999
v 115.570045 52.832031 -0.999999
v 118.872047 57.658035 -0.999999
v 119.380051 57.404034 -0.999999
v 119.380051 57.150036 -0.999999
v 117.602051 54.610035 -0.999999
v 109.220047 48.768032 -0.999999
v 103.632042 43.688026 -0.999999
v 103.124039 43.942028 -0.999999
v 104.140038 46.228027 -0.999999
v 109.982048 51.562031 -0.999999
v 117.348045 56.896034 -0.999999
v 120.396049 61.214039 -0.999999
v 121.158051 60.960037 -0.999999
v 120.904045 60.706036 -0.999999
v 119.888046 58.674034 -0.999999
v 115.570045 56.388035 -0.999999
v 111.506050 53.594032 -0.999999
v 107.188042 50.038029 -0.999999
v 105.664040 48.260029 -0.999999
v 105.156044 48.768032 -0.999999
v 105.918037 50.292030 -0.999999
v 108.712051 53.086029 -0.999999
v 115.570045 58.420033 -0.999999
v 123.190056 64.770035 -0.999999
v 122.936058 64.516037 -0.999999
v 121.412056 62.230038 -0.999999
v 116.078049 59.436035 -0.999999
v 108.458038 53.340031 -0.999999
v 108.204041 54.102032 -0.999999
v 109.982048 56.896034 -0.999999
v 112.014046 58.674034 -0.999999
v 119.634048 63.500038 -0.999999
v 121.920059 64.770035 -0.999999
v 125.222054 68.580040 -0.999999
v 125.730057 68.326035 -0.999999
v 125.476059 68.072037 -0.999999
v 123.952057 66.040039 -0.999999
v 116.840050 62.484039 -0.999999
v 112.014046 59.182034 -0.999999
v 111.506050 59.436035 -0.999999
v 111.760048 59.182034 -0.999999
v 111.252045 59.182034 -0.999999
v 111.506050 59.436035 -0.999999
v 112.014046 60.706036 -0.999999
v 115.062050 63.246037 -0.999999
v 118.364044 65.278038 -0.999999
v 123.952057 68.072037 -0.999999
v 138.938065 71.120049 -0.999999
v 138.938065 70.866043 -0.999999
v 138.684067 44.958027 -0.999999
v 136.144058 44.196026 -0.999999
v 129.540070 44.450027 -0.999999
v 125.984055 45.720028 -0.999999
v 123.444054 47.498028 -0.999999
v 137.922058 70.358040 -0.999999
v 138.430069 71.120049 -0.999999
v 128.524063 72.136047 -0.999999
v 129.286057 71.882050 -0.999999
v 129.032059 71.628044 -0.999999
v 126.492058 69.596039 -0.999999
v 118.872047 66.040039 -0.999999
v 115.570045 64.008041 -0.999999
v 115.316048 64.516037 -0.999999
v 116.332047 65.786041 -0.999999
v 118.618050 67.818039 -0.999999
v 124.206055 70.612045 -0.999999
v 138.430069 73.406044 -0.999999
v 138.684067 73.152046 -0.999999
v 138.684067 72.136047 -0.999999
v 135.382065 72.136047 -0.999999
v 130.810059 70.612045 -0.999999
v 129.286057 69.596039 -0.999999
v 125.476059 65.532036 -0.999999
v 95.758041 9.906006 -0.999999
v 94.742035 8.890006 -0.999999
v 94.488029 9.144006 -0.999999
v 96.266037 12.700007 -0.999999
v 102.108040 23.368013 -0.999999
v 109.220047 37.592022 -0.999999
v 117.094048 51.562031 -0.999999
v 122.174057 61.722038 -0.999999
v 126.238052 68.072037 -0.999999
v 130.810059 72.136047 -0.999999
v 134.366058 73.406044 -0.999999
v 131.826065 75.184044 -0.999999
v 135.128067 74.930046 -0.999999
v 135.382065 74.930046 -0.999999
v 138.176056 74.676048 -0.999999
v 138.176056 74.168045 -0.999999
v 134.620056 73.914047 -0.999999
v 127.762062 72.390045 -0.999999
v 120.142052 69.088036 -0.999999
v 119.634048 69.342041 -0.999999
v 119.888046 69.088036 -0.999999
v 119.380051 69.088036 -0.999999
v 119.634048 69.342041 -0.999999
v 121.412056 71.120049 -0.999999
v 127.000053 74.168045 -0.999999
v 70.612022 77.470047 -0.999999
v 72.390022 77.216049 -0.999999
v 72.390022 76.962044 -0.999999
v 71.882027 75.692047 -0.999999
v 73.406029 76.454048 -0.999999
v 74.168022 76.200043 -0.999999
v 75.184029 74.930046 -0.999999
v 75.184029 74.168045 -0.999999
v 74.168022 72.898048 -0.999999
v 72.644028 73.406044 -0.999999
v 73.152023 71.374046 -0.999999
v 72.390022 70.358040 -0.999999
v 70.612022 70.358040 -0.999999
v 69.596016 71.628044 -0.999999
v 70.358025 73.152046 -0.999999
v 68.580017 72.898048 -0.999999
v 67.564018 74.422043 -0.999999
v 67.818016 75.438049 -0.999999
v 68.834015 76.200043 -0.999999
v 70.104019 76.200043 -0.999999
v 70.866028 75.438049 -0.999999
v 102.870041 77.470047 -0.999999
v 104.902039 77.216049 -0.999999
v 104.648041 76.962044 -0.999999
v 104.140038 75.438049 -0.999999
v 105.156044 76.200043 -0.999999
v 106.426041 76.200043 -0.999999
v 107.442039 74.930046 -0.999999
v 107.442039 73.660049 -0.999999
v 106.680038 72.898048 -0.999999
v 105.918037 72.644043 -0.999999
v 104.902039 73.152046 -0.999999
v 105.664040 72.136047 -0.999999
v 105.664040 71.120049 -0.999999
v 104.648041 70.104034 -0.999999
v 103.124039 70.104034 -0.999999
v 102.108040 71.120049 -0.999999
v 102.108040 72.390045 -0.999999
v 102.870041 73.152046 -0.999999
v 101.092041 72.644043 -0.999999
v 100.076042 73.660049 -0.999999
v 100.076042 75.184044 -0.999999
v 100.838043 75.946045 -0.999999
v 101.854042 76.200043 -0.999999
v 103.124039 75.438049 -0.999999
v 116.586044 77.724045 -0.999999
v 118.364044 77.470047 -0.999999
v 118.364044 77.216049 -0.999999
v 117.856049 75.692047 -0.999999
v 118.618050 76.454048 -0.999999
v 119.634048 76.708046 -0.999999
v 121.158051 75.184044 -0.999999
v 121.158051 74.168045 -0.999999
v 120.396049 73.152046 -0.999999
v 118.618050 73.406044 -0.999999
v 119.380051 72.136047 -0.999999
v 118.618050 70.612045 -0.999999
v 116.586044 70.612045 -0.999999
v 115.824051 71.374046 -0.999999
v 115.824051 72.644043 -0.999999
v 116.332047 73.406044 -0.999999
v 114.808044 72.898048 -0.999999
v 114.046051 73.406044 -0.999999
v 113.538048 74.422043 -0.999999
v 113.538048 75.184044 -0.999999
v 114.808044 76.454048 -0.999999
v 116.840050 75.946045 -0.999999
v 116.332047 77.216049 -0.999999
v 27.686001 82.042046 -0.999999
v 28.448000 81.788048 -0.999999
v 28.702000 81.788048 -0.999999
v 30.480001 81.534042 -0.999999
v 29.464001 79.756042 -0.999999
v 29.210001 77.724045 -0.999999
v 28.702000 77.216049 -0.999999
v 27.432001 77.470047 -0.999999
v 26.161999 78.740044 -0.999999
v 26.161999 79.756042 -0.999999
v 26.923998 81.280045 -0.999999
v 29.718000 84.074051 -0.999999
v 30.734003 83.820053 -0.999999
v 30.988003 83.566055 -0.999999
v 30.988003 83.058044 -0.999999
v 29.972000 82.042046 -0.999999
v 28.955999 82.042046 -0.999999
v 28.448000 83.058044 -0.999999
v 26.161999 85.344055 -0.999999
v 27.177999 85.090050 -0.999999
v 27.432001 84.836052 -0.999999
v 28.702000 84.836052 -0.999999
v 28.955999 84.074051 -0.999999
v 27.686001 83.058044 -0.999999
v 25.907999 80.010048 -0.999999
v 25.399998 79.756042 -0.999999
v 24.129999 81.280045 -0.999999
v 24.129999 82.296043 -0.999999
v 95.758041 85.598053 -0.999999
v 97.028038 85.344055 -0.999999
v 96.266037 83.566055 -0.999999
v 97.282043 84.328056 -0.999999
v 98.298042 84.328056 -0.999999
v 99.822037 82.804047 -0.999999
v 99.568039 81.788048 -0.999999
v 98.806038 81.026047 -0.999999
v 97.536041 80.772049 -0.999999
v 96.774040 81.280045 -0.999999
v 97.536041 80.264046 -0.999999
v 97.536041 79.248047 -0.999999
v 96.012039 78.232048 -0.999999
v 95.250031 78.232048 -0.999999
v 93.980034 79.756042 -0.999999
v 93.980034 80.518044 -0.999999
v 94.996033 81.534042 -0.999999
v 94.234032 81.026047 -0.999999
v 93.218033 81.026047 -0.999999
v 92.202034 82.042046 -0.999999
v 92.202034 83.312050 -0.999999
v 93.472031 84.582054 -0.999999
v 94.742035 84.328056 -0.999999
v 95.504036 83.566055 -0.999999
v 94.996033 85.090050 -0.999999
v 94.996033 85.598053 -0.999999
v 95.504036 85.598053 -0.999999
v 29.464001 86.868050 -0.999999
v 29.718000 85.852051 -0.999999
v 28.955999 85.090050 -0.999999
v 27.686001 85.090050 -0.999999
v 27.177999 85.852051 -0.999999
v 28.194000 86.868050 -0.999999
v 29.210001 86.868050 -0.999999
v 26.161999 87.630051 -0.999999
v 26.415998 87.376053 -0.999999
v 26.669998 86.360054 -0.999999
v 24.129999 83.566055 -0.999999
v 23.367996 84.582054 -0.999999
v 23.367996 85.344055 -0.999999
v 25.145998 87.630051 -0.999999
v 27.177999 88.900055 -0.999999
v 28.194000 88.646057 -0.999999
v 28.448000 88.392052 -0.999999
v 28.702000 87.884056 -0.999999
v 27.940001 87.122055 -0.999999
v 26.923998 87.122055 -0.999999
v 26.415998 88.138054 -0.999999
v 49.530014 89.662056 -0.999999
v 50.546013 89.408051 -0.999999
v 50.800014 89.154053 -0.999999
v 50.800014 87.884056 -0.999999
v 49.530014 87.630051 -0.999999
v 48.768013 88.392052 -0.999999
v 49.022015 89.154053 -0.999999
v 46.482010 90.170052 -0.999999
v 47.244011 89.916054 -0.999999
v 47.498009 89.662056 -0.999999
v 47.752014 88.392052 -0.999999
v 46.482010 87.884056 -0.999999
v 45.720009 88.646057 -0.999999
v 45.720009 89.408051 -0.999999
v 57.912018 90.170052 -0.999999
v 58.166016 89.916054 -0.999999
v 60.706020 87.376053 -0.999999
v 62.484020 84.074051 -0.999999
v 63.246021 81.026047 -0.999999
v 63.246021 76.200043 -0.999999
v 62.230022 72.644043 -0.999999
v 60.706020 70.104034 -0.999999
v 59.690018 69.088036 -0.999999
v 57.912018 69.088036 -0.999999
v 57.912018 69.850037 -0.999999
v 59.182018 71.374046 -0.999999
v 60.452019 73.914047 -0.999999
v 61.214020 76.454048 -0.999999
v 61.214020 81.280045 -0.999999
v 60.452019 83.820053 -0.999999
v 59.182018 86.106056 -0.999999
v 56.642017 88.900055 -0.999999
v 57.404018 90.170052 -0.999999
v 24.891998 90.424057 -0.999999
v 25.653999 90.170052 -0.999999
v 25.907999 89.916054 -0.999999
v 26.415998 88.900055 -0.999999
v 24.383999 87.122055 -0.999999
v 23.621996 87.122055 -0.999999
v 23.367996 88.392052 -0.999999
v 23.875998 89.408051 -0.999999
v 26.669998 91.440056 -0.999999
v 27.177999 91.186050 -0.999999
v 27.432001 91.186050 -0.999999
v 27.940001 90.424057 -0.999999
v 27.177999 89.662056 -0.999999
v 26.415998 89.662056 -0.999999
v 25.907999 90.170052 -0.999999
v 25.907999 90.678055 -0.999999
v 47.244011 91.694054 -0.999999
v 46.990009 91.440056 -0.999999
v 46.736012 91.694054 -0.999999
v 69.596016 92.202057 -0.999999
v 69.596016 91.948051 -0.999999
v 69.088020 90.424057 -0.999999
v 70.104019 91.186050 -0.999999
v 71.374023 91.186050 -0.999999
v 72.390022 90.170052 -0.999999
v 72.390022 88.900055 -0.999999
v 71.628029 87.884056 -0.999999
v 70.866028 87.630051 -0.999999
v 69.850014 88.138054 -0.999999
v 70.358025 87.376053 -0.999999
v 70.358025 86.106056 -0.999999
v 69.850014 85.344055 -0.999999
v 68.072014 85.090050 -0.999999
v 67.310020 85.598053 -0.999999
v 67.056015 87.376053 -0.999999
v 67.818016 88.392052 -0.999999
v 66.294014 87.630051 -0.999999
v 65.024017 88.646057 -0.999999
v 65.024017 90.170052 -0.999999
v 65.786018 90.932053 -0.999999
v 67.310020 91.186050 -0.999999
v 68.326019 90.424057 -0.999999
v 67.564018 92.202057 -0.999999
v 48.768013 92.710052 -0.999999
v 50.038013 92.456055 -0.999999
v 50.292015 92.202057 -0.999999
v 50.292015 91.186050 -0.999999
v 49.784012 90.678055 -0.999999
v 48.768013 90.678055 -0.999999
v 48.260014 91.186050 -0.999999
v 48.260014 92.202057 -0.999999
v 28.955999 93.472054 -0.999999
v 29.464001 93.218056 -0.999999
v 29.718000 92.964050 -0.999999
v 39.370007 85.090050 -0.999999
v 39.370007 84.328056 -0.999999
v 36.830006 81.026047 -0.999999
v 31.750004 76.962044 -0.999999
v 30.226002 76.454048 -0.999999
v 29.718000 77.216049 -0.999999
v 29.718000 78.994049 -0.999999
v 30.988003 81.280045 -0.999999
v 34.036003 83.820053 -0.999999
v 34.036003 85.090050 -0.999999
v 33.020000 88.392052 -0.999999
v 33.274002 84.074051 -0.999999
v 32.004002 83.058044 -0.999999
v 30.480001 84.836052 -0.999999
v 30.226002 86.360054 -0.999999
v 28.955999 87.884056 -0.999999
v 28.955999 88.646057 -0.999999
v 28.194000 89.408051 -0.999999
v 28.194000 90.678055 -0.999999
v 27.177999 91.948051 -0.999999
v 57.912018 93.980057 -0.999999
v 58.166016 93.726051 -0.999999
v 58.928017 92.964050 -0.999999
v 48.768013 79.756042 -0.999999
v 47.752014 78.994049 -0.999999
v 46.482010 80.264046 -0.999999
v 56.896019 93.472054 -0.999999
v 44.196011 97.028061 -0.999999
v 44.704010 96.774063 -0.999999
v 44.958012 96.520058 -0.999999
v 46.990009 91.948051 -0.999999
v 45.720009 91.694054 -0.999999
v 41.148006 92.456055 -0.999999
v 40.894005 92.710052 -0.999999
v 42.164009 93.726051 -0.999999
v 41.656010 95.504051 -0.999999
v 43.434010 95.758057 -0.999999
v 39.370007 98.044060 -0.999999
v 40.640007 97.790062 -0.999999
v 40.894005 97.536064 -0.999999
v 40.894005 96.520058 -0.999999
v 40.386005 96.012062 -0.999999
v 39.116005 96.266060 -0.999999
v 38.862007 97.536064 -0.999999
v 36.322006 98.552063 -0.999999
v 37.338005 98.298058 -0.999999
v 37.592007 98.044060 -0.999999
v 37.592007 97.028061 -0.999999
v 36.576008 96.266060 -0.999999
v 36.068005 96.520058 -0.999999
v 35.560005 97.028061 -0.999999
v 35.560005 97.790062 -0.999999
v 38.354008 101.346062 -0.999999
v 39.370007 101.092064 -0.999999
v 39.624004 100.838058 -0.999999
v 39.878006 99.822060 -0.999999
v 39.370007 99.314064 -0.999999
v 38.354008 99.314064 -0.999999
v 37.846004 99.822060 -0.999999
v 37.846004 100.838058 -0.999999
v 137.160065 101.600060 -0.999999
v 138.176056 101.346062 -0.999999
v 138.430069 101.092064 -0.999999
v 138.684067 100.330063 -0.999999
v 137.922058 99.568062 -0.999999
v 136.906067 99.568062 -0.999999
v 136.398056 100.076057 -0.999999
v 136.398056 100.838058 -0.999999
v 19.049995 102.108063 -0.999999
v 19.303995 101.854057 -0.999999
v 28.448000 94.234055 -0.999999
v 26.669998 92.710052 -0.999999
v 25.907999 93.726051 -0.999999
v 25.399998 95.758057 -0.999999
v 24.637999 96.520058 -0.999999
v 23.113997 96.774063 -0.999999
v 22.859997 96.266060 -0.999999
v 23.113997 93.472054 -0.999999
v 23.875998 91.440056 -0.999999
v 23.875998 90.424057 -0.999999
v 22.859997 88.392052 -0.999999
v 23.113997 83.312050 -0.999999
v 23.621996 82.550049 -0.999999
v 23.621996 81.026047 -0.999999
v 25.907999 77.978043 -0.999999
v 28.194000 76.708046 -0.999999
v 24.129999 74.676048 -0.999999
v 22.605997 72.898048 -0.999999
v 21.843996 70.866043 -0.999999
v 22.351997 67.818039 -0.999999
v 28.448000 71.120049 -0.999999
v 30.226002 72.898048 -0.999999
v 31.496002 75.438049 -0.999999
v 33.782001 71.120049 -0.999999
v 33.274002 70.612045 -0.999999
v 30.988003 70.612045 -0.999999
v 30.988003 67.818039 -0.999999
v 29.972000 66.294037 -0.999999
v 29.972000 64.516037 -0.999999
v 31.242002 62.992039 -0.999999
v 31.242002 60.198036 -0.999999
v 34.036003 60.198036 -0.999999
v 35.560005 59.182034 -0.999999
v 36.830006 59.182034 -0.999999
v 38.608006 60.452034 -0.999999
v 41.148006 60.452034 -0.999999
v 40.894005 62.738037 -0.999999
v 42.418011 64.516037 -0.999999
v 42.418011 66.548035 -0.999999
v 40.894005 68.326035 -0.999999
v 40.894005 70.612045 -0.999999
v 38.608006 70.612045 -0.999999
v 37.338005 71.628044 -0.999999
v 36.322006 71.882050 -0.999999
v 35.560005 72.644043 -0.999999
v 34.544003 74.930046 -0.999999
v 34.544003 75.438049 -0.999999
v 35.052006 75.692047 -0.999999
v 36.068005 74.930046 -0.999999
v 37.846004 74.422043 -0.999999
v 45.974010 74.422043 -0.999999
v 45.212009 76.200043 -0.999999
v 43.688011 77.724045 -0.999999
v 40.640007 78.994049 -0.999999
v 36.068005 79.502045 -0.999999
v 39.878006 84.328056 -0.999999
v 40.640007 84.074051 -0.999999
v 46.482010 79.248047 -0.999999
v 49.276012 76.454048 -0.999999
v 52.324013 72.136047 -0.999999
v 51.562016 68.072037 -0.999999
v 51.562016 61.976040 -0.999999
v 52.578014 56.896034 -0.999999
v 55.880016 49.022030 -0.999999
v 63.754025 37.084023 -0.999999
v 67.310020 29.972017 -0.999999
v 69.342018 23.876013 -0.999999
v 70.866028 17.272009 -0.999999
v 71.120026 9.144006 -0.999999
v 18.541994 8.890006 -0.999999
v 18.287994 102.108063 -0.999999
v 88.138031 102.870064 -0.999999
v 89.408035 102.616058 -0.999999
v 89.408035 102.362061 -0.999999
v 90.932030 97.790062 -0.999999
v 93.726036 92.710052 -0.999999
v 96.266037 89.408051 -0.999999
v 101.092041 85.090050 -0.999999
v 108.204041 81.534042 -0.999999
v 114.554047 80.264046 -0.999999
v 121.666054 80.264046 -0.999999
v 122.428055 79.248047 -0.999999
v 121.158051 78.740044 -0.999999
v 118.364044 78.486046 -0.999999
v 111.760048 78.994049 -0.999999
v 105.156044 81.026047 -0.999999
v 99.822037 84.074051 -0.999999
v 94.996033 88.392052 -0.999999
v 91.440033 93.218056 -0.999999
v 89.408035 97.282059 -0.999999
v 87.884033 101.854057 -0.999999
v 31.496002 104.648064 -0.999999
v 31.750004 104.394058 -0.999999
v 31.242002 104.394058 -0.999999
v 34.290001 105.410065 -0.999999
v 34.290001 105.156059 -0.999999
v 37.084007 100.076057 -0.999999
v 36.576008 99.822060 -0.999999
v 30.734003 101.346062 -0.999999
v 31.750004 102.616058 -0.999999
v 31.496002 104.140060 -0.999999
v 33.274002 104.140060 -0.999999
v 33.528004 105.410065 -0.999999
v 29.210001 106.680061 -0.999999
v 30.226002 106.426064 -0.999999
v 30.480001 106.172058 -0.999999
v 30.734003 105.410065 -0.999999
v 29.718000 104.394058 -0.999999
v 28.955999 104.648064 -0.999999
v 28.448000 105.156059 -0.999999
v 28.448000 105.918060 -0.999999
v 130.810059 106.680061 -0.999999
v 131.318069 106.426064 -0.999999
v 131.572067 106.426064 -0.999999
v 137.414063 104.902061 -0.999999
v 135.890060 103.886063 -0.999999
v 136.144058 102.362061 -0.999999
v 134.620056 102.108063 -0.999999
v 133.350067 100.584061 -0.999999
v 132.842056 100.838058 -0.999999
v 130.556061 105.918060 -0.999999
v 26.669998 106.934059 -0.999999
v 27.177999 106.680061 -0.999999
v 27.432001 106.426064 -0.999999
v 27.686001 105.410065 -0.999999
v 26.923998 104.648064 -0.999999
v 26.415998 104.648064 -0.999999
v 25.653999 105.410065 -0.999999
v 25.653999 106.172058 -0.999999
v 128.270065 107.188065 -0.999999
v 129.032059 106.934059 -0.999999
v 129.286057 106.680061 -0.999999
v 129.540070 105.410065 -0.999999
v 128.270065 104.902061 -0.999999
v 127.508057 105.664063 -0.999999
v 127.508057 106.426064 -0.999999
v 26.669998 108.458061 -0.999999
v 26.415998 108.204063 -0.999999
v 26.161999 108.458061 -0.999999
v 18.795994 108.966072 -0.999999
v 19.049995 108.712059 -0.999999
v 47.244011 85.598053 -0.999999
v 48.768013 84.074051 -0.999999
v 47.498009 82.550049 -0.999999
v 46.482010 83.312050 -0.999999
v 18.541994 106.680061 -0.999999
v 18.287994 108.966072 -0.999999
v 28.448000 109.474068 -0.999999
v 29.464001 109.220070 -0.999999
v 29.718000 108.966072 -0.999999
v 29.718000 107.950058 -0.999999
v 28.955999 107.188065 -0.999999
v 28.194000 107.442062 -0.999999
v 27.686001 107.950058 -0.999999
v 27.686001 108.712059 -0.999999
v 130.048065 109.982071 -0.999999
v 131.318069 109.728065 -0.999999
v 131.572067 109.474068 -0.999999
v 131.572067 108.458061 -0.999999
v 131.064056 107.950058 -0.999999
v 130.048065 107.950058 -0.999999
v 129.540070 109.474068 -0.999999
v 127.254059 110.236069 -0.999999
v 128.270065 109.982071 -0.999999
v 128.524063 109.728065 -0.999999
v 128.778061 108.712059 -0.999999
v 127.762062 107.950058 -0.999999
v 127.000053 108.204063 -0.999999
v 126.492058 108.966072 -0.999999
v 126.746056 109.728065 -0.999999
v 24.129999 114.046066 -0.999999
v 24.129999 113.792068 -0.999999
v 26.415998 108.712059 -0.999999
v 25.145998 108.458061 -0.999999
v 21.081997 109.474068 -0.999999
v 20.319994 109.982071 -0.999999
v 21.589996 111.252068 -0.999999
v 20.827997 112.776070 -0.999999
v 22.859997 113.030067 -0.999999
v 23.621996 114.046066 -0.999999
v 120.904045 115.062065 -0.999999
v 121.920059 114.808067 -0.999999
v 122.174057 114.808067 -0.999999
v 126.746056 114.046066 -0.999999
v 125.730057 113.030067 -0.999999
v 126.238052 110.998070 -0.999999
v 124.206055 110.744072 -0.999999
v 123.444054 109.220070 -0.999999
v 120.650047 114.554070 -0.999999
v 19.303995 115.316071 -0.999999
v 20.573996 115.062065 -0.999999
v 20.827997 114.808067 -0.999999
v 20.827997 113.792068 -0.999999
v 20.319994 113.284065 -0.999999
v 19.303995 113.284065 -0.999999
v 18.795994 113.792068 -0.999999
v 18.795994 114.808067 -0.999999
v 117.856049 115.570068 -0.999999
v 119.126045 115.316071 -0.999999
v 119.380051 115.062065 -0.999999
v 119.380051 114.046066 -0.999999
v 118.872047 113.538071 -0.999999
v 117.856049 113.538071 -0.999999
v 117.348045 115.062065 -0.999999
v 120.142052 118.618065 -0.999999
v 121.158051 118.364067 -0.999999
v 121.158051 118.110069 -0.999999
v 121.412056 117.094070 -0.999999
v 120.650047 116.332069 -0.999999
v 119.380051 117.094070 -0.999999
v 119.380051 117.856071 -0.999999
v 116.840050 118.872070 -0.999999
v 117.856049 118.618065 -0.999999
v 118.110046 118.364067 -0.999999
v 118.364044 117.348068 -0.999999
v 117.348045 116.586067 -0.999999
v 116.840050 116.840065 -0.999999
v 116.332047 117.348068 -0.999999
v 116.332047 118.364067 -0.999999
v 111.760048 123.190079 -0.999999
v 115.824051 122.174080 -0.999999
v 114.808044 120.904068 -0.999999
v 115.316048 119.380066 -0.999999
v 113.284050 119.126068 -0.999999
v 112.522049 117.602066 -0.999999
v 109.982048 123.190079 -0.999999
v 111.506050 123.190079 -0.999999
v 19.049995 123.444077 -0.999999
v 54.610016 93.726051 -0.999999
v 55.626019 92.710052 -0.999999
v 54.356018 91.186050 -0.999999
v 19.557995 120.142067 -0.999999
v 18.287994 121.412071 -0.999999
v 18.287994 123.444077 -0.999999
v 18.795994 123.444077 -0.999999
v 102.616043 123.698074 -0.999999
v 103.124039 123.444077 -0.999999
v 103.378044 123.190079 -0.999999
v 138.176056 94.488052 -0.999999
v 138.684067 93.980057 -0.999999
v 138.430069 91.948051 -0.999999
v 103.886040 120.142067 -0.999999
v 101.600037 122.174080 -0.999999
v 107.442039 123.952080 -0.999999
v 108.458038 123.698074 -0.999999
v 108.712051 123.444077 -0.999999
v 108.966049 122.428078 -0.999999
v 107.950043 121.666077 -0.999999
v 107.188042 121.920074 -0.999999
v 106.680038 122.682076 -0.999999
v 106.934044 123.444077 -0.999999
v 130.048065 125.476074 -0.999999
v 130.810059 125.222076 -0.999999
v 131.064056 125.222076 -0.999999
v 131.318069 124.206078 -0.999999
v 130.810059 123.698074 -0.999999
v 130.048065 123.698074 -0.999999
v 129.540070 124.206078 -0.999999
v 129.540070 124.968079 -0.999999
v 109.728050 126.746078 -0.999999
v 110.744049 126.492073 -0.999999
v 110.998047 126.238075 -0.999999
v 111.252045 125.476074 -0.999999
v 110.490051 124.714073 -0.999999
v 109.728050 124.714073 -0.999999
v 108.966049 125.476074 -0.999999
v 108.966049 125.984077 -0.999999
v 107.696037 127.000076 -0.999999
v 108.204041 126.492073 -0.999999
v 108.204041 125.730080 -0.999999
v 107.442039 124.968079 -0.999999
v 106.680038 124.968079 -0.999999
v 105.918037 125.984077 -0.999999
v 106.426041 127.000076 -0.999999
v 107.442039 127.000076 -0.999999
v 129.286057 128.016083 -0.999999
v 130.302063 127.762077 -0.999999
v 130.556061 127.508080 -0.999999
v 130.810059 127.000076 -0.999999
v 129.286057 125.984077 -0.999999
v 128.524063 126.746078 -0.999999
v 128.524063 127.254074 -0.999999
v 133.604065 128.016083 -0.999999
v 133.604065 127.762077 -0.999999
v 133.604065 126.492073 -0.999999
v 132.588058 124.968079 -0.999999
v 131.826065 124.968079 -0.999999
v 130.556061 125.984077 -0.999999
v 133.096069 128.016083 -0.999999
v 88.138031 129.794083 -0.999999
v 89.916031 129.540070 -0.999999
v 90.170036 129.540070 -0.999999
v 90.932030 128.270081 -0.999999
v 89.662033 126.492073 -0.999999
v 91.440033 127.254074 -0.999999
v 92.710030 126.238075 -0.999999
v 92.710030 124.968079 -0.999999
v 91.694031 123.698074 -0.999999
v 90.424034 123.698074 -0.999999
v 89.408035 124.460075 -0.999999
v 89.916031 122.428078 -0.999999
v 87.884033 122.682076 -0.999999
v 88.392036 123.444077 -0.999999
v 88.392036 124.460075 -0.999999
v 87.884033 123.698074 -0.999999
v 86.360031 123.698074 -0.999999
v 85.344032 124.714073 -0.999999
v 85.344032 126.238075 -0.999999
v 86.106033 127.000076 -0.999999
v 86.868034 127.254074 -0.999999
v 87.884033 126.746078 -0.999999
v 87.122032 128.016083 -0.999999
v 87.376030 129.032074 -0.999999
v 128.016068 130.048080 -0.999999
v 129.032059 129.794083 -0.999999
v 129.286057 129.794083 -0.999999
v 129.540070 129.032074 -0.999999
v 128.270065 128.016083 -0.999999
v 127.254059 129.032074 -0.999999
v 133.350067 131.572083 -0.999999
v 133.604065 131.318069 -0.999999
v 133.350067 129.032074 -0.999999
v 131.318069 127.254074 -0.999999
v 130.810059 128.016083 -0.999999
v 130.302063 128.016083 -0.999999
v 130.048065 128.524078 -0.999999
v 132.080063 130.302078 -0.999999
v 132.842056 131.572083 -0.999999
v 109.982048 132.080078 -0.999999
v 110.236046 131.826080 -0.999999
v 138.430069 108.966072 -0.999999
v 138.684067 106.426064 -0.999999
v 138.176056 106.172058 -0.999999
v 134.366058 109.220070 -0.999999
v 108.458038 130.302078 -0.999999
v 108.204041 130.556076 -0.999999
v 108.966049 131.572083 -0.999999
v 128.270065 132.334076 -0.999999
v 128.270065 132.080078 -0.999999
v 127.000053 130.810074 -0.999999
v 126.492058 131.318069 -0.999999
v 126.746056 132.334076 -0.999999
v 131.572067 134.620071 -0.999999
v 132.334061 134.366074 -0.999999
v 132.334061 134.112076 -0.999999
v 132.334061 131.826080 -0.999999
v 130.556061 129.540070 -0.999999
v 128.270065 130.556076 -0.999999
v 42.672009 135.636078 -0.999999
v 45.720009 135.382080 -0.999999
v 52.070015 133.350082 -0.999999
v 56.642017 130.810074 -0.999999
v 59.944019 128.270081 -0.999999
v 63.246021 124.714073 -0.999999
v 65.786018 120.904068 -0.999999
v 67.818016 116.586067 -0.999999
v 68.834015 113.538071 -0.999999
v 68.834015 111.760071 -0.999999
v 67.818016 111.760071 -0.999999
v 67.056015 112.522072 -0.999999
v 67.056015 113.538071 -0.999999
v 65.786018 117.094070 -0.999999
v 62.484020 122.936073 -0.999999
v 56.642017 128.778076 -0.999999
v 52.070015 131.572083 -0.999999
v 47.244011 133.350082 -0.999999
v 40.640007 134.366074 -0.999999
v 35.560005 134.112076 -0.999999
v 34.798000 135.128082 -0.999999
v 35.560005 135.636078 -0.999999
v 42.418011 135.636078 -0.999999
v 109.728050 135.636078 -0.999999
v 109.982048 135.382080 -0.999999
v 110.744049 134.620071 -0.999999
v 100.076042 121.666077 -0.999999
v 99.060043 120.904068 -0.999999
v 98.044037 122.174080 -0.999999
v 107.950043 134.366074 -0.999999
v 109.220047 135.636078 -0.999999
v 62.484020 136.906082 -0.999999
v 63.500023 135.636078 -0.999999
v 62.484020 133.858078 -0.999999
v 64.262016 134.366074 -0.999999
v 65.278015 132.842072 -0.999999
v 65.024017 131.572083 -0.999999
v 63.754025 130.810074 -0.999999
v 61.976021 131.826080 -0.999999
v 62.484020 129.794083 -0.999999
v 60.706020 129.794083 -0.999999
v 60.452019 130.302078 -0.999999
v 60.960022 131.826080 -0.999999
v 59.944019 131.064072 -0.999999
v 58.928017 131.064072 -0.999999
v 57.658016 132.842072 -0.999999
v 58.928017 134.620071 -0.999999
v 60.452019 134.112076 -0.999999
v 59.944019 134.874069 -0.999999
v 59.944019 136.144073 -0.999999
v 60.706020 136.906082 -0.999999
v 62.230022 136.906082 -0.999999
v 128.524063 137.160080 -0.999999
v 130.302063 136.906082 -0.999999
v 130.556061 136.906082 -0.999999
v 131.064056 136.398071 -0.999999
v 131.064056 135.128082 -0.999999
v 130.048065 133.350082 -0.999999
v 129.286057 132.842072 -0.999999
v 126.746056 132.842072 -0.999999
v 126.492058 133.350082 -0.999999
v 127.762062 134.874069 -0.999999
v 128.016068 136.652069 -0.999999
v 127.000053 137.668076 -0.999999
v 127.000053 137.414078 -0.999999
v 126.238052 136.398071 -0.999999
v 124.460052 135.636078 -0.999999
v 125.222054 135.382080 -0.999999
v 127.000053 136.398071 -0.999999
v 127.508057 136.144073 -0.999999
v 127.508057 135.636078 -0.999999
v 124.206055 132.842072 -0.999999
v 123.698059 131.572083 -0.999999
v 123.444054 128.778076 -0.999999
v 123.698059 128.524078 -0.999999
v 123.952057 129.286072 -0.999999
v 124.460052 132.334076 -0.999999
v 125.222054 133.096069 -0.999999
v 125.730057 132.842072 -0.999999
v 125.730057 131.572083 -0.999999
v 127.000053 130.048080 -0.999999
v 127.000053 128.270081 -0.999999
v 128.270065 127.254074 -0.999999
v 128.270065 126.492073 -0.999999
v 129.286057 125.222076 -0.999999
v 129.032059 124.460075 -0.999999
v 129.794067 123.190079 -0.999999
v 128.524063 121.666077 -0.999999
v 117.602051 130.302078 -0.999999
v 121.920059 135.382080 -0.999999
v 122.936058 135.636078 -0.999999
v 125.730057 137.668076 -0.999999
v 19.303995 141.224091 -0.999999
v 19.049995 140.970093 -0.999999
v 18.795994 141.224091 -0.999999
v 37.084007 145.034088 -0.999999
v 36.830006 144.780090 -0.999999
v 34.036003 142.494095 -0.999999
v 31.242002 140.970093 -0.999999
v 28.702000 140.208069 -0.999999
v 26.161999 139.700073 -0.999999
v 21.843996 139.700073 -0.999999
v 19.303995 140.970093 -0.999999
v 28.194000 141.986084 -0.999999
v 36.068005 144.780090 -0.999999
v 36.322006 145.034088 -0.999999
v 36.830006 144.780090 -0.999999
v 36.576008 145.034088 -0.999999
v 39.370007 145.034088 -0.999999
v 41.148006 144.780090 -0.999999
v 41.402008 144.526093 -0.999999
v 41.910011 144.018097 -0.999999
v 41.656010 142.240097 -0.999999
v 42.926010 142.494095 -0.999999
v 43.942009 141.224091 -0.999999
v 43.688011 139.700073 -0.999999
v 42.418011 138.938080 -0.999999
v 40.640007 139.700073 -0.999999
v 41.148006 138.176071 -0.999999
v 40.894005 137.668076 -0.999999
v 39.116005 137.922073 -0.999999
v 39.624004 139.700073 -0.999999
v 38.608006 138.938080 -0.999999
v 37.338005 138.938080 -0.999999
v 36.322006 140.208069 -0.999999
v 36.576008 141.478088 -0.999999
v 37.592007 142.494095 -0.999999
v 38.862007 142.240097 -0.999999
v 38.354008 143.002090 -0.999999
v 38.354008 144.018097 -0.999999
v 86.360031 145.034088 -0.999999
v 87.630035 144.780090 -0.999999
v 87.884033 144.780090 -0.999999
v 88.900032 143.510086 -0.999999
v 88.138031 141.986084 -0.999999
v 89.662033 142.494095 -0.999999
v 90.932030 140.716080 -0.999999
v 90.678032 139.954071 -0.999999
v 89.408035 138.938080 -0.999999
v 88.646034 138.938080 -0.999999
v 87.376030 139.700073 -0.999999
v 87.884033 137.668076 -0.999999
v 85.598030 137.922073 -0.999999
v 86.614029 139.700073 -0.999999
v 85.344032 138.938080 -0.999999
v 84.582031 138.938080 -0.999999
v 83.312035 140.208069 -0.999999
v 83.312035 141.478088 -0.999999
v 84.328033 142.494095 -0.999999
v 85.852036 141.986084 -0.999999
v 85.090034 143.510086 -0.999999
v 85.344032 144.272095 -0.999999
v 37.592007 145.288086 -0.999999
v 37.338005 145.034088 -0.999999
v 37.084007 145.288086 -0.999999
v 53.848015 145.288086 -0.999999
v 55.372017 145.034088 -0.999999
v 55.626019 144.780090 -0.999999
v 56.388016 144.018097 -0.999999
v 56.388016 143.256088 -0.999999
v 55.626019 142.240097 -0.999999
v 56.642017 142.748093 -0.999999
v 57.658016 142.494095 -0.999999
v 58.420017 141.478088 -0.999999
v 58.166016 139.954071 -0.999999
v 57.150017 139.192078 -0.999999
v 55.626019 139.446075 -0.999999
v 55.118019 139.954071 -0.999999
v 55.626019 137.922073 -0.999999
v 53.594013 138.176071 -0.999999
v 54.102013 139.954071 -0.999999
v 53.086014 139.192078 -0.999999
v 51.562016 139.446075 -0.999999
v 50.800014 140.462082 -0.999999
v 51.054012 141.986084 -0.999999
v 52.070015 142.748093 -0.999999
v 53.340015 142.494095 -0.999999
v 52.832012 143.256088 -0.999999
v 52.832012 144.272095 -0.999999
v 97.282043 146.304092 -0.999999
v 99.568039 146.050095 -0.999999
v 99.314041 145.796097 -0.999999
v 97.536041 143.510086 -0.999999
v 96.266037 140.970093 -0.999999
v 95.504036 137.922073 -0.999999
v 95.504036 134.874069 -0.999999
v 97.028038 130.302078 -0.999999
v 100.330040 126.238075 -0.999999
v 100.330040 125.730080 -0.999999
v 99.314041 124.714073 -0.999999
v 96.774040 127.000076 -0.999999
v 94.996033 129.540070 -0.999999
v 93.472031 134.620071 -0.999999
v 93.726036 139.192078 -0.999999
v 95.758041 144.272095 -0.999999
v 42.164009 150.876099 -0.999999
v 42.164009 150.622086 -0.999999
v 40.132008 148.082092 -0.999999
v 35.560005 145.288086 -0.999999
v 29.464001 143.002090 -0.999999
v 27.432001 142.494095 -0.999999
v 26.161999 142.748093 -0.999999
v 29.210001 144.780090 -0.999999
v 33.528004 146.304092 -0.999999
v 40.640007 150.368088 -0.999999
v 44.196011 155.194092 -0.999999
v 44.704010 154.940094 -0.999999
v 44.196011 153.924088 -0.999999
v 42.418011 152.146088 -0.999999
v 39.116005 149.860092 -0.999999
v 31.496002 146.050095 -0.999999
v 30.734003 146.304092 -0.999999
v 32.004002 147.828094 -0.999999
v 33.274002 149.098099 -0.999999
v 37.338005 150.876099 -0.999999
v 43.942009 154.940094 -0.999999
v 45.212009 155.448090 -0.999999
v 44.958012 155.194092 -0.999999
v 44.450008 155.194092 -0.999999
v 44.704010 155.448090 -0.999999
v 48.514015 161.036087 -0.999999
v 48.260014 160.782089 -0.999999
v 48.006012 161.036087 -0.999999
v 48.260014 160.528091 -0.999999
v 47.752014 159.512085 -0.999999
v 45.720009 156.972092 -0.999999
v 34.544003 150.114090 -0.999999
v 34.036003 150.622086 -0.999999
v 34.798000 152.146088 -0.999999
v 40.894005 155.702087 -0.999999
v 47.752014 160.782089 -0.999999
v 48.006012 161.036087 -0.999999
v 51.054012 166.116089 -0.999999
v 51.054012 165.862091 -0.999999
v 50.038013 163.576096 -0.999999
v 45.974010 160.020096 -0.999999
v 39.116005 155.194092 -0.999999
v 36.322006 153.670090 -0.999999
v 35.814007 153.924088 -0.999999
v 36.068005 153.670090 -0.999999
v 35.560005 153.670090 -0.999999
v 35.814007 153.924088 -0.999999
v 37.084007 156.210098 -0.999999
v 44.450008 160.782089 -0.999999
v 50.546013 166.116089 -0.999999
v 21.589996 170.180099 -0.999999
v 26.923998 169.926102 -0.999999
v 27.177999 169.926102 -0.999999
v 30.480001 169.164108 -0.999999
v 32.512001 168.148102 -0.999999
v 32.766003 167.386108 -0.999999
v 18.541994 144.526093 -0.999999
v 18.287994 169.418106 -0.999999
v 18.795994 169.926102 -0.999999
v 54.864017 170.180099 -0.999999
v 55.118019 169.926102 -0.999999
v 61.722023 164.846085 -0.999999
v 51.562016 164.592087 -0.999999
v 51.308014 164.846085 -0.999999
v 54.102013 170.180099 -0.999999
v 53.848015 171.704102 -0.999999
v 53.848015 171.450104 -0.999999
v 52.832012 169.164108 -0.999999
v 48.514015 164.846085 -0.999999
v 41.656010 159.512085 -0.999999
v 38.862007 157.734085 -0.999999
v 37.592007 157.480087 -0.999999
v 39.116005 160.274094 -0.999999
v 45.720009 164.592087 -0.999999
v 53.340015 171.704102 -0.999999
v 55.626019 176.276108 -0.999999
v 55.626019 176.022110 -0.999999
v 55.118019 174.498108 -0.999999
v 49.022015 168.402100 -0.999999
v 43.180008 163.576096 -0.999999
v 40.894005 162.052094 -0.999999
v 39.878006 161.798096 -0.999999
v 40.640007 163.830093 -0.999999
v 41.402008 164.592087 -0.999999
v 47.752014 169.164108 -0.999999
v 55.118019 176.276108 -0.999999
v 57.404018 180.848114 -0.999999
v 57.404018 180.594101 -0.999999
v 56.134018 178.054108 -0.999999
v 49.276012 171.196106 -0.999999
v 43.434010 166.370087 -0.999999
v 41.910011 165.354095 -0.999999
v 41.402008 165.608093 -0.999999
v 43.180008 168.656113 -0.999999
v 44.196011 169.672104 -0.999999
v 48.260014 172.466110 -0.999999
v 56.896019 180.848114 -0.999999
v 83.312035 185.166107 -0.999999
v 83.312035 184.912109 -0.999999
v 83.058029 184.404114 -0.999999
v 82.550026 184.404114 -0.999999
v 82.550026 184.912109 -0.999999
v 58.928017 185.420105 -0.999999
v 58.928017 185.166107 -0.999999
v 58.420017 183.642105 -0.999999
v 52.070015 176.784103 -0.999999
v 45.720009 171.196106 -0.999999
v 44.704010 171.196106 -0.999999
v 45.466011 173.228104 -0.999999
v 53.340015 180.086105 -0.999999
v 58.420017 185.420105 -0.999999
v 70.358025 185.674103 -0.999999
v 70.612022 185.420105 -0.999999
v 70.104019 184.912109 -0.999999
v 69.850014 185.674103 -0.999999
v 76.962029 185.928101 -0.999999
v 77.724022 185.674103 -0.999999
v 77.978027 185.420105 -0.999999
v 78.486023 184.404114 -0.999999
v 77.470024 184.404114 -0.999999
v 76.454025 185.420105 -0.999999
v 82.296028 185.928101 -0.999999
v 82.550026 185.420105 -0.999999
v 81.280022 183.896103 -0.999999
v 79.248024 184.150101 -0.999999
v 78.486023 185.166107 -0.999999
v 78.486023 185.928101 -0.999999
v 78.994026 185.928101 -0.999999
v 79.248024 185.674103 -0.999999
v 79.756027 184.912109 -0.999999
v 80.772026 184.658112 -0.999999
v 63.500023 186.436111 -0.999999
v 64.516014 186.182114 -0.999999
v 64.770020 185.928101 -0.999999
v 65.278015 184.912109 -0.999999
v 63.754025 184.912109 -0.999999
v 62.992020 185.928101 -0.999999
v 65.532021 186.436111 -0.999999
v 66.802017 185.166107 -0.999999
v 67.818016 184.912109 -0.999999
v 69.088020 186.182114 -0.999999
v 69.596016 186.182114 -0.999999
v 69.596016 185.928101 -0.999999
v 67.818016 184.150101 -0.999999
v 66.294014 184.404114 -0.999999
v 65.278015 185.674103 -0.999999
v 80.010025 189.230103 -0.999999
v 81.788025 188.976105 -0.999999
v 82.042023 188.976105 -0.999999
v 83.312035 187.960114 -0.999999
v 83.312035 186.944107 -0.999999
v 81.534027 187.452103 -0.999999
v 76.962029 187.706100 -0.999999
v 60.198017 189.484100 -0.999999
v 60.198017 189.230103 -0.999999
v 59.690018 187.706100 -0.999999
v 57.404018 185.166107 -0.999999
v 48.768013 176.784103 -0.999999
v 47.498009 175.768112 -0.999999
v 46.990009 176.022110 -0.999999
v 48.260014 178.562103 -0.999999
v 51.054012 180.848114 -0.999999
v 59.690018 189.484100 -0.999999
v 66.294014 189.484100 -0.999999
v 67.564018 189.230103 -0.999999
v 67.818016 189.230103 -0.999999
v 69.596016 188.722107 -0.999999
v 70.104019 188.214111 -0.999999
v 69.850014 187.706100 -0.999999
v 63.246021 187.706100 -0.999999
v 63.246021 188.214111 -0.999999
v 64.770020 188.976105 -0.999999
v 78.232025 191.516113 -0.999999
v 82.042023 191.262100 -0.999999
v 82.296028 191.262100 -0.999999
v 83.566032 190.246109 -0.999999
v 83.312035 188.976105 -0.999999
v 81.534027 189.484100 -0.999999
v 79.502022 189.484100 -0.999999
v 76.454025 187.960114 -0.999999
v 76.200027 189.738113 -0.999999
v 77.216026 191.008102 -0.999999
v 61.214020 193.548126 -0.999999
v 61.214020 193.294128 -0.999999
v 60.706020 191.516113 -0.999999
v 55.880016 186.436111 -0.999999
v 50.292015 181.102112 -0.999999
v 49.784012 181.356110 -0.999999
v 51.308014 184.150101 -0.999999
v 60.706020 193.548126 -0.999999
v 61.468021 197.358124 -0.999999
v 61.976021 197.104126 -0.999999
v 61.976021 196.850128 -0.999999
v 61.722023 195.580124 -0.999999
v 58.166016 191.770111 -0.999999
v 53.340015 186.944107 -0.999999
v 52.832012 187.198105 -0.999999
v 54.102013 189.738113 -0.999999
v 62.738022 201.168121 -0.999999
v 62.738022 200.914124 -0.999999
v 62.738022 199.898117 -0.999999
v 62.230022 199.136124 -0.999999
v 56.134018 192.786118 -0.999999
v 55.626019 192.786118 -0.999999
v 55.880016 192.532120 -0.999999
v 55.372017 192.532120 -0.999999
v 55.626019 192.786118 -0.999999
v 58.420017 197.104126 -0.999999
v 62.230022 201.168121 -0.999999
v 74.676025 204.216125 -0.999999
v 74.676025 203.962128 -0.999999
v 76.962029 199.136124 -0.999999
v 78.232025 197.358124 -0.999999
v 80.264023 195.072128 -0.999999
v 83.820030 192.278122 -0.999999
v 83.566032 191.770111 -0.999999
v 81.026024 192.786118 -0.999999
v 78.232025 192.532120 -0.999999
v 76.454025 191.262100 -0.999999
v 75.692024 189.484100 -0.999999
v 75.692024 185.928101 -0.999999
v 77.470024 180.340103 -0.999999
v 77.724022 178.308105 -0.999999
v 75.692024 176.276108 -0.999999
v 75.438026 174.498108 -0.999999
v 75.692024 175.260101 -0.999999
v 78.486023 177.800110 -0.999999
v 78.486023 179.070114 -0.999999
v 77.470024 182.118103 -0.999999
v 78.232025 182.372101 -0.999999
v 80.772026 181.102112 -0.999999
v 77.978027 182.880112 -0.999999
v 77.470024 183.642105 -0.999999
v 78.232025 183.896103 -0.999999
v 79.502022 183.388107 -0.999999
v 83.058029 183.388107 -0.999999
v 83.058029 180.086105 -0.999999
v 82.296028 175.768112 -0.999999
v 80.010025 167.894104 -0.999999
v 78.740028 165.354095 -0.999999
v 77.216026 163.322098 -0.999999
v 75.438026 161.798096 -0.999999
v 74.168022 161.290085 -0.999999
v 71.120026 161.290085 -0.999999
v 67.056015 162.560089 -0.999999
v 62.738022 164.846085 -0.999999
v 58.166016 168.148102 -0.999999
v 54.864017 171.196106 -0.999999
v 59.690018 185.166107 -0.999999
v 60.452019 185.928101 -0.999999
v 61.468021 185.928101 -0.999999
v 64.008018 184.404114 -0.999999
v 66.802017 183.642105 -0.999999
v 70.358025 184.404114 -0.999999
v 70.612022 183.896103 -0.999999
v 66.548019 180.086105 -0.999999
v 69.088020 181.610107 -0.999999
v 70.866028 183.388107 -0.999999
v 71.374023 184.404114 -0.999999
v 71.374023 188.214111 -0.999999
v 68.834015 189.738113 -0.999999
v 64.770020 189.738113 -0.999999
v 63.246021 188.976105 -0.999999
v 60.960022 186.944107 -0.999999
v 60.452019 187.198105 -0.999999
v 60.452019 188.214111 -0.999999
v 61.214020 189.992111 -0.999999
v 63.246021 191.516113 -0.999999
v 67.564018 192.024124 -0.999999
v 71.120026 191.008102 -0.999999
v 71.882027 191.262100 -0.999999
v 71.628029 192.024124 -0.999999
v 68.834015 193.040115 -0.999999
v 64.770020 192.786118 -0.999999
v 61.976021 191.516113 -0.999999
v 61.722023 192.532120 -0.999999
v 62.230022 193.040115 -0.999999
v 66.294014 194.564117 -0.999999
v 69.088020 196.596115 -0.999999
v 71.882027 199.644119 -0.999999
v 74.168022 204.216125 -0.999999
v 61.468021 204.978119 -0.999999
v 61.214020 204.724121 -0.999999
v 36.322006 156.210098 -0.999999
v 33.020000 150.114090 -0.999999
v 30.988003 147.320099 -0.999999
v 28.194000 144.780090 -0.999999
v 24.129999 142.494095 -0.999999
v 21.081997 141.732086 -0.999999
v 19.049995 141.732086 -0.999999
v 18.287994 142.494095 -0.999999
v 25.145998 144.272095 -0.999999
v 27.940001 146.050095 -0.999999
v 30.480001 148.844086 -0.999999
v 44.704010 175.260101 -0.999999
v 59.944019 204.978119 -0.999999
v 63.246021 204.978119 -0.999999
v 63.246021 204.724121 -0.999999
v 62.992020 202.946121 -0.999999
v 59.944019 199.390121 -0.999999
v 58.928017 198.882126 -0.999999
v 61.976021 204.978119 -0.999999
v 73.660027 204.978119 -0.999999
v 73.660027 204.724121 -0.999999
v 71.882027 200.660126 -0.999999
v 68.072014 196.596115 -0.999999
v 64.262016 194.310120 -0.999999
v 62.992020 193.802124 -0.999999
v 62.230022 194.056122 -0.999999
v 62.230022 194.818115 -0.999999
v 62.992020 195.580124 -0.999999
v 65.532021 196.596115 -0.999999
v 67.310020 197.866119 -0.999999
v 70.866028 201.676117 -0.999999
v 72.644028 204.978119 -0.999999
v 80.772026 204.978119 -0.999999
v 81.026024 204.724121 -0.999999
v 82.296028 201.930115 -0.999999
v 83.820030 200.152115 -0.999999
v 83.820030 199.136124 -0.999999
v 83.312035 198.882126 -0.999999
v 81.788025 200.406128 -0.999999
v 79.756027 203.708115 -0.999999
v 79.502022 204.978119 -0.999999
v 27.177999 205.232117 -0.999999
v 27.177999 204.978119 -0.999999
v 27.432001 196.850128 -0.999999
v 25.907999 187.198105 -0.999999
v 24.383999 182.626114 -0.999999
v 22.097996 177.546112 -0.999999
v 18.795994 172.212112 -0.999999
v 18.287994 172.212112 -0.999999
v 18.287994 205.232117 -0.999999
v 66.040016 205.232117 -0.999999
v 67.310020 204.978119 -0.999999
v 67.056015 204.724121 -0.999999
v 64.770020 201.930115 -0.999999
v 63.754025 201.930115 -0.999999
v 64.008018 203.200119 -0.999999
v 68.326019 205.232117 -0.999999
v 69.596016 204.978119 -0.999999
v 69.596016 204.724121 -0.999999
v 68.072014 202.438126 -0.999999
v 66.294014 200.660126 -0.999999
v 64.008018 198.882126 -0.999999
v 63.500023 199.136124 -0.999999
v 63.500023 200.152115 -0.999999
v 66.548019 202.692123 -0.999999
v 70.612022 205.232117 -0.999999
v 71.628029 204.978119 -0.999999
v 71.628029 204.724121 -0.999999
v 69.596016 201.168121 -0.999999
v 66.294014 197.866119 -0.999999
v 64.262016 196.596115 -0.999999
v 62.738022 196.596115 -0.999999
v 62.738022 197.104126 -0.999999
v 63.754025 198.120117 -0.999999
v 66.294014 199.644119 -0.999999
v 68.326019 201.676117 -0.999999
v 75.692024 205.232117 -0.999999
v 76.708023 204.978119 -0.999999
v 76.962029 204.724121 -0.999999
v 77.470024 202.438126 -0.999999
v 79.502022 198.882126 -0.999999
v 82.296028 195.834122 -0.999999
v 84.074036 194.564117 -0.999999
v 84.074036 193.802124 -0.999999
v 83.566032 193.294128 -0.999999
v 82.296028 194.056122 -0.999999
v 79.756027 196.596115 -0.999999
v 77.216026 200.152115 -0.999999
v 75.184029 204.724121 -0.999999
v 77.724022 205.232117 -0.999999
v 78.740028 204.978119 -0.999999
v 78.740028 204.724121 -0.999999
v 80.010025 201.676117 -0.999999
v 83.820030 197.104126 -0.999999
v 83.566032 196.088120 -0.999999
v 82.296028 196.596115 -0.999999
v 78.740028 201.168121 -0.999999
v 77.470024 203.962128 -0.999999
v 82.296028 205.486115 -0.999999
v 82.804024 205.232117 -0.999999
v 83.058029 204.978119 -0.999999
v 83.566032 204.216125 -0.999999
v 83.566032 202.438126 -0.999999
v 83.058029 202.184128 -0.999999
v 81.788025 204.724121 -0.999999
v 85.852036 205.486115 -0.999999
v 138.684067 205.232117 -0.999999
v 138.684067 204.978119 -0.999999
v 138.430069 113.538071 -0.999999
v 129.032059 121.158066 -0.999999
v 130.556061 122.682076 -0.999999
v 131.318069 121.666077 -0.999999
v 132.080063 119.380066 -0.999999
v 133.350067 118.364067 -0.999999
v 134.366058 118.872070 -0.999999
v 134.112061 121.158066 -0.999999
v 132.842056 124.206078 -0.999999
v 134.112061 126.746078 -0.999999
v 133.858063 132.334076 -0.999999
v 130.810059 137.414078 -0.999999
v 128.016068 137.668076 -0.999999
v 127.762062 138.176071 -0.999999
v 131.318069 139.700073 -0.999999
v 134.366058 141.986084 -0.999999
v 135.128067 143.764099 -0.999999
v 135.128067 147.574097 -0.999999
v 132.588058 145.542099 -0.999999
v 128.778061 143.764099 -0.999999
v 127.254059 141.986084 -0.999999
v 125.984055 139.192078 -0.999999
v 123.444054 144.018097 -0.999999
v 125.476059 144.272095 -0.999999
v 125.476059 146.558090 -0.999999
v 127.000053 148.336090 -0.999999
v 127.254059 150.114090 -0.999999
v 125.730057 152.146088 -0.999999
v 125.476059 154.432098 -0.999999
v 123.444054 154.686096 -0.999999
v 122.174057 155.956085 -0.999999
v 119.888046 155.956085 -0.999999
v 118.364044 154.686096 -0.999999
v 115.824051 154.686096 -0.999999
v 115.570045 151.892090 -0.999999
v 114.554047 150.368088 -0.999999
v 114.554047 148.590088 -0.999999
v 115.824051 147.066086 -0.999999
v 115.824051 144.272095 -0.999999
v 118.364044 144.272095 -0.999999
v 119.380051 143.256088 -0.999999
v 121.412056 143.002090 -0.999999
v 122.936058 139.700073 -0.999999
v 122.174057 139.446075 -0.999999
v 120.904045 140.208069 -0.999999
v 118.618050 140.716080 -0.999999
v 110.998047 140.716080 -0.999999
v 110.998047 140.208069 -0.999999
v 111.506050 139.192078 -0.999999
v 114.046051 136.906082 -0.999999
v 120.904045 135.382080 -0.999999
v 116.840050 131.064072 -0.999999
v 112.522049 134.366074 -0.999999
v 106.934044 139.954071 -0.999999
v 104.902039 142.494095 -0.999999
v 105.410042 146.558090 -0.999999
v 105.410042 151.384094 -0.999999
v 104.902039 155.194092 -0.999999
v 103.124039 161.290085 -0.999999
v 100.584038 166.624100 -0.999999
v 92.202034 179.070114 -0.999999
v 88.646034 185.674103 -0.999999
v 86.614029 192.278122 -0.999999
v 85.598030 199.390121 -0.999999
v 140.208069 206.756119 -0.999999
v 139.954056 206.756119 -0.999999
v 16.763992 206.756119 -0.999999
v 16.763992 7.620005 -0.999999
v 140.208069 7.620005 -0.999999

vt 0.108065 -0.963314
vt 0.117742 -0.802367
vt 0.117742 -0.803550
vt 0.120968 -0.802367
vt 0.133871 -0.792899
vt 0.125806 -0.807101
vt 0.141935 -0.826035
vt 0.175806 -0.791716
vt 0.198387 -0.785799
vt 0.117742 -0.789349
vt 0.116129 -0.668639
vt 0.116129 -0.667456
vt 0.119355 -0.667456
vt 0.138710 -0.662722
vt 0.122581 -0.671006
vt 0.214516 -0.777515
vt 0.164516 -0.867456
vt 0.390323 -0.952663
vt 0.175806 -0.911243
vt 0.177419 -0.947929
vt 0.174194 -0.957396
vt 0.396774 -0.957396
vt 0.201613 -0.693491
vt 0.177419 -0.674556
vt 0.167742 -0.669822
vt 0.117742 -0.662722
vt 0.117742 -0.657988
vt 0.119355 -0.570414
vt 0.120968 -0.650888
vt 0.338710 -0.439053
vt 0.117742 -0.560947
vt 0.120968 -0.558580
vt 0.188710 -0.506509
vt 0.214516 -0.489941
vt 0.341935 -0.424852
vt 0.343548 -0.423669
vt 0.317742 -0.430769
vt 0.346774 -0.422485
vt 0.353226 -0.429586
vt 0.362903 -0.431953
vt 0.369355 -0.435503
vt 0.295161 -0.371598
vt 0.306452 -0.385799
vt 0.300000 -0.383432
vt 0.298387 -0.384615
vt 0.311290 -0.390533
vt 0.309677 -0.391716
vt 0.235484 -0.446154
vt 0.229032 -0.447337
vt 0.240323 -0.449704
vt 0.262903 -0.429586
vt 0.269355 -0.435503
vt 0.288710 -0.424852
vt 0.291935 -0.414201
vt 0.293548 -0.410651
vt 0.295161 -0.409467
vt 0.301613 -0.408284
vt 0.314516 -0.407101
vt 0.306452 -0.411834
vt 0.311290 -0.409467
vt 0.316129 -0.407101
vt 0.322581 -0.407101
vt 0.325806 -0.411834
vt 0.320968 -0.416568
vt 0.316129 -0.421302
vt 0.319355 -0.423669
vt 0.320968 -0.427219
vt 0.312903 -0.431953
vt 0.283871 -0.450888
vt 0.306452 -0.428402
vt 0.308065 -0.423669
vt 0.309677 -0.422485
vt 0.316129 -0.416568
vt 0.300000 -0.424852
vt 0.311290 -0.413018
vt 0.301613 -0.417751
vt 0.306452 -0.414201
vt 0.296774 -0.417751
vt 0.290323 -0.424852
vt 0.279032 -0.443787
vt 0.250000 -0.469822
vt 0.253226 -0.462722
vt 0.243548 -0.469822
vt 0.240323 -0.467456
vt 0.240323 -0.462722
vt 0.241935 -0.461538
vt 0.232258 -0.465089
vt 0.253226 -0.455621
vt 0.250000 -0.460355
vt 0.256452 -0.454438
vt 0.259677 -0.452071
vt 0.266129 -0.442604
vt 0.259677 -0.447337
vt 0.256452 -0.444970
vt 0.250000 -0.446154
vt 0.248387 -0.447337
vt 0.240323 -0.453254
vt 0.230645 -0.462722
vt 0.246774 -0.452071
vt 0.224194 -0.463905
vt 0.222581 -0.463905
vt 0.232258 -0.456805
vt 0.227419 -0.453254
vt 0.229032 -0.448521
vt 0.193548 -0.467456
vt 0.200000 -0.472189
vt 0.172581 -0.486391
vt 0.164516 -0.487574
vt 0.175806 -0.488757
vt 0.172581 -0.495858
vt 0.182258 -0.487574
vt 0.183871 -0.486391
vt 0.196774 -0.481657
vt 0.209677 -0.482840
vt 0.193548 -0.487574
vt 0.190323 -0.485207
vt 0.195161 -0.491124
vt 0.191935 -0.494675
vt 0.188710 -0.502959
vt 0.183871 -0.499408
vt 0.183871 -0.510059
vt 0.175806 -0.507692
vt 0.154839 -0.528994
vt 0.177419 -0.501775
vt 0.179032 -0.500592
vt 0.169355 -0.505325
vt 0.187097 -0.495858
vt 0.180645 -0.492308
vt 0.167742 -0.501775
vt 0.151613 -0.530178
vt 0.132258 -0.532544
vt 0.143548 -0.523077
vt 0.132258 -0.528994
vt 0.129032 -0.534911
vt 0.122581 -0.534911
vt 0.117742 -0.531361
vt 0.119355 -0.527811
vt 0.125806 -0.510059
vt 0.135484 -0.514793
vt 0.162903 -0.502959
vt 0.162903 -0.493491
vt 0.162903 -0.488757
vt 0.166129 -0.495858
vt 0.164516 -0.502959
vt 0.145161 -0.489941
vt 0.120968 -0.504142
vt 0.117742 -0.502959
vt 0.117742 -0.043787
vt 0.119355 -0.469822
vt 0.117742 -0.042604
vt 0.453226 -0.041420
vt 0.891935 -0.035503
vt 0.475806 -0.041420
vt 0.504839 -0.042604
vt 0.517742 -0.042604
vt 0.550000 -0.042604
vt 0.564516 -0.042604
vt 0.579032 -0.042604
vt 0.596774 -0.043787
vt 0.604839 -0.043787
vt 0.608065 -0.043787
vt 0.617742 -0.043787
vt 0.825806 -0.042604
vt 0.882258 -0.042604
vt 0.882258 -0.196450
vt 0.891935 -0.963314
vt 0.882258 -0.209467
vt 0.882258 -0.334911
vt 0.882258 -0.423669
vt 0.882258 -0.433136
vt 0.882258 -0.491124
vt 0.882258 -0.523077
vt 0.880645 -0.957396
vt 0.546774 -0.956213
vt 0.548387 -0.918343
vt 0.533871 -0.934911
vt 0.535484 -0.926627
vt 0.524194 -0.944379
vt 0.530645 -0.943195
vt 0.529032 -0.944379
vt 0.533871 -0.943195
vt 0.533871 -0.955030
vt 0.530645 -0.957396
vt 0.525806 -0.957396
vt 0.516129 -0.957396
vt 0.522581 -0.955030
vt 0.509677 -0.955030
vt 0.503226 -0.956213
vt 0.506452 -0.953846
vt 0.500000 -0.957396
vt 0.495161 -0.953846
vt 0.490323 -0.957396
vt 0.495161 -0.943195
vt 0.485484 -0.957396
vt 0.470968 -0.957396
vt 0.475806 -0.955030
vt 0.466129 -0.953846
vt 0.462903 -0.957396
vt 0.464516 -0.953846
vt 0.456452 -0.957396
vt 0.441935 -0.957396
vt 0.448387 -0.956213
vt 0.430645 -0.945562
vt 0.433871 -0.956213
vt 0.427419 -0.946746
vt 0.425806 -0.956213
vt 0.408065 -0.940828
vt 0.414516 -0.949112
vt 0.404839 -0.945562
vt 0.408065 -0.937278
vt 0.408065 -0.936095
vt 0.411290 -0.934911
vt 0.406452 -0.928994
vt 0.400000 -0.930178
vt 0.400000 -0.927811
vt 0.396774 -0.931361
vt 0.395161 -0.933728
vt 0.387097 -0.927811
vt 0.406452 -0.951479
vt 0.411290 -0.949112
vt 0.403226 -0.953846
vt 0.411290 -0.950296
vt 0.419355 -0.952663
vt 0.420968 -0.956213
vt 0.412903 -0.957396
vt 0.398387 -0.956213
vt 0.400000 -0.951479
vt 0.387097 -0.939645
vt 0.383871 -0.928994
vt 0.382258 -0.926627
vt 0.383871 -0.927811
vt 0.385484 -0.926627
vt 0.382258 -0.920710
vt 0.362903 -0.900592
vt 0.359677 -0.895858
vt 0.350000 -0.889941
vt 0.304839 -0.823669
vt 0.309677 -0.826035
vt 0.303226 -0.816568
vt 0.301613 -0.815385
vt 0.304839 -0.814201
vt 0.291935 -0.802367
vt 0.330645 -0.826035
vt 0.287097 -0.794083
vt 0.285484 -0.792899
vt 0.288710 -0.791716
vt 0.285484 -0.786982
vt 0.275806 -0.779882
vt 0.270968 -0.772781
vt 0.261290 -0.759763
vt 0.269355 -0.765680
vt 0.256452 -0.752663
vt 0.254839 -0.758580
vt 0.256452 -0.751479
vt 0.264516 -0.752663
vt 0.251613 -0.744379
vt 0.304839 -0.771598
vt 0.240323 -0.732544
vt 0.230645 -0.715976
vt 0.237097 -0.725444
vt 0.229032 -0.714793
vt 0.233871 -0.713609
vt 0.227419 -0.708876
vt 0.222581 -0.711243
vt 0.261290 -0.721893
vt 0.264516 -0.726627
vt 0.309677 -0.750296
vt 0.311290 -0.746746
vt 0.538710 -0.584615
vt 0.325806 -0.764497
vt 0.543548 -0.589349
vt 0.538710 -0.578698
vt 0.545161 -0.573964
vt 0.832258 -0.347929
vt 0.300000 -0.733728
vt 0.287097 -0.725444
vt 0.291935 -0.723077
vt 0.288710 -0.723077
vt 0.287097 -0.723077
vt 0.290323 -0.721893
vt 0.256452 -0.707692
vt 0.211290 -0.691124
vt 0.224194 -0.697041
vt 0.216129 -0.697041
vt 0.217742 -0.698225
vt 0.238710 -0.702959
vt 0.201613 -0.681657
vt 0.200000 -0.680473
vt 0.196774 -0.681657
vt 0.167742 -0.662722
vt 0.177419 -0.663905
vt 0.182258 -0.662722
vt 0.209677 -0.669822
vt 0.187097 -0.661538
vt 0.235484 -0.676923
vt 0.143548 -0.654438
vt 0.145161 -0.656805
vt 0.119355 -0.656805
vt 0.120968 -0.653254
vt 0.138710 -0.649704
vt 0.427419 -0.428402
vt 0.430645 -0.418935
vt 0.424194 -0.422485
vt 0.416129 -0.422485
vt 0.409677 -0.416568
vt 0.409677 -0.410651
vt 0.417742 -0.405917
vt 0.420968 -0.401183
vt 0.429032 -0.409467
vt 0.425806 -0.395266
vt 0.427419 -0.395266
vt 0.670968 -0.231953
vt 0.438710 -0.394083
vt 0.443548 -0.397633
vt 0.445161 -0.402367
vt 0.440323 -0.408284
vt 0.680645 -0.236686
vt 0.446774 -0.405917
vt 0.451613 -0.407101
vt 0.456452 -0.410651
vt 0.690323 -0.248521
vt 0.456452 -0.417751
vt 0.161290 -0.648521
vt 0.691935 -0.249704
vt 0.693548 -0.248521
vt 0.706452 -0.253254
vt 0.674194 -0.226036
vt 0.672581 -0.230769
vt 0.674194 -0.224852
vt 0.677419 -0.224852
vt 0.662903 -0.210651
vt 0.690323 -0.230769
vt 0.656452 -0.200000
vt 0.654839 -0.205917
vt 0.650000 -0.205917
vt 0.648387 -0.207101
vt 0.656452 -0.198817
vt 0.659677 -0.198817
vt 0.648387 -0.185799
vt 0.650000 -0.201183
vt 0.645161 -0.178698
vt 0.645161 -0.177515
vt 0.641935 -0.169231
vt 0.648387 -0.177515
vt 0.685484 -0.201183
vt 0.633871 -0.157396
vt 0.627419 -0.143195
vt 0.633871 -0.156213
vt 0.637097 -0.156213
vt 0.667742 -0.175148
vt 0.624194 -0.136095
vt 0.624194 -0.134911
vt 0.619355 -0.136095
vt 0.629032 -0.215385
vt 0.606452 -0.230769
vt 0.687097 -0.214201
vt 0.708064 -0.231953
vt 0.724194 -0.236686
vt 0.738710 -0.243787
vt 0.750000 -0.252071
vt 0.745161 -0.244970
vt 0.740323 -0.235503
vt 0.767742 -0.271006
vt 0.735484 -0.227219
vt 0.735484 -0.231953
vt 0.695161 -0.210651
vt 0.722581 -0.223669
vt 0.732258 -0.228402
vt 0.724194 -0.213018
vt 0.709677 -0.191716
vt 0.714516 -0.201183
vt 0.717742 -0.208284
vt 0.691935 -0.195266
vt 0.708064 -0.201183
vt 0.659677 -0.159763
vt 0.688710 -0.175148
vt 0.633871 -0.136095
vt 0.627419 -0.134911
vt 0.614516 -0.132544
vt 0.619355 -0.124260
vt 0.608065 -0.132544
vt 0.614516 -0.126627
vt 0.614516 -0.121893
vt 0.611290 -0.127811
vt 0.596774 -0.118343
vt 0.596774 -0.121893
vt 0.587097 -0.118343
vt 0.596774 -0.124260
vt 0.554839 -0.124260
vt 0.556452 -0.131361
vt 0.551613 -0.133728
vt 0.550000 -0.134911
vt 0.554839 -0.133728
vt 0.553226 -0.137278
vt 0.556452 -0.132544
vt 0.559677 -0.131361
vt 0.567742 -0.137278
vt 0.582258 -0.130178
vt 0.574194 -0.136095
vt 0.583871 -0.133728
vt 0.577419 -0.139645
vt 0.567742 -0.140828
vt 0.574194 -0.143195
vt 0.587097 -0.132544
vt 0.588710 -0.131361
vt 0.595161 -0.130178
vt 0.598387 -0.132544
vt 0.593548 -0.137278
vt 0.591936 -0.139645
vt 0.583871 -0.137278
vt 0.551613 -0.139645
vt 0.550000 -0.142012
vt 0.548387 -0.144379
vt 0.575806 -0.159763
vt 0.559677 -0.152663
vt 0.545161 -0.139645
vt 0.545161 -0.121893
vt 0.553226 -0.121893
vt 0.561290 -0.114793
vt 0.587097 -0.114793
vt 0.567742 -0.117160
vt 0.556452 -0.119527
vt 0.569355 -0.117160
vt 0.577419 -0.115976
vt 0.616129 -0.117160
vt 0.616129 -0.115976
vt 0.609677 -0.113609
vt 0.596774 -0.106509
vt 0.604839 -0.106509
vt 0.587097 -0.100592
vt 0.569355 -0.104142
vt 0.546774 -0.108876
vt 0.561290 -0.099408
vt 0.541936 -0.107692
vt 0.543548 -0.104142
vt 0.606452 -0.101775
vt 0.612903 -0.106509
vt 0.609677 -0.098225
vt 0.609677 -0.097041
vt 0.612903 -0.097041
vt 0.603226 -0.094675
vt 0.603226 -0.099408
vt 0.598387 -0.095858
vt 0.590323 -0.093491
vt 0.566129 -0.082840
vt 0.577419 -0.092308
vt 0.559677 -0.082840
vt 0.541936 -0.068639
vt 0.541936 -0.063905
vt 0.530645 -0.044970
vt 0.527419 -0.047337
vt 0.524194 -0.047337
vt 0.530645 -0.043787
vt 0.520968 -0.044970
vt 0.508065 -0.066272
vt 0.491935 -0.082840
vt 0.509677 -0.071006
vt 0.466129 -0.102959
vt 0.501613 -0.079290
vt 0.524194 -0.048521
vt 0.475806 -0.094675
vt 0.467742 -0.098225
vt 0.435484 -0.133728
vt 0.467742 -0.105325
vt 0.488710 -0.089941
vt 0.464516 -0.095858
vt 0.464516 -0.092308
vt 0.448387 -0.102959
vt 0.412903 -0.164497
vt 0.467742 -0.112426
vt 0.483871 -0.100592
vt 0.475806 -0.107692
vt 0.477419 -0.107692
vt 0.501613 -0.101775
vt 0.501613 -0.106509
vt 0.508065 -0.108876
vt 0.512903 -0.107692
vt 0.514516 -0.114793
vt 0.512903 -0.123077
vt 0.517742 -0.115976
vt 0.517742 -0.132544
vt 0.509677 -0.132544
vt 0.512903 -0.134911
vt 0.506452 -0.143195
vt 0.506452 -0.139645
vt 0.504839 -0.133728
vt 0.500000 -0.132544
vt 0.500000 -0.136095
vt 0.495161 -0.140828
vt 0.482258 -0.142012
vt 0.493548 -0.144379
vt 0.503226 -0.134911
vt 0.500000 -0.139645
vt 0.470968 -0.144379
vt 0.470968 -0.159763
vt 0.343548 -0.247337
vt 0.474194 -0.139645
vt 0.474194 -0.137278
vt 0.470968 -0.139645
vt 0.359677 -0.222485
vt 0.469355 -0.137278
vt 0.469355 -0.136095
vt 0.474194 -0.134911
vt 0.475806 -0.132544
vt 0.480645 -0.125444
vt 0.469355 -0.127811
vt 0.469355 -0.123077
vt 0.477419 -0.118343
vt 0.480645 -0.115976
vt 0.479032 -0.118343
vt 0.490323 -0.117160
vt 0.493548 -0.115976
vt 0.509677 -0.124260
vt 0.496774 -0.132544
vt 0.485484 -0.138462
vt 0.495161 -0.133728
vt 0.491935 -0.137278
vt 0.469355 -0.118343
vt 0.332258 -0.275740
vt 0.329032 -0.293491
vt 0.475806 -0.179882
vt 0.490323 -0.216568
vt 0.498387 -0.228402
vt 0.332258 -0.334911
vt 0.329032 -0.315976
vt 0.319355 -0.346746
vt 0.283871 -0.372781
vt 0.366129 -0.318343
vt 0.380645 -0.317160
vt 0.390323 -0.326627
vt 0.508065 -0.237870
vt 0.519355 -0.244970
vt 0.403226 -0.350296
vt 0.404839 -0.371598
vt 0.420968 -0.343195
vt 0.429032 -0.334911
vt 0.433871 -0.330178
vt 0.440323 -0.324260
vt 0.546774 -0.247337
vt 0.441935 -0.324260
vt 0.450000 -0.323077
vt 0.456452 -0.326627
vt 0.572581 -0.241420
vt 0.458065 -0.330178
vt 0.453226 -0.337278
vt 0.600000 -0.230769
vt 0.462903 -0.334911
vt 0.469355 -0.339645
vt 0.469355 -0.345562
vt 0.461290 -0.351479
vt 0.375806 -0.429586
vt 0.312903 -0.372781
vt 0.361290 -0.413018
vt 0.361290 -0.410651
vt 0.379032 -0.330178
vt 0.304839 -0.366864
vt 0.301613 -0.366864
vt 0.367742 -0.319527
vt 0.300000 -0.368047
vt 0.387097 -0.342012
vt 0.391935 -0.356213
vt 0.391935 -0.370414
vt 0.382258 -0.391716
vt 0.367742 -0.417751
vt 0.383871 -0.407101
vt 0.454839 -0.356213
vt 0.395161 -0.395266
vt 0.435484 -0.351479
vt 0.430645 -0.351479
vt 0.422581 -0.346746
vt 0.438710 -0.337278
vt 0.527419 -0.247337
vt 0.443548 -0.347929
vt 0.440323 -0.357396
vt 0.448387 -0.347929
vt 0.456452 -0.351479
vt 0.256452 -0.388166
vt 0.119355 -0.491124
vt 0.251613 -0.391716
vt 0.230645 -0.368047
vt 0.224194 -0.368047
vt 0.182258 -0.431953
vt 0.179032 -0.434320
vt 0.174194 -0.424852
vt 0.179032 -0.418935
vt 0.169355 -0.427219
vt 0.145161 -0.444970
vt 0.172581 -0.422485
vt 0.175806 -0.420118
vt 0.167742 -0.422485
vt 0.164516 -0.420118
vt 0.146774 -0.434320
vt 0.166129 -0.415385
vt 0.167742 -0.415385
vt 0.177419 -0.411834
vt 0.172581 -0.414201
vt 0.175806 -0.416568
vt 0.177419 -0.415385
vt 0.183871 -0.409467
vt 0.183871 -0.405917
vt 0.182258 -0.408284
vt 0.182258 -0.405917
vt 0.167742 -0.407101
vt 0.169355 -0.411834
vt 0.164516 -0.405917
vt 0.169355 -0.404734
vt 0.170968 -0.402367
vt 0.167742 -0.402367
vt 0.151613 -0.397633
vt 0.153226 -0.402367
vt 0.150000 -0.402367
vt 0.146774 -0.408284
vt 0.150000 -0.403550
vt 0.161290 -0.416568
vt 0.154839 -0.420118
vt 0.151613 -0.447337
vt 0.164516 -0.431953
vt 0.159677 -0.442604
vt 0.170968 -0.403550
vt 0.177419 -0.402367
vt 0.172581 -0.400000
vt 0.183871 -0.402367
vt 0.190323 -0.397633
vt 0.191935 -0.401183
vt 0.191935 -0.392899
vt 0.191935 -0.389349
vt 0.195161 -0.386982
vt 0.183871 -0.383432
vt 0.183871 -0.390533
vt 0.183871 -0.382249
vt 0.193548 -0.382249
vt 0.193548 -0.379882
vt 0.177419 -0.379882
vt 0.172581 -0.377515
vt 0.162903 -0.371598
vt 0.169355 -0.395266
vt 0.177419 -0.394083
vt 0.175806 -0.397633
vt 0.179032 -0.394083
vt 0.185484 -0.392899
vt 0.200000 -0.385799
vt 0.200000 -0.379882
vt 0.203226 -0.378698
vt 0.195161 -0.377515
vt 0.187097 -0.370414
vt 0.185484 -0.362130
vt 0.188710 -0.364497
vt 0.191935 -0.357396
vt 0.270968 -0.298225
vt 0.198387 -0.350296
vt 0.264516 -0.291124
vt 0.214516 -0.327811
vt 0.190323 -0.337278
vt 0.187097 -0.355030
vt 0.164516 -0.347929
vt 0.185484 -0.357396
vt 0.167742 -0.358580
vt 0.169355 -0.360947
vt 0.166129 -0.363314
vt 0.148387 -0.382249
vt 0.150000 -0.386982
vt 0.151613 -0.385799
vt 0.154839 -0.385799
vt 0.158065 -0.384615
vt 0.159677 -0.391716
vt 0.158065 -0.373964
vt 0.158065 -0.372781
vt 0.166129 -0.369231
vt 0.150000 -0.409467
vt 0.156452 -0.416568
vt 0.170968 -0.360947
vt 0.182258 -0.359763
vt 0.262903 -0.278107
vt 0.201613 -0.326627
vt 0.201613 -0.315976
vt 0.246774 -0.278107
vt 0.191935 -0.307692
vt 0.237097 -0.272189
vt 0.190323 -0.299408
vt 0.200000 -0.289941
vt 0.201613 -0.279290
vt 0.214516 -0.278107
vt 0.222581 -0.272189
vt 0.191935 -0.358580
vt 0.196774 -0.363314
vt 0.191935 -0.363314
vt 0.203226 -0.368047
vt 0.208065 -0.366864
vt 0.188710 -0.366864
vt 0.209677 -0.379882
vt 0.208065 -0.382249
vt 0.211290 -0.396450
vt 0.212903 -0.385799
vt 0.214516 -0.398817
vt 0.212903 -0.400000
vt 0.200000 -0.357396
vt 0.227419 -0.332544
vt 0.217742 -0.347929
vt 0.240323 -0.331361
vt 0.270968 -0.306509
vt 0.262903 -0.313609
vt 0.246774 -0.326627
vt 0.262903 -0.326627
vt 0.217742 -0.366864
vt 0.293548 -0.343195
vt 0.245161 -0.343195
vt 0.230645 -0.345562
vt 0.222581 -0.349112
vt 0.274194 -0.360947
vt 0.293548 -0.345562
vt 0.290323 -0.350296
vt 0.180645 -0.328994
vt 0.145161 -0.337278
vt 0.156452 -0.320710
vt 0.140323 -0.328994
vt 0.140323 -0.311243
vt 0.501613 -0.142012
vt 0.503226 -0.146746
vt 0.506452 -0.150296
vt 0.501613 -0.149112
vt 0.500000 -0.164497
vt 0.506452 -0.158580
vt 0.504839 -0.168047
vt 0.500000 -0.170414
vt 0.517742 -0.182249
vt 0.517742 -0.177515
vt 0.519355 -0.185799
vt 0.485484 -0.155030
vt 0.493548 -0.072189
vt 0.475806 -0.086391
vt 0.506452 -0.055621
vt 0.475806 -0.082840
vt 0.498387 -0.061538
vt 0.467742 -0.085207
vt 0.466129 -0.080473
vt 0.490323 -0.059172
vt 0.469355 -0.072189
vt 0.479032 -0.065089
vt 0.466129 -0.071006
vt 0.466129 -0.066272
vt 0.475806 -0.057988
vt 0.454839 -0.069822
vt 0.470968 -0.056805
vt 0.467742 -0.055621
vt 0.467742 -0.047337
vt 0.470968 -0.043787
vt 0.472581 -0.042604
vt 0.479032 -0.044970
vt 0.485484 -0.043787
vt 0.483871 -0.044970
vt 0.493548 -0.043787
vt 0.498387 -0.043787
vt 0.506452 -0.048521
vt 0.509677 -0.044970
vt 0.511290 -0.043787
vt 0.714516 -0.182249
vt 0.804839 -0.305325
vt 0.790323 -0.218935
vt 0.791935 -0.215385
vt 0.833871 -0.126627
vt 0.824194 -0.081657
vt 0.825806 -0.043787
vt 0.880645 -0.325444
vt 0.820968 -0.318343
vt 0.838710 -0.326627
vt 0.877419 -0.338462
vt 0.879032 -0.340828
vt 0.875806 -0.340828
vt 0.877419 -0.342012
vt 0.569355 -0.569231
vt 0.877419 -0.423669
vt 0.570968 -0.573964
vt 0.580645 -0.575148
vt 0.585484 -0.578698
vt 0.585484 -0.585799
vt 0.630645 -0.560947
vt 0.637097 -0.563314
vt 0.651613 -0.562130
vt 0.879032 -0.423669
vt 0.880645 -0.501775
vt 0.877419 -0.523077
vt 0.740323 -0.607101
vt 0.748387 -0.602367
vt 0.817742 -0.559763
vt 0.875806 -0.524260
vt 0.745161 -0.605917
vt 0.703226 -0.629586
vt 0.685484 -0.642604
vt 0.695161 -0.630769
vt 0.517742 -0.791716
vt 0.666129 -0.662722
vt 0.670968 -0.681657
vt 0.670968 -0.710059
vt 0.532258 -0.836686
vt 0.664516 -0.733728
vt 0.643548 -0.770414
vt 0.593548 -0.826035
vt 0.530645 -0.854438
vt 0.530645 -0.852071
vt 0.496774 -0.852071
vt 0.508065 -0.853254
vt 0.493548 -0.856805
vt 0.485484 -0.862722
vt 0.500000 -0.847337
vt 0.512903 -0.840237
vt 0.496774 -0.846154
vt 0.495161 -0.844970
vt 0.496774 -0.836686
vt 0.487097 -0.886391
vt 0.487097 -0.874556
vt 0.487097 -0.873373
vt 0.490323 -0.861538
vt 0.491935 -0.857988
vt 0.501613 -0.856805
vt 0.498387 -0.862722
vt 0.501613 -0.859172
vt 0.509677 -0.853254
vt 0.519355 -0.853254
vt 0.525806 -0.855621
vt 0.527419 -0.859172
vt 0.527419 -0.861538
vt 0.530645 -0.859172
vt 0.527419 -0.856805
vt 0.533871 -0.856805
vt 0.520968 -0.871006
vt 0.532258 -0.866272
vt 0.537097 -0.866272
vt 0.537097 -0.869823
vt 0.530645 -0.867456
vt 0.504839 -0.871006
vt 0.524194 -0.862722
vt 0.514516 -0.856805
vt 0.503226 -0.863905
vt 0.493548 -0.868639
vt 0.493548 -0.863905
vt 0.491935 -0.871006
vt 0.498387 -0.874556
vt 0.491935 -0.873373
vt 0.509677 -0.879290
vt 0.529032 -0.878106
vt 0.517742 -0.878106
vt 0.529032 -0.875740
vt 0.535484 -0.874556
vt 0.570968 -0.859172
vt 0.537097 -0.884024
vt 0.558065 -0.887574
vt 0.524194 -0.889941
vt 0.522581 -0.894675
vt 0.503226 -0.894675
vt 0.529032 -0.892308
vt 0.533871 -0.893491
vt 0.532258 -0.892308
vt 0.533871 -0.891124
vt 0.535484 -0.892308
vt 0.530645 -0.899408
vt 0.533871 -0.898225
vt 0.537097 -0.900592
vt 0.535484 -0.904142
vt 0.506452 -0.927811
vt 0.532258 -0.910059
vt 0.537097 -0.911243
vt 0.535484 -0.919527
vt 0.532258 -0.926627
vt 0.514516 -0.937278
vt 0.530645 -0.927811
vt 0.504839 -0.917160
vt 0.529032 -0.900592
vt 0.493548 -0.930178
vt 0.483871 -0.937278
vt 0.498387 -0.919527
vt 0.480645 -0.945562
vt 0.477419 -0.946746
vt 0.482258 -0.951479
vt 0.482258 -0.955030
vt 0.472581 -0.946746
vt 0.458065 -0.928994
vt 0.458065 -0.924260
vt 0.438710 -0.910059
vt 0.435484 -0.911243
vt 0.404839 -0.899408
vt 0.424194 -0.902959
vt 0.403226 -0.895858
vt 0.396774 -0.899408
vt 0.396774 -0.900592
vt 0.393548 -0.906509
vt 0.400000 -0.905325
vt 0.417742 -0.911243
vt 0.408065 -0.910059
vt 0.401613 -0.910059
vt 0.395161 -0.911243
vt 0.400000 -0.911243
vt 0.358065 -0.876923
vt 0.372581 -0.884024
vt 0.343548 -0.867456
vt 0.341935 -0.866272
vt 0.338710 -0.866272
vt 0.325806 -0.849704
vt 0.340323 -0.868639
vt 0.340323 -0.867456
vt 0.345161 -0.875740
vt 0.374194 -0.899408
vt 0.361290 -0.892308
vt 0.358065 -0.892308
vt 0.362903 -0.893491
vt 0.395161 -0.920710
vt 0.391935 -0.912426
vt 0.404839 -0.918343
vt 0.416129 -0.921893
vt 0.408065 -0.921893
vt 0.403226 -0.923077
vt 0.414516 -0.924260
vt 0.430645 -0.933728
vt 0.430645 -0.930178
vt 0.446774 -0.945562
vt 0.451613 -0.953846
vt 0.445161 -0.947929
vt 0.403226 -0.924260
vt 0.359677 -0.893491
vt 0.319355 -0.840237
vt 0.383871 -0.894675
vt 0.390323 -0.894675
vt 0.395161 -0.891124
vt 0.393548 -0.886391
vt 0.385484 -0.885207
vt 0.366129 -0.868639
vt 0.382258 -0.878106
vt 0.345161 -0.849704
vt 0.335484 -0.846154
vt 0.322581 -0.839053
vt 0.319355 -0.839053
vt 0.382258 -0.869823
vt 0.390323 -0.867456
vt 0.396774 -0.861538
vt 0.385484 -0.862722
vt 0.375806 -0.859172
vt 0.375806 -0.853254
vt 0.362903 -0.853254
vt 0.317742 -0.821302
vt 0.419355 -0.853254
vt 0.404839 -0.861538
vt 0.411290 -0.857988
vt 0.412903 -0.857988
vt 0.419355 -0.857988
vt 0.406452 -0.863905
vt 0.398387 -0.869823
vt 0.416129 -0.862722
vt 0.416452 -0.862248
vt 0.417742 -0.865089
vt 0.420968 -0.865089
vt 0.411290 -0.871006
vt 0.432258 -0.873373
vt 0.448387 -0.868639
vt 0.448387 -0.862722
vt 0.443548 -0.863905
vt 0.435484 -0.859172
vt 0.430645 -0.859172
vt 0.456452 -0.867456
vt 0.453226 -0.869823
vt 0.459677 -0.871006
vt 0.456452 -0.853254
vt 0.451613 -0.859172
vt 0.451613 -0.856805
vt 0.453226 -0.854438
vt 0.433871 -0.853254
vt 0.435484 -0.854438
vt 0.427419 -0.855621
vt 0.441935 -0.856805
vt 0.446774 -0.859172
vt 0.448387 -0.860355
vt 0.425806 -0.855621
vt 0.417512 -0.860693
vt 0.441935 -0.842604
vt 0.432258 -0.839053
vt 0.440323 -0.880473
vt 0.446774 -0.875740
vt 0.438710 -0.878106
vt 0.414516 -0.876923
vt 0.425806 -0.881657
vt 0.409677 -0.878106
vt 0.400000 -0.871006
vt 0.388710 -0.875740
vt 0.404839 -0.889941
vt 0.398387 -0.889941
vt 0.420968 -0.895858
vt 0.440323 -0.897041
vt 0.433871 -0.892308
vt 0.456452 -0.887574
vt 0.454839 -0.893491
vt 0.459677 -0.888757
vt 0.395161 -0.893491
vt 0.398387 -0.895858
vt 0.404839 -0.868639
vt 0.351613 -0.797633
vt 0.354839 -0.811834
vt 0.350000 -0.805917
vt 0.350000 -0.792899
vt 0.374194 -0.776331
vt 0.346774 -0.791716
vt 0.330645 -0.766864
vt 0.330645 -0.771598
vt 0.327419 -0.773964
vt 0.337097 -0.783432
vt 0.317742 -0.765680
vt 0.290323 -0.749112
vt 0.300000 -0.758580
vt 0.264516 -0.736095
vt 0.243548 -0.730178
vt 0.240323 -0.731361
vt 0.253226 -0.733728
vt 0.343548 -0.794083
vt 0.340323 -0.795266
vt 0.324194 -0.786982
vt 0.279032 -0.759763
vt 0.330645 -0.765680
vt 0.395161 -0.765680
vt 0.566129 -0.602367
vt 0.554839 -0.601183
vt 0.551613 -0.597633
vt 0.551613 -0.591716
vt 0.554839 -0.588166
vt 0.548387 -0.590533
vt 0.570968 -0.600000
vt 0.572581 -0.591716
vt 0.577419 -0.590533
vt 0.567742 -0.586982
vt 0.703226 -0.624852
vt 0.645161 -0.566864
vt 0.653226 -0.573964
vt 0.688710 -0.607101
vt 0.675806 -0.589349
vt 0.675806 -0.583432
vt 0.679032 -0.569231
vt 0.680645 -0.568047
vt 0.874194 -0.439053
vt 0.714516 -0.547929
vt 0.717742 -0.546746
vt 0.748387 -0.527811
vt 0.780645 -0.507692
vt 0.785484 -0.507692
vt 0.754839 -0.526627
vt 0.758065 -0.528994
vt 0.758065 -0.533728
vt 0.762903 -0.532544
vt 0.748387 -0.542012
vt 0.751613 -0.544379
vt 0.750000 -0.550296
vt 0.766129 -0.533728
vt 0.759677 -0.542012
vt 0.761290 -0.540828
vt 0.803226 -0.526627
vt 0.780645 -0.508876
vt 0.754839 -0.536095
vt 0.748387 -0.536095
vt 0.740323 -0.543195
vt 0.738710 -0.544379
vt 0.722581 -0.552663
vt 0.733871 -0.553846
vt 0.738710 -0.549112
vt 0.741935 -0.551479
vt 0.730645 -0.562130
vt 0.738710 -0.566864
vt 0.737097 -0.568047
vt 0.766129 -0.550296
vt 0.759677 -0.546746
vt 0.767742 -0.539645
vt 0.772581 -0.543195
vt 0.772581 -0.546746
vt 0.769355 -0.549112
vt 0.877419 -0.492308
vt 0.830645 -0.511243
vt 0.827419 -0.511243
vt 0.822581 -0.507692
vt 0.817742 -0.508876
vt 0.824194 -0.502959
vt 0.817742 -0.505325
vt 0.814516 -0.511243
vt 0.809677 -0.512426
vt 0.796774 -0.520710
vt 0.798387 -0.513609
vt 0.800000 -0.512426
vt 0.796774 -0.512426
vt 0.787097 -0.513609
vt 0.809677 -0.491124
vt 0.809677 -0.495858
vt 0.806452 -0.502959
vt 0.814516 -0.499408
vt 0.819355 -0.498225
vt 0.812903 -0.501775
vt 0.804839 -0.504142
vt 0.803226 -0.507692
vt 0.798387 -0.511243
vt 0.822581 -0.495858
vt 0.822581 -0.492308
vt 0.830645 -0.492308
vt 0.829032 -0.493491
vt 0.832258 -0.493491
vt 0.830645 -0.494675
vt 0.838710 -0.493491
vt 0.825806 -0.501775
vt 0.829032 -0.500592
vt 0.835484 -0.504142
vt 0.835484 -0.507692
vt 0.864516 -0.488757
vt 0.869355 -0.486391
vt 0.879032 -0.491124
vt 0.879032 -0.468639
vt 0.879032 -0.463905
vt 0.875806 -0.471006
vt 0.861290 -0.480473
vt 0.866129 -0.473373
vt 0.869355 -0.471006
vt 0.866129 -0.468639
vt 0.866129 -0.463905
vt 0.867742 -0.462722
vt 0.853226 -0.472189
vt 0.848387 -0.467456
vt 0.845161 -0.467456
vt 0.875806 -0.461538
vt 0.811290 -0.489941
vt 0.817742 -0.488757
vt 0.845161 -0.468639
vt 0.698387 -0.600000
vt 0.696774 -0.614201
vt 0.703226 -0.610651
vt 0.688710 -0.627219
vt 0.630645 -0.673373
vt 0.622581 -0.666272
vt 0.630645 -0.676923
vt 0.619355 -0.676923
vt 0.498387 -0.763314
vt 0.612903 -0.672189
vt 0.485484 -0.753846
vt 0.603226 -0.660355
vt 0.479032 -0.751479
vt 0.596774 -0.643787
vt 0.450000 -0.751479
vt 0.448387 -0.751479
vt 0.433871 -0.753846
vt 0.550000 -0.671006
vt 0.538710 -0.671006
vt 0.398387 -0.768047
vt 0.370968 -0.783432
vt 0.533871 -0.666272
vt 0.537097 -0.656805
vt 0.527419 -0.659172
vt 0.520968 -0.653254
vt 0.520968 -0.649704
vt 0.527419 -0.643787
vt 0.624194 -0.565680
vt 0.629032 -0.562130
vt 0.532258 -0.642604
vt 0.630645 -0.578698
vt 0.538710 -0.639053
vt 0.550000 -0.637870
vt 0.548387 -0.647337
vt 0.612903 -0.591716
vt 0.601613 -0.607101
vt 0.629032 -0.579882
vt 0.633871 -0.578698
vt 0.638710 -0.584615
vt 0.622581 -0.597633
vt 0.614516 -0.608284
vt 0.609677 -0.620118
vt 0.609677 -0.642604
vt 0.614516 -0.654438
vt 0.553226 -0.643787
vt 0.561290 -0.643787
vt 0.596774 -0.621302
vt 0.567742 -0.647337
vt 0.569355 -0.652071
vt 0.562903 -0.659172
vt 0.556452 -0.665089
vt 0.551613 -0.657988
vt 0.538710 -0.640237
vt 0.541936 -0.646154
vt 0.708064 -0.585799
vt 0.708064 -0.582249
vt 0.703226 -0.578698
vt 0.698387 -0.579882
vt 0.708064 -0.571598
vt 0.688710 -0.586982
vt 0.687097 -0.583432
vt 0.701613 -0.571598
vt 0.700000 -0.572781
vt 0.698387 -0.571598
vt 0.700000 -0.570414
vt 0.683871 -0.581065
vt 0.677419 -0.582249
vt 0.688710 -0.576331
vt 0.682258 -0.576331
vt 0.679032 -0.573964
vt 0.712903 -0.549112
vt 0.688710 -0.566864
vt 0.691935 -0.569231
vt 0.691935 -0.573964
vt 0.683871 -0.590533
vt 0.696774 -0.581065
vt 0.695161 -0.586982
vt 0.703226 -0.589349
vt 0.746774 -0.528994
vt 0.745161 -0.533728
vt 0.875806 -0.342012
vt 0.864516 -0.338462
vt 0.845161 -0.334911
vt 0.832258 -0.333728
vt 0.819355 -0.324260
vt 0.812903 -0.324260
vt 0.824194 -0.334911
vt 0.811290 -0.332544
vt 0.819355 -0.337278
vt 0.769355 -0.324260
vt 0.859677 -0.347929
vt 0.556452 -0.569231
vt 0.564516 -0.577515
vt 0.816129 -0.345562
vt 0.772581 -0.373964
vt 0.777419 -0.369231
vt 0.772581 -0.366864
vt 0.800000 -0.342012
vt 0.761290 -0.351479
vt 0.767742 -0.345562
vt 0.782258 -0.334911
vt 0.766129 -0.339645
vt 0.759677 -0.334911
vt 0.751613 -0.336095
vt 0.754839 -0.332544
vt 0.754839 -0.327811
vt 0.761290 -0.323077
vt 0.759677 -0.321893
vt 0.748387 -0.323077
vt 0.737097 -0.324260
vt 0.735484 -0.325444
vt 0.638710 -0.389349
vt 0.732258 -0.327811
vt 0.667742 -0.377515
vt 0.708064 -0.368047
vt 0.719355 -0.340828
vt 0.725806 -0.334911
vt 0.733871 -0.336095
vt 0.720968 -0.347929
vt 0.729032 -0.351479
vt 0.740323 -0.347929
vt 0.737097 -0.355030
vt 0.727419 -0.366864
vt 0.738710 -0.357396
vt 0.750000 -0.356213
vt 0.746774 -0.347929
vt 0.753226 -0.351479
vt 0.729032 -0.366864
vt 0.617742 -0.401183
vt 0.743548 -0.308876
vt 0.440323 -0.524260
vt 0.430645 -0.545562
vt 0.417742 -0.564497
vt 0.567742 -0.455621
vt 0.395161 -0.586982
vt 0.364516 -0.607101
vt 0.259677 -0.692308
vt 0.322581 -0.643787
vt 0.364516 -0.613018
vt 0.374194 -0.605917
vt 0.380645 -0.605917
vt 0.382258 -0.601183
vt 0.561290 -0.469822
vt 0.390323 -0.600000
vt 0.391935 -0.600000
vt 0.561290 -0.478106
vt 0.395161 -0.600000
vt 0.395161 -0.602367
vt 0.567742 -0.478106
vt 0.391935 -0.609467
vt 0.396774 -0.605917
vt 0.572581 -0.474556
vt 0.740323 -0.372781
vt 0.404839 -0.604734
vt 0.412903 -0.610651
vt 0.412903 -0.616568
vt 0.406452 -0.621302
vt 0.401613 -0.627219
vt 0.393548 -0.634320
vt 0.350000 -0.667456
vt 0.287097 -0.715976
vt 0.698387 -0.377515
vt 0.572581 -0.469822
vt 0.580645 -0.453254
vt 0.580645 -0.435503
vt 0.596774 -0.417751
vt 0.387097 -0.609467
vt 0.667742 -0.385799
vt 0.638710 -0.398817
vt 0.601613 -0.426035
vt 0.401613 -0.623669
vt 0.395161 -0.618935
vt 0.400000 -0.621302
vt 0.388710 -0.634320
vt 0.362903 -0.655621
vt 0.362903 -0.648521
vt 0.356452 -0.660355
vt 0.350000 -0.661538
vt 0.343548 -0.672189
vt 0.333871 -0.672189
vt 0.327419 -0.667456
vt 0.327419 -0.662722
vt 0.332258 -0.657988
vt 0.267742 -0.704142
vt 0.325806 -0.660355
vt 0.320968 -0.659172
vt 0.264516 -0.700592
vt 0.266129 -0.698225
vt 0.243548 -0.691124
vt 0.246774 -0.694675
vt 0.211290 -0.681657
vt 0.195161 -0.674556
vt 0.203226 -0.679290
vt 0.179032 -0.665089
vt 0.316129 -0.655621
vt 0.316129 -0.649704
vt 0.330645 -0.643787
vt 0.332258 -0.639053
vt 0.366129 -0.617751
vt 0.345161 -0.637870
vt 0.343548 -0.647337
vt 0.370968 -0.621302
vt 0.379032 -0.622485
vt 0.351613 -0.643787
vt 0.358065 -0.644970
vt 0.383871 -0.620118
vt 0.379032 -0.624852
vt 0.379032 -0.629586
vt 0.333871 -0.640237
vt 0.337097 -0.647337
vt 0.330645 -0.621302
vt 0.288710 -0.630769
vt 0.277419 -0.648521
vt 0.269355 -0.642604
vt 0.277419 -0.652071
vt 0.274194 -0.656805
vt 0.262903 -0.666272
vt 0.245161 -0.682840
vt 0.237097 -0.676923
vt 0.238710 -0.675740
vt 0.240323 -0.676923
vt 0.258065 -0.669822
vt 0.245161 -0.669822
vt 0.240323 -0.662722
vt 0.245161 -0.656805
vt 0.227419 -0.667456
vt 0.233871 -0.657988
vt 0.229032 -0.653254
vt 0.229032 -0.648521
vt 0.238710 -0.641420
vt 0.246774 -0.633136
vt 0.229032 -0.631953
vt 0.220968 -0.629586
vt 0.191935 -0.653254
vt 0.225806 -0.624852
vt 0.270968 -0.624852
vt 0.640323 -0.327811
vt 0.711290 -0.274556
vt 0.708064 -0.267456
vt 0.695161 -0.255621
vt 0.691935 -0.250888
vt 0.140323 -0.649704
vt 0.450000 -0.422485
vt 0.440323 -0.427219
vt 0.440323 -0.422485
vt 0.437097 -0.423669
vt 0.437097 -0.418935
vt 0.632258 -0.334911
vt 0.640323 -0.331361
vt 0.638710 -0.333728
vt 0.645161 -0.336095
vt 0.627419 -0.339645
vt 0.601613 -0.360947
vt 0.629032 -0.346746
vt 0.635484 -0.350296
vt 0.612903 -0.360947
vt 0.603226 -0.360947
vt 0.617742 -0.364497
vt 0.617742 -0.370414
vt 0.645161 -0.349112
vt 0.648387 -0.346746
vt 0.645161 -0.356213
vt 0.658065 -0.355030
vt 0.632258 -0.379882
vt 0.670968 -0.349112
vt 0.661290 -0.350296
vt 0.654839 -0.346746
vt 0.624194 -0.388166
vt 0.612903 -0.394083
vt 0.614516 -0.391716
vt 0.617742 -0.388166
vt 0.611290 -0.384615
vt 0.438710 -0.519527
vt 0.430645 -0.520710
vt 0.430645 -0.521894
vt 0.311290 -0.618935
vt 0.420968 -0.543195
vt 0.403226 -0.566864
vt 0.356452 -0.602367
vt 0.387097 -0.582249
vt 0.593548 -0.389349
vt 0.604839 -0.384615
vt 0.601613 -0.394083
vt 0.585484 -0.385799
vt 0.583871 -0.379882
vt 0.590323 -0.372781
vt 0.601613 -0.375148
vt 0.595161 -0.366864
vt 0.624194 -0.371598
vt 0.614516 -0.373964
vt 0.675806 -0.344379
vt 0.730645 -0.297041
vt 0.730645 -0.295858
vt 0.772581 -0.321893
vt 0.762903 -0.321893
vt 0.762903 -0.323077
vt 0.766129 -0.323077
vt 0.767742 -0.323077
vt 0.764516 -0.324260
vt 0.674194 -0.337278
vt 0.667742 -0.333728
vt 0.729032 -0.289941
vt 0.659677 -0.334911
vt 0.662903 -0.331361
vt 0.662903 -0.326627
vt 0.717742 -0.281657
vt 0.656452 -0.321893
vt 0.646774 -0.323077
vt 0.712903 -0.275740
vt 0.645161 -0.324260
vt 0.714516 -0.274556
vt 0.716129 -0.275740
vt 0.717742 -0.275740
vt 0.714516 -0.276923
vt 0.719355 -0.276923
vt 0.779032 -0.299408
vt 0.761290 -0.295858
vt 0.787097 -0.304142
vt 0.795161 -0.310059
vt 0.801613 -0.312426
vt 0.803226 -0.317160
vt 0.798387 -0.318343
vt 0.785484 -0.317160
vt 0.740323 -0.298225
vt 0.750000 -0.300592
vt 0.788710 -0.299408
vt 0.772581 -0.282840
vt 0.770968 -0.281657
vt 0.762903 -0.271006
vt 0.769355 -0.282840
vt 0.777419 -0.289941
vt 0.767742 -0.282840
vt 0.750000 -0.275740
vt 0.738710 -0.273373
vt 0.695161 -0.249704
vt 0.782258 -0.297041
vt 0.759677 -0.265089
vt 0.751613 -0.263905
vt 0.733871 -0.255621
vt 0.716129 -0.249704
vt 0.609677 -0.044970
vt 0.646774 -0.101775
vt 0.624194 -0.072189
vt 0.627419 -0.080473
vt 0.645161 -0.100592
vt 0.603226 -0.061538
vt 0.617742 -0.069822
vt 0.598387 -0.053254
vt 0.593548 -0.057988
vt 0.591936 -0.052071
vt 0.587097 -0.057988
vt 0.595161 -0.066272
vt 0.600000 -0.061538
vt 0.600000 -0.062722
vt 0.596774 -0.044970
vt 0.575806 -0.054438
vt 0.570968 -0.043787
vt 0.572581 -0.044970
vt 0.556452 -0.043787
vt 0.556452 -0.044970
vt 0.564516 -0.059172
vt 0.577419 -0.068639
vt 0.577419 -0.063905
vt 0.566129 -0.055621
vt 0.591936 -0.072189
vt 0.593548 -0.075740
vt 0.595161 -0.071006
vt 0.600000 -0.067456
vt 0.603226 -0.071006
vt 0.600000 -0.080473
vt 0.600000 -0.082840
vt 0.604839 -0.080473
vt 0.598387 -0.087574
vt 0.604839 -0.081657
vt 0.608065 -0.079290
vt 0.654839 -0.114793
vt 0.641935 -0.100592
vt 0.643548 -0.101775
vt 0.662903 -0.126627
vt 0.691935 -0.166864
vt 0.700000 -0.178698
vt 0.696774 -0.179882
vt 0.674194 -0.156213
vt 0.679032 -0.155030
vt 0.643548 -0.130178
vt 0.619355 -0.115976
vt 0.682258 -0.153846
vt 0.672581 -0.140828
vt 0.659677 -0.127811
vt 0.629032 -0.105325
vt 0.606452 -0.087574
vt 0.603226 -0.091124
vt 0.582258 -0.082840
vt 0.590323 -0.082840
vt 0.577419 -0.076923
vt 0.570968 -0.076923
vt 0.548387 -0.059172
vt 0.556452 -0.061538
vt 0.543548 -0.044970
vt 0.537097 -0.043787
vt 0.543548 -0.043787
vt 0.246774 -0.637870
vt 0.245161 -0.642604
vt 0.246774 -0.639053
vt 0.258065 -0.636686
vt 0.259677 -0.639053
vt 0.256452 -0.644970
vt 0.250000 -0.646154
vt 0.262903 -0.660355
vt 0.269355 -0.659172
vt 0.259677 -0.656805
vt 0.345161 -0.657988
vt 0.553226 -0.573964
vt 0.556452 -0.570414
vt 0.559677 -0.577515
vt 0.308065 -0.751479
vt 0.354839 -0.816568
vt 0.366129 -0.833136
vt 0.354839 -0.822485
vt 0.369355 -0.839053
vt 0.366129 -0.840237
vt 0.356452 -0.835503
vt 0.312903 -0.804734
vt 0.320968 -0.805917
vt 0.351613 -0.816568
vt 0.308065 -0.785799
vt 0.320968 -0.797633
vt 0.285484 -0.776331
vt 0.275806 -0.771598
vt 0.270968 -0.771598
vt 0.419355 -0.914793
vt 0.441935 -0.928994
vt 0.433871 -0.919527
vt 0.453226 -0.934911
vt 0.458065 -0.944379
vt 0.522581 -0.912426
vt 0.517742 -0.920710
vt 0.503226 -0.937278
vt 0.530645 -0.911243
vt 0.522581 -0.934911
vt 0.511290 -0.950296
vt 0.501613 -0.889941
vt 0.495161 -0.892308
vt 0.488710 -0.882840
vt 0.503226 -0.824852
vt 0.498387 -0.827219
vt 0.496774 -0.818935
vt 0.485484 -0.817751
vt 0.485484 -0.814201
vt 0.483871 -0.810651
vt 0.769355 -0.628402
vt 0.748387 -0.605917
vt 0.809677 -0.565680
vt 0.811290 -0.564497
vt 0.814516 -0.563314
vt 0.825806 -0.570414
vt 0.829032 -0.566864
vt 0.853226 -0.550296
vt 0.819355 -0.576331
vt 0.819355 -0.582249
vt 0.820968 -0.577515
vt 0.824194 -0.573964
vt 0.825806 -0.573964
vt 0.851613 -0.563314
vt 0.829032 -0.572781
vt 0.833871 -0.576331
vt 0.833871 -0.578698
vt 0.830645 -0.581065
vt 0.825806 -0.584615
vt 0.835484 -0.578698
vt 0.833871 -0.579882
vt 0.840323 -0.577515
vt 0.846774 -0.572781
vt 0.846774 -0.577515
vt 0.846774 -0.582249
vt 0.850000 -0.586982
vt 0.853226 -0.586982
vt 0.848387 -0.592899
vt 0.843548 -0.592899
vt 0.850000 -0.601183
vt 0.838710 -0.590533
vt 0.850000 -0.604734
vt 0.851613 -0.610651
vt 0.845161 -0.609467
vt 0.845161 -0.615385
vt 0.848387 -0.614201
vt 0.845161 -0.620118
vt 0.837097 -0.627219
vt 0.848387 -0.621302
vt 0.832258 -0.631953
vt 0.833871 -0.635503
vt 0.833871 -0.626036
vt 0.822581 -0.611834
vt 0.827419 -0.620118
vt 0.822581 -0.616568
vt 0.816129 -0.617751
vt 0.814516 -0.616568
vt 0.817742 -0.611834
vt 0.808064 -0.616568
vt 0.804839 -0.618935
vt 0.801613 -0.620118
vt 0.809677 -0.630769
vt 0.809677 -0.639053
vt 0.812903 -0.636686
vt 0.806452 -0.642604
vt 0.796774 -0.640237
vt 0.772581 -0.660355
vt 0.779032 -0.649704
vt 0.767742 -0.663905
vt 0.729032 -0.698225
vt 0.798387 -0.647337
vt 0.738710 -0.706509
vt 0.737097 -0.717160
vt 0.801613 -0.669822
vt 0.753226 -0.717160
vt 0.764516 -0.723077
vt 0.801613 -0.682840
vt 0.808064 -0.689941
vt 0.787097 -0.669822
vt 0.783871 -0.667456
vt 0.806452 -0.659172
vt 0.816129 -0.639053
vt 0.819355 -0.641420
vt 0.824194 -0.637870
vt 0.811290 -0.627219
vt 0.817742 -0.617751
vt 0.832258 -0.627219
vt 0.801613 -0.611834
vt 0.795161 -0.611834
vt 0.801613 -0.609467
vt 0.803226 -0.608284
vt 0.814516 -0.602367
vt 0.809677 -0.607101
vt 0.787097 -0.607101
vt 0.788710 -0.586982
vt 0.782258 -0.602367
vt 0.782258 -0.608284
vt 0.804839 -0.603550
vt 0.806452 -0.596450
vt 0.811290 -0.594083
vt 0.816129 -0.589349
vt 0.817742 -0.586982
vt 0.814516 -0.589349
vt 0.814516 -0.585799
vt 0.825806 -0.581065
vt 0.819355 -0.585799
vt 0.830645 -0.588166
vt 0.830645 -0.584615
vt 0.832258 -0.590533
vt 0.830645 -0.591716
vt 0.827419 -0.592899
vt 0.825806 -0.598817
vt 0.829032 -0.596450
vt 0.832258 -0.601183
vt 0.820968 -0.592899
vt 0.812903 -0.594083
vt 0.819355 -0.594083
vt 0.809677 -0.598817
vt 0.822581 -0.602367
vt 0.816129 -0.603550
vt 0.824194 -0.603550
vt 0.825806 -0.602367
vt 0.814516 -0.607101
vt 0.851613 -0.547929
vt 0.833871 -0.562130
vt 0.841936 -0.549112
vt 0.837097 -0.552663
vt 0.761290 -0.665089
vt 0.753226 -0.669822
vt 0.738710 -0.680473
vt 0.738710 -0.669822
vt 0.729032 -0.688757
vt 0.845161 -0.650888
vt 0.817742 -0.667456
vt 0.856452 -0.682840
vt 0.854839 -0.659172
vt 0.859677 -0.668639
vt 0.808064 -0.698225
vt 0.772581 -0.723077
vt 0.782258 -0.718343
vt 0.800000 -0.705325
vt 0.800000 -0.718343
vt 0.779032 -0.647337
vt 0.775806 -0.646154
vt 0.764516 -0.621302
vt 0.769355 -0.649704
vt 0.758065 -0.652071
vt 0.706452 -0.652071
vt 0.740323 -0.630769
vt 0.720968 -0.636686
vt 0.711290 -0.643787
vt 0.117742 -0.956213
vt 0.108065 -0.035503
vt 0.109677 -0.035503
vt 0.879032 -0.207101
vt 0.861290 -0.205917
vt 0.879032 -0.196450
vt 0.827419 -0.207101
vt 0.825806 -0.207101
vt 0.804839 -0.210651
vt 0.858065 -0.171598
vt 0.843548 -0.147929
vt 0.491935 -0.049704
vt 0.498387 -0.044970
vt 0.120968 -0.526627
vt 0.127419 -0.525444
vt 0.133871 -0.521894

usemtl Mat_0
f 1935/81 419/82 420/83
f 2157/83 420/83 419/82
f 2156/82 2157/83 419/82
f 2156/82 419/82 428/84
f 419/82 584/85 428/84
f 584/85 427/86 428/84
f 2165/84 428/84 427/86
f 2164/86 2165/84 427/86
f 2164/86 427/86 426/87
f 585/88 426/87 427/86
f 586/89 426/87 585/88
f 2323/89 586/89 585/88
f 2322/88 2323/89 585/88
f 2322/88 585/88 584/85
f 2321/85 2322/88 584/85
f 2321/85 584/85 583/90
f 2320/90 2321/85 583/90
f 2320/90 583/90 582/91
f 1935/81 582/91 583/90
f 1935/81 581/92 582/91
f 2319/91 582/91 581/92
f 2318/92 2319/91 581/92
f 2318/92 581/92 589/93
f 581/92 603/94 589/93
f 589/93 603/94 588/95
f 603/94 587/96 588/95
f 2325/95 588/95 587/96
f 2324/96 2325/95 587/96
f 2324/96 587/96 586/89
f 425/97 586/89 587/96
f 587/96 607/98 425/97
f 425/97 607/98 424/99
f 424/99 607/98 423/100
f 423/100 607/98 422/101
f 608/102 422/101 607/98
f 2345/102 608/102 607/98
f 2344/98 2345/102 607/98
f 2344/98 607/98 606/103
f 2343/103 2344/98 606/103
f 2343/103 606/103 605/104
f 587/96 605/104 606/103
f 587/96 604/105 605/104
f 2342/104 605/104 604/105
f 2341/105 2342/104 604/105
f 2341/105 604/105 603/94
f 2340/94 2341/105 603/94
f 2340/94 603/94 602/106
f 2339/106 2340/94 602/106
f 2339/106 602/106 601/107
f 581/92 601/107 602/106
f 581/92 1173/108 601/107
f 601/107 1173/108 621/109
f 621/109 1173/108 1174/110
f 2911/110 1174/110 1173/108
f 2910/108 2911/110 1173/108
f 2910/108 1173/108 1172/111
f 2909/111 2910/108 1172/111
f 2909/111 1172/111 1171/112
f 1172/111 1067/113 1171/112
f 1067/113 1120/114 1171/112
f 1120/114 1170/115 1171/112
f 2908/112 1171/112 1170/115
f 2907/115 2908/112 1170/115
f 2907/115 1170/115 1169/116
f 1170/115 1181/117 1169/116
f 1181/117 1168/118 1169/116
f 2906/116 1169/116 1168/118
f 2905/118 2906/116 1168/118
f 2905/118 1168/118 1175/119
f 1168/118 1307/120 1175/119
f 621/109 1175/119 1307/120
f 621/109 1307/120 1308/121
f 3045/121 1308/121 1307/120
f 3044/120 3045/121 1307/120
f 3044/120 1307/120 1306/122
f 1307/120 1269/123 1306/122
f 1269/123 1261/124 1306/122
f 1262/125 1306/122 1261/124
f 2999/125 1262/125 1261/124
f 2998/124 2999/125 1261/124
f 2999/125 2998/124 3043/122
f 3006/123 3043/122 2998/124
f 3006/123 2998/124 1269/123
f 3006/123 1269/123 1268/126
f 3005/126 3006/123 1268/126
f 3005/126 1268/126 1267/127
f 1268/126 1137/128 1267/127
f 1267/127 1137/128 1138/129
f 2875/129 1138/129 1137/128
f 2874/128 2875/129 1137/128
f 2874/128 1137/128 1143/130
f 1153/131 1143/130 1137/128
f 1154/132 1143/130 1153/131
f 2891/132 1154/132 1153/131
f 2890/131 2891/132 1153/131
f 2890/131 1153/131 1152/133
f 1195/134 1152/133 1153/131
f 1194/135 1195/134 1153/131
f 1153/131 1193/136 1194/135
f 2931/135 1194/135 1193/136
f 2930/136 2931/135 1193/136
f 2930/136 1193/136 1192/137
f 1268/126 1192/137 1193/136
f 1268/126 1200/138 1192/137
f 1192/137 1200/138 1199/139
f 1199/139 1200/138 1201/140
f 2938/140 1201/140 1200/138
f 2937/138 2938/140 1200/138
f 2937/138 1200/138 1207/141
f 2944/141 2937/138 1207/141
f 2944/141 1207/141 1206/142
f 1268/126 1206/142 1207/141
f 1268/126 1307/120 1206/142
f 2943/142 2944/141 1206/142
f 2943/142 1206/142 1205/143
f 1206/142 1168/118 1205/143
f 1205/143 1168/118 1204/144
f 1204/144 1168/118 1176/145
f 1176/145 1168/118 1183/146
f 1183/146 1168/118 1182/147
f 2920/146 1183/146 1182/147
f 2919/147 2920/146 1182/147
f 2919/147 1182/147 1181/117
f 2918/117 2919/147 1181/117
f 2918/117 1181/117 1180/148
f 1181/117 1157/149 1180/148
f 1180/148 1157/149 1179/150
f 1157/149 1178/151 1179/150
f 2916/150 1179/150 1178/151
f 2915/151 2916/150 1178/151
f 2915/151 1178/151 1177/152
f 1177/152 1178/151 1203/153
f 1203/153 1178/151 1158/154
f 1203/153 1158/154 1202/155
f 1158/154 1197/156 1202/155
f 1198/157 1202/155 1197/156
f 2935/157 1198/157 1197/156
f 2934/156 2935/157 1197/156
f 2934/156 1197/156 1196/158
f 1197/156 1152/133 1196/158
f 1152/133 1197/156 1159/159
f 2889/133 1152/133 1159/159
f 2896/159 2889/133 1159/159
f 2896/159 1159/159 1158/154
f 2895/154 2896/159 1158/154
f 2895/154 1158/154 1157/149
f 2894/149 2895/154 1157/149
f 2894/149 1157/149 1156/160
f 1157/149 1135/161 1156/160
f 1156/160 1135/161 1136/162
f 2873/162 1136/162 1135/161
f 2872/161 2873/162 1135/161
f 2872/161 1135/161 1134/163
f 1135/161 1120/114 1134/163
f 1134/163 1120/114 1133/164
f 1120/114 1132/165 1133/164
f 2870/164 1133/164 1132/165
f 2869/165 2870/164 1132/165
f 2869/165 1132/165 1131/166
f 1121/167 1131/166 1132/165
f 1121/167 1148/168 1131/166
f 1148/168 1130/169 1131/166
f 2868/166 1131/166 1130/169
f 2867/169 2868/166 1130/169
f 2867/169 1130/169 1136/162
f 2885/168 2868/166 2867/169
f 2867/169 2886/170 2885/168
f 2885/168 2886/170 1148/168
f 2886/170 1149/170 1148/168
f 2886/170 2887/171 1149/170
f 2887/171 1150/171 1149/170
f 1130/169 1149/170 1150/171
f 1150/171 1156/160 1130/169
f 1156/160 1150/171 1155/172
f 1155/172 1150/171 1151/173
f 2888/173 1151/173 1150/171
f 2888/173 2881/174 1151/173
f 2881/174 1144/174 1151/173
f 1154/132 1151/173 1144/174
f 1145/175 1154/132 1144/174
f 2882/175 1145/175 1144/174
f 2882/175 2883/176 1145/175
f 2883/176 1146/176 1145/175
f 1143/130 1145/175 1146/176
f 1143/130 1146/176 1142/177
f 1113/178 1142/177 1146/176
f 1147/179 1113/178 1146/176
f 2884/179 1147/179 1146/176
f 2884/179 2885/168 1147/179
f 2885/168 2884/179 2858/167
f 2884/179 2850/178 2858/167
f 2858/167 2850/178 1121/167
f 2850/178 1113/178 1121/167
f 2850/178 2851/180 1113/178
f 2851/180 1114/180 1113/178
f 2851/180 2852/181 1114/180
f 2852/181 1115/181 1114/180
f 1115/181 1142/177 1114/180
f 1142/177 1115/181 1141/182
f 1115/181 1140/183 1141/182
f 2878/182 1141/182 1140/183
f 2877/183 2878/182 1140/183
f 2877/183 1140/183 1139/184
f 2876/184 2877/183 1139/184
f 2876/184 1139/184 1138/129
f 1115/181 1138/129 1139/184
f 1138/129 1115/181 1116/185
f 2853/185 1116/185 1115/181
f 2853/185 2854/186 1116/185
f 2854/186 1117/186 1116/185
f 1117/186 1088/187 1116/185
f 1116/185 1088/187 1089/188
f 2826/188 1089/188 1088/187
f 2825/187 2826/188 1088/187
f 2825/187 1088/187 1094/189
f 2831/189 2825/187 1094/189
f 2831/189 1094/189 1093/190
f 1117/186 1093/190 1094/189
f 1093/190 1117/186 1097/191
f 1096/192 1097/191 1117/186
f 1118/193 1096/192 1117/186
f 2855/193 1118/193 1117/186
f 2855/193 2856/194 1118/193
f 2856/194 1119/194 1118/193
f 1119/194 1102/195 1118/193
f 1118/193 1102/195 1095/196
f 2832/196 1095/196 1102/195
f 2839/195 2832/196 1102/195
f 2839/195 1102/195 1101/197
f 2838/197 2839/195 1101/197
f 2838/197 1101/197 1100/198
f 1101/197 1119/194 1100/198
f 1068/199 1100/198 1119/194
f 1120/114 1068/199 1119/194
f 2857/114 1120/114 1119/194
f 2857/114 2858/167 1120/114
f 2869/165 2858/167 2857/114
f 2858/167 2869/165 2868/166
f 1100/198 1068/199 1062/200
f 2799/200 1062/200 1068/199
f 2805/199 2799/200 1068/199
f 2805/199 1068/199 1067/113
f 2804/113 2805/199 1067/113
f 2804/113 1067/113 1066/201
f 2803/201 2804/113 1066/201
f 2803/201 1066/201 1065/202
f 1066/201 1052/203 1065/202
f 1052/203 1064/204 1065/202
f 2802/202 1065/202 1064/204
f 2801/204 2802/202 1064/204
f 2801/204 1064/204 1063/205
f 1063/205 1064/204 1053/206
f 1053/206 1099/207 1063/205
f 1099/207 1062/200 1063/205
f 2800/205 1063/205 1062/200
f 1099/207 1053/206 1098/208
f 1098/208 1053/206 1044/209
f 2781/209 1044/209 1053/206
f 2790/206 2781/209 1053/206
f 2790/206 1053/206 1052/203
f 2789/203 2790/206 1052/203
f 2789/203 1052/203 1051/210
f 1172/111 1051/210 1052/203
f 1172/111 929/211 1051/210
f 1051/210 929/211 1050/212
f 1050/212 929/211 930/213
f 2667/213 930/213 929/211
f 2666/211 2667/213 929/211
f 2666/211 929/211 928/214
f 2665/214 2666/211 928/214
f 2665/214 928/214 927/215
f 1172/111 927/215 928/214
f 1172/111 926/216 927/215
f 2664/215 927/215 926/216
f 2663/216 2664/215 926/216
f 2663/216 926/216 925/217
f 926/216 1047/218 925/217
f 925/217 1047/218 1048/219
f 2785/219 1048/219 1047/218
f 2784/218 2785/219 1047/218
f 2784/218 1047/218 1046/220
f 1091/221 1046/220 1047/218
f 1090/222 1091/221 1047/218
f 1089/188 1090/222 1047/218
f 2827/222 1090/222 1089/188
f 2827/222 2828/221 1090/222
f 2827/222 2784/218 2828/221
f 2828/221 2784/218 2783/220
f 2783/220 2829/223 2828/221
f 2828/221 2829/223 1091/221
f 2829/223 1092/223 1091/221
f 2829/223 2830/190 1092/223
f 2830/190 1093/190 1092/223
f 1046/220 1092/223 1093/190
f 1093/190 1098/208 1046/220
f 1046/220 1098/208 1045/224
f 2783/220 1046/220 1045/224
f 2782/224 2783/220 1045/224
f 2782/224 1045/224 1044/209
f 2783/220 2782/224 2835/208
f 2782/224 2781/209 2835/208
f 2830/190 2783/220 2835/208
f 2835/208 2834/191 2830/190
f 2830/190 2834/191 2854/186
f 2833/192 2854/186 2834/191
f 2833/192 2834/191 1096/192
f 2833/192 1096/192 1095/196
f 2855/193 2854/186 2833/192
f 2833/192 2832/196 2855/193
f 2854/186 2831/189 2830/190
f 2834/191 2835/208 1097/191
f 2835/208 1098/208 1097/191
f 2835/208 2836/207 1098/208
f 2836/207 2835/208 2790/206
f 2790/206 2800/205 2836/207
f 2836/207 2800/205 2799/200
f 2837/198 2836/207 2799/200
f 2836/207 2837/198 1099/207
f 2837/198 1100/198 1099/207
f 2800/205 2790/206 2801/204
f 2783/220 2830/190 2829/223
f 2826/188 2784/218 2827/222
f 2784/218 2826/188 2853/185
f 2784/218 2853/185 3004/127
f 2853/185 2875/129 3004/127
f 2875/129 2853/185 2852/181
f 2852/181 2876/184 2875/129
f 3004/127 3003/225 2784/218
f 2784/218 3003/225 3002/226
f 3002/226 3003/225 1265/226
f 3003/225 1266/225 1265/226
f 1047/218 1265/226 1266/225
f 1267/127 1047/218 1266/225
f 3004/127 1267/127 1266/225
f 1047/218 1267/127 1116/185
f 3002/226 1265/226 1264/227
f 926/216 1264/227 1265/226
f 1935/81 1264/227 926/216
f 1935/81 1866/228 1264/227
f 1264/227 1866/228 1867/229
f 3604/229 1867/229 1866/228
f 3603/228 3604/229 1866/228
f 3603/228 1866/228 1865/230
f 3602/230 3603/228 1865/230
f 3602/230 1865/230 1864/231
f 1865/230 1933/232 1864/231
f 1864/231 1933/232 1857/233
f 1857/233 1933/232 1848/234
f 1848/234 1933/232 1835/235
f 1835/235 1933/232 1824/236
f 1824/236 1933/232 1815/237
f 1815/237 1933/232 1809/238
f 1809/238 1933/232 1772/239
f 1772/239 1933/232 1777/240
f 1777/240 1933/232 1757/241
f 1757/241 1933/232 1771/242
f 1771/242 1933/232 1800/243
f 1933/232 1808/244 1800/243
f 3537/243 1800/243 1808/244
f 3545/244 3537/243 1808/244
f 3545/244 1808/244 1807/245
f 1808/244 1934/246 1807/245
f 1807/245 1934/246 1533/247
f 1533/247 1934/246 1766/248
f 1766/248 1934/246 1166/249
f 1166/249 1934/246 1165/250
f 1165/250 1934/246 1079/251
f 1079/251 1934/246 1003/252
f 1003/252 1934/246 1002/253
f 1934/246 1001/254 1002/253
f 2739/253 1002/253 1001/254
f 2738/254 2739/253 1001/254
f 2738/254 1001/254 1000/255
f 1001/254 226/256 1000/255
f 1000/255 226/256 227/257
f 1964/257 227/257 226/256
f 1963/256 1964/257 226/256
f 1963/256 226/256 225/258
f 226/256 205/259 225/258
f 225/258 205/259 206/260
f 1943/260 206/260 205/259
f 1942/259 1943/260 205/259
f 1942/259 205/259 211/261
f 1948/261 1942/259 211/261
f 1948/261 211/261 210/262
f 211/261 1001/254 210/262
f 1001/254 209/263 210/262
f 1947/262 210/262 209/263
f 1946/263 1947/262 209/263
f 1946/263 209/263 208/264
f 1934/246 208/264 209/263
f 1934/246 224/265 208/264
f 208/264 224/265 207/266
f 207/266 224/265 206/260
f 1944/266 207/266 206/260
f 1944/266 1945/264 207/266
f 1945/264 1944/266 1961/265
f 1944/266 1943/260 1961/265
f 1943/260 1962/258 1961/265
f 1961/265 1962/258 224/265
f 1962/258 225/258 224/265
f 1961/265 224/265 223/267
f 224/265 255/268 223/267
f 223/267 255/268 256/269
f 1993/269 256/269 255/268
f 1992/268 1993/269 255/268
f 1992/268 255/268 254/270
f 1991/270 1992/268 254/270
f 1991/270 254/270 253/271
f 254/270 295/272 253/271
f 296/273 253/271 295/272
f 2033/273 296/273 295/272
f 2032/272 2033/273 295/272
f 2032/272 295/272 294/274
f 1934/246 294/274 295/272
f 1934/246 281/275 294/274
f 294/274 281/275 282/276
f 2019/276 282/276 281/275
f 2018/275 2019/276 281/275
f 2018/275 281/275 280/277
f 281/275 268/278 280/277
f 280/277 268/278 269/279
f 2006/279 269/279 268/278
f 2005/278 2006/279 268/278
f 2005/278 268/278 267/280
f 1934/246 267/280 268/278
f 1934/246 244/281 267/280
f 267/280 244/281 245/282
f 1982/282 245/282 244/281
f 1981/281 1982/282 244/281
f 1981/281 244/281 243/283
f 244/281 217/284 243/283
f 243/283 217/284 218/285
f 1955/285 218/285 217/284
f 1954/284 1955/285 217/284
f 1954/284 217/284 216/286
f 1953/286 1954/284 216/286
f 1953/286 216/286 215/287
f 216/286 204/288 215/287
f 204/288 235/289 215/287
f 235/289 214/290 215/287
f 1952/287 215/287 214/290
f 1951/290 1952/287 214/290
f 1951/290 214/290 213/291
f 1950/291 1951/290 213/291
f 1950/291 213/291 212/292
f 212/292 213/291 242/293
f 235/289 242/293 213/291
f 235/289 308/294 242/293
f 309/295 242/293 308/294
f 2046/295 309/295 308/294
f 2045/294 2046/295 308/294
f 2045/294 308/294 307/296
f 308/294 236/297 307/296
f 307/296 236/297 237/298
f 1974/298 237/298 236/297
f 1973/297 1974/298 236/297
f 1973/297 236/297 235/289
f 1972/289 1973/297 235/289
f 1972/289 235/289 234/299
f 235/289 199/300 234/299
f 234/299 199/300 233/301
f 200/302 233/301 199/300
f 1937/302 200/302 199/300
f 1936/300 1937/302 199/300
f 1936/300 199/300 204/288
f 1941/288 1936/300 204/288
f 1941/288 204/288 203/303
f 1940/303 1941/288 203/303
f 1940/303 203/303 202/304
f 203/303 216/286 202/304
f 244/281 202/304 216/286
f 244/281 201/305 202/304
f 1939/304 202/304 201/305
f 1938/305 1939/304 201/305
f 1938/305 201/305 200/302
f 1981/281 1939/304 1938/305
f 3671/246 1981/281 1938/305
f 3671/246 1938/305 2345/102
f 1938/305 2346/306 2345/102
f 1938/305 1970/301 2346/306
f 1970/301 1969/307 2346/306
f 1969/307 2347/308 2346/306
f 2346/306 2347/308 609/306
f 2347/308 610/308 609/306
f 232/307 609/306 610/308
f 232/307 610/308 231/309
f 610/308 228/310 231/309
f 231/309 228/310 229/311
f 1966/311 229/311 228/310
f 1965/310 1966/311 228/310
f 1965/310 228/310 238/312
f 238/312 228/310 306/313
f 228/310 305/314 306/313
f 2043/313 306/313 305/314
f 2042/314 2043/313 305/314
f 2042/314 305/314 304/315
f 610/308 304/315 305/314
f 304/315 610/308 611/316
f 2348/316 611/316 610/308
f 2348/316 2349/317 611/316
f 2349/317 612/317 611/316
f 413/318 611/316 612/317
f 413/318 612/317 412/319
f 612/317 411/320 412/319
f 2149/319 412/319 411/320
f 2148/320 2149/319 411/320
f 2148/320 411/320 410/321
f 410/321 411/320 432/322
f 433/323 410/321 432/322
f 2170/323 433/323 432/322
f 2169/322 2170/323 432/322
f 2169/322 432/322 431/324
f 432/322 430/325 431/324
f 2168/324 431/324 430/325
f 2167/325 2168/324 430/325
f 2167/325 430/325 429/326
f 429/326 430/325 441/327
f 430/325 440/328 441/327
f 2178/327 441/327 440/328
f 2177/328 2178/327 440/328
f 2177/328 440/328 439/329
f 612/317 439/329 440/328
f 612/317 525/330 439/329
f 439/329 525/330 526/331
f 2263/331 526/331 525/330
f 2262/330 2263/331 525/330
f 2262/330 525/330 524/332
f 525/330 613/333 524/332
f 613/333 523/334 524/332
f 2261/332 524/332 523/334
f 2260/334 2261/332 523/334
f 2260/334 523/334 534/335
f 534/335 523/334 538/336
f 539/337 534/335 538/336
f 2276/337 539/337 538/336
f 2275/336 2276/337 538/336
f 2275/336 538/336 537/338
f 613/333 537/338 538/336
f 613/333 547/339 537/338
f 537/338 547/339 548/340
f 2285/340 548/340 547/339
f 2284/339 2285/340 547/339
f 2284/339 547/339 546/341
f 2283/341 2284/339 546/341
f 2283/341 546/341 545/342
f 545/342 546/341 559/343
f 559/343 546/341 614/344
f 546/341 613/333 614/344
f 2351/344 614/344 613/333
f 2350/333 2351/344 613/333
f 2350/333 613/333 612/317
f 2283/341 2351/344 2350/333
f 2296/343 2351/344 2283/341
f 2282/342 2296/343 2283/341
f 2297/345 2296/343 2282/342
f 2297/345 2282/342 2293/346
f 2293/346 2282/342 556/346
f 2282/342 545/342 556/346
f 560/345 556/346 545/342
f 561/347 556/346 560/345
f 2298/347 561/347 560/345
f 2297/345 2298/347 560/345
f 2297/345 560/345 559/343
f 2298/347 2299/348 561/347
f 2299/348 562/348 561/347
f 562/348 834/349 561/347
f 554/350 561/347 834/349
f 554/350 834/349 835/351
f 2572/351 835/351 834/349
f 2571/349 2572/351 834/349
f 2571/349 834/349 833/352
f 2570/352 2571/349 833/352
f 2570/352 833/352 832/353
f 832/353 833/352 1381/354
f 562/348 1381/354 833/352
f 1381/354 562/348 563/355
f 2300/355 563/355 562/348
f 2300/355 2301/356 563/355
f 2301/356 564/356 563/355
f 575/357 563/355 564/356
f 575/357 564/356 574/358
f 564/356 572/359 574/358
f 574/358 572/359 573/360
f 2310/360 573/360 572/359
f 2309/359 2310/360 572/359
f 2309/359 572/359 571/361
f 2308/361 2309/359 571/361
f 2308/361 571/361 570/362
f 571/361 566/363 570/362
f 566/363 557/364 570/362
f 614/344 570/362 557/364
f 614/344 557/364 558/365
f 2295/365 558/365 557/364
f 2294/364 2295/365 557/364
f 2351/344 2295/365 2294/364
f 2351/344 2294/364 2307/362
f 2303/363 2307/362 2294/364
f 2303/363 2294/364 566/363
f 2303/363 566/363 565/366
f 2302/366 2303/363 565/366
f 2302/366 565/366 564/356
f 571/361 564/356 565/366
f 2303/363 2302/366 2308/361
f 2308/361 2302/366 2301/356
f 2308/361 2307/362 2303/363
f 2351/344 2307/362 2306/367
f 2306/367 2307/362 569/367
f 2307/362 570/362 569/367
f 2306/367 569/367 568/368
f 614/344 568/368 569/367
f 568/368 614/344 615/369
f 2352/369 615/369 614/344
f 2352/369 2353/370 615/369
f 2353/370 616/370 615/369
f 591/371 615/369 616/370
f 616/370 590/372 591/371
f 2328/371 591/371 590/372
f 2327/372 2328/371 590/372
f 2327/372 590/372 599/373
f 624/374 599/373 590/372
f 625/375 599/373 624/374
f 2362/375 625/375 624/374
f 2361/374 2362/375 624/374
f 2361/374 624/374 623/376
f 624/374 617/377 623/376
f 623/376 617/377 600/378
f 2337/378 600/378 617/377
f 2354/377 2337/378 617/377
f 2354/377 617/377 616/370
f 2360/376 2337/378 2354/377
f 2361/374 2360/376 2354/377
f 2354/377 2353/370 2361/374
f 2353/370 2327/372 2361/374
f 2361/374 2327/372 2336/373
f 2360/376 2359/379 2337/378
f 2338/107 2337/378 2359/379
f 2338/107 2359/379 2358/109
f 2358/109 2359/379 621/109
f 2359/379 622/379 621/109
f 2358/109 621/109 620/380
f 1233/381 620/380 621/109
f 1233/381 621/109 1232/382
f 621/109 1231/383 1232/382
f 2969/382 1232/382 1231/383
f 2968/383 2969/382 1231/383
f 2968/383 1231/383 1230/384
f 2967/384 2968/383 1230/384
f 2967/384 1230/384 1229/385
f 621/109 1229/385 1230/384
f 621/109 1228/386 1229/385
f 2966/385 1229/385 1228/386
f 2965/386 2966/385 1228/386
f 2965/386 1228/386 1227/387
f 1227/387 1228/386 1225/388
f 1226/389 1227/387 1225/388
f 2963/389 1226/389 1225/388
f 2962/388 2963/389 1225/388
f 2962/388 1225/388 1224/390
f 621/109 1224/390 1225/388
f 2961/390 2962/388 1224/390
f 2961/390 1224/390 1223/391
f 1224/390 1538/392 1223/391
f 1223/391 1538/392 1222/393
f 1222/393 1538/392 1245/394
f 1538/392 1244/395 1245/394
f 2982/394 1245/394 1244/395
f 2981/395 2982/394 1244/395
f 2981/395 1244/395 1243/396
f 1244/395 1515/397 1243/396
f 1243/396 1515/397 1242/398
f 1515/397 1241/399 1242/398
f 2979/398 1242/398 1241/399
f 2978/399 2979/398 1241/399
f 2978/399 1241/399 1240/400
f 1241/399 1501/401 1240/400
f 1240/400 1501/401 1239/402
f 618/403 1239/402 1501/401
f 618/403 1501/401 1502/404
f 3239/404 1502/404 1501/401
f 3238/401 3239/404 1501/401
f 3238/401 1501/401 1512/405
f 1512/405 1501/401 1515/397
f 1516/406 1512/405 1515/397
f 3253/406 1516/406 1515/397
f 3252/397 3253/406 1515/397
f 3252/397 1515/397 1514/407
f 1515/397 1539/408 1514/407
f 1539/408 1513/409 1514/407
f 3251/407 1514/407 1513/409
f 3250/409 3251/407 1513/409
f 3250/409 1513/409 1525/410
f 1525/410 1513/409 1543/411
f 1544/412 1525/410 1543/411
f 3281/412 1544/412 1543/411
f 3280/411 3281/412 1543/411
f 3280/411 1543/411 1542/413
f 1543/411 1540/414 1542/413
f 1540/414 1535/415 1542/413
f 1535/415 1536/416 1542/413
f 1536/416 1541/417 1542/413
f 3279/413 1542/413 1541/417
f 3278/417 3279/413 1541/417
f 3278/417 1541/417 1550/418
f 1550/418 1541/417 1553/419
f 1541/417 1723/420 1553/419
f 1723/420 1552/421 1553/419
f 3290/419 1553/419 1552/421
f 3289/421 3290/419 1552/421
f 3289/421 1552/421 1551/422
f 1552/421 1564/423 1551/422
f 1561/424 1551/422 1564/423
f 1565/425 1561/424 1564/423
f 3302/425 1565/425 1564/423
f 3301/423 3302/425 1564/423
f 3301/423 1564/423 1563/426
f 1723/420 1563/426 1564/423
f 1723/420 1580/427 1563/426
f 1563/426 1580/427 1562/428
f 1572/429 1562/428 1580/427
f 1581/430 1572/429 1580/427
f 3318/430 1581/430 1580/427
f 3317/427 3318/430 1580/427
f 3317/427 1580/427 1579/431
f 3316/431 3317/427 1579/431
f 3316/431 1579/431 1578/432
f 1578/432 1579/431 1724/433
f 1579/431 1723/420 1724/433
f 3461/433 1724/433 1723/420
f 3460/420 3461/433 1723/420
f 3460/420 1723/420 1722/434
f 1536/416 1722/434 1723/420
f 1722/434 1536/416 1537/435
f 3274/435 1537/435 1536/416
f 3273/416 3274/435 1536/416
f 3459/434 3274/435 3273/416
f 3273/416 3460/420 3459/434
f 3273/416 3278/417 3460/420
f 3278/417 3290/419 3460/420
f 3287/418 3290/419 3278/417
f 3291/436 3290/419 3287/418
f 3291/436 3287/418 3286/437
f 3286/437 3287/418 1549/437
f 3287/418 1550/418 1549/437
f 1554/436 1549/437 1550/418
f 1555/438 1549/437 1554/436
f 3292/438 1555/438 1554/436
f 3291/436 3292/438 1554/436
f 3291/436 1554/436 1553/419
f 3292/438 3293/439 1555/438
f 3293/439 1556/439 1555/438
f 1548/440 1555/438 1556/439
f 1548/440 1556/439 1557/441
f 3294/441 1557/441 1556/439
f 3294/441 3295/442 1557/441
f 3295/442 1558/442 1557/441
f 1558/442 1759/443 1557/441
f 1568/444 1759/443 1558/442
f 1568/444 1558/442 1559/445
f 3296/445 1559/445 1558/442
f 3296/445 3297/446 1559/445
f 3297/446 1560/446 1559/445
f 1566/447 1559/445 1560/446
f 1566/447 1560/446 1565/425
f 3303/447 1566/447 1565/425
f 3303/447 3304/448 1566/447
f 3304/448 1567/448 1566/447
f 3304/448 3305/444 1567/448
f 3305/444 1568/444 1567/448
f 3305/444 3306/449 1568/444
f 3306/449 1569/449 1568/444
f 1584/450 1568/444 1569/449
f 1584/450 1569/449 1583/451
f 1583/451 1569/449 1570/452
f 3307/452 1570/452 1569/449
f 3307/452 3308/453 1570/452
f 3308/453 1571/453 1570/452
f 1582/454 1570/452 1571/453
f 1582/454 1571/453 1581/430
f 3319/454 1582/454 1581/430
f 3319/454 3320/451 1582/454
f 3320/451 1583/451 1582/454
f 3320/451 3321/450 1583/451
f 3321/450 3320/451 3306/449
f 3320/451 3307/452 3306/449
f 3307/452 3320/451 3319/454
f 3308/453 3309/429 1571/453
f 3309/429 1572/429 1571/453
f 3309/429 3299/428 1572/429
f 3309/429 3317/427 3299/428
f 3300/426 3299/428 3317/427
f 3460/420 3300/426 3317/427
f 3460/420 3301/423 3300/426
f 3460/420 3289/421 3301/423
f 3289/421 3288/422 3301/423
f 3298/424 3301/423 3288/422
f 3298/424 3288/422 1561/424
f 3298/424 1561/424 1560/446
f 3299/428 3300/426 1562/428
f 3318/430 3309/429 3308/453
f 3319/454 3318/430 3308/453
f 3319/454 3308/453 3307/452
f 1570/452 1582/454 1583/451
f 3321/450 1584/450 1583/451
f 3321/450 3322/455 1584/450
f 3322/455 1585/455 1584/450
f 1633/456 1584/450 1585/455
f 1633/456 1585/455 1632/457
f 1632/457 1585/455 1586/458
f 3323/458 1586/458 1585/455
f 3323/458 3315/432 1586/458
f 3315/432 1578/432 1586/458
f 1725/459 1586/458 1578/432
f 1586/458 1725/459 1631/460
f 1725/459 1726/461 1631/460
f 1726/461 1740/462 1631/460
f 1741/463 1631/460 1740/462
f 3478/463 1741/463 1740/462
f 3477/462 3478/463 1740/462
f 3477/462 1740/462 1739/464
f 3476/464 3477/462 1739/464
f 3476/464 1739/464 1738/465
f 1739/464 1646/466 1738/465
f 1738/465 1646/466 1647/467
f 3384/467 1647/467 1646/466
f 3383/466 3384/467 1646/466
f 3383/466 1646/466 1645/468
f 3382/468 3383/466 1645/468
f 3382/468 1645/468 1644/469
f 1645/468 1617/470 1644/469
f 1617/470 1587/471 1644/469
f 1588/472 1644/469 1587/471
f 3325/472 1588/472 1587/471
f 3324/471 3325/472 1587/471
f 3324/471 1587/471 1590/473
f 3327/473 3324/471 1590/473
f 3327/473 1590/473 1589/474
f 1618/475 1589/474 1590/473
f 1618/475 1590/473 1617/470
f 3355/475 1618/475 1617/470
f 3354/470 3355/475 1617/470
f 3354/470 1617/470 1616/476
f 3353/476 3354/470 1616/476
f 3353/476 1616/476 1615/477
f 1616/476 1613/478 1615/477
f 1615/477 1613/478 1614/479
f 3351/479 1614/479 1613/478
f 3350/478 3351/479 1613/478
f 3350/478 1613/478 1621/480
f 1613/478 1645/468 1621/480
f 1645/468 1620/481 1621/480
f 3358/480 1621/480 1620/481
f 3357/481 3358/480 1620/481
f 3357/481 1620/481 1619/482
f 1728/483 1619/482 1620/481
f 1728/483 1620/481 1609/484
f 1609/484 1620/481 1608/485
f 3346/484 1609/484 1608/485
f 3345/485 3346/484 1608/485
f 3345/485 1608/485 1607/486
f 1645/468 1607/486 1608/485
f 1645/468 1739/464 1607/486
f 1607/486 1739/464 1612/487
f 1612/487 1739/464 1611/488
f 1611/488 1739/464 1727/489
f 1739/464 1726/461 1727/489
f 3464/489 1727/489 1726/461
f 3463/461 3464/489 1726/461
f 3476/464 3464/489 3463/461
f 3348/488 3464/489 3476/464
f 3349/487 3348/488 3476/464
f 3344/486 3349/487 3476/464
f 3382/468 3344/486 3476/464
f 3382/468 3345/485 3344/486
f 3382/468 3357/481 3345/485
f 3349/487 3344/486 1612/487
f 3348/488 3349/487 1611/488
f 3348/488 1611/488 1610/490
f 3347/490 3348/488 1610/490
f 3347/490 1610/490 1609/484
f 3464/489 3348/488 3347/490
f 3347/490 3465/483 3464/489
f 3347/490 3346/484 3465/483
f 3465/483 3346/484 3357/481
f 3465/483 3357/481 3356/482
f 3356/482 3466/491 3465/483
f 3465/483 3466/491 1728/483
f 3466/491 1729/491 1728/483
f 3466/491 3467/492 1729/491
f 3467/492 1730/492 1729/491
f 1733/493 1729/491 1730/492
f 1731/494 1733/493 1730/492
f 3468/494 1731/494 1730/492
f 3468/494 3469/495 1731/494
f 3469/495 1732/495 1731/494
f 3469/495 3470/493 1732/495
f 3470/493 1733/493 1732/495
f 3470/493 3471/496 1733/493
f 3471/496 1734/496 1733/493
f 3471/496 3472/497 1734/496
f 3472/497 1735/497 1734/496
f 1643/498 1734/496 1735/497
f 1736/499 1643/498 1735/497
f 3473/499 1736/499 1735/497
f 3473/499 3474/500 1736/499
f 3474/500 1737/500 1736/499
f 1737/500 1641/501 1736/499
f 1641/501 1642/502 1736/499
f 3379/502 1642/502 1641/501
f 3378/501 3379/502 1641/501
f 3378/501 1641/501 1640/503
f 1641/501 1639/504 1640/503
f 3377/503 1640/503 1639/504
f 3376/504 3377/503 1639/504
f 3376/504 1639/504 1647/467
f 1737/500 1647/467 1639/504
f 3378/501 3377/503 3376/504
f 3378/501 3376/504 3474/500
f 3474/500 3376/504 3384/467
f 3475/465 3474/500 3384/467
f 3377/503 3378/501 1640/503
f 3378/501 3473/499 3379/502
f 3380/498 3379/502 3473/499
f 3473/499 3472/497 3380/498
f 3379/502 3380/498 1642/502
f 3380/498 1643/498 1642/502
f 3380/498 3381/469 1643/498
f 3381/469 1644/469 1643/498
f 3471/496 3381/469 3380/498
f 3471/496 3325/472 3381/469
f 3326/474 3325/472 3471/496
f 3326/474 3471/496 3466/491
f 1641/501 1737/500 1639/504
f 3474/500 3475/465 1737/500
f 3475/465 1738/465 1737/500
f 3474/500 3473/499 3378/501
f 1643/498 1736/499 1642/502
f 1734/496 1643/498 1644/469
f 3472/497 3473/499 1735/497
f 3380/498 3472/497 3471/496
f 3466/491 3471/496 3470/493
f 3470/493 3469/495 3468/494
f 3468/494 3467/492 3470/493
f 1733/493 1731/494 1732/495
f 1729/491 1733/493 1734/496
f 1589/474 1729/491 1734/496
f 1589/474 1734/496 1588/472
f 3326/474 1589/474 1588/472
f 1589/474 1619/482 1729/491
f 3467/492 3468/494 1730/492
f 3470/493 3467/492 3466/491
f 3465/483 1728/483 1727/489
f 1610/490 1727/489 1728/483
f 3326/474 3466/491 3356/482
f 3356/482 3355/475 3326/474
f 3355/475 3327/473 3326/474
f 3464/489 3465/483 1727/489
f 1727/489 1610/490 1611/488
f 3349/487 1612/487 1611/488
f 3344/486 1607/486 1612/487
f 3344/486 3345/485 1607/486
f 3346/484 3345/485 3357/481
f 3346/484 3347/490 1609/484
f 1610/490 1728/483 1609/484
f 1619/482 1728/483 1729/491
f 3356/482 3357/481 1619/482
f 3356/482 1619/482 1618/475
f 3382/468 3358/480 3357/481
f 3350/478 3358/480 3382/468
f 3353/476 3350/478 3382/468
f 3353/476 3352/477 3350/478
f 1645/468 1608/485 1620/481
f 3358/480 3350/478 1621/480
f 3352/477 3351/479 3350/478
f 3351/479 3352/477 1614/479
f 3352/477 1615/477 1614/479
f 1616/476 1645/468 1613/478
f 3352/477 3353/476 1615/477
f 3354/470 3353/476 3382/468
f 3382/468 3381/469 3354/470
f 3354/470 3381/469 3324/471
f 3355/475 3354/470 3327/473
f 3355/475 3356/482 1618/475
f 1619/482 1589/474 1618/475
f 3326/474 3327/473 1589/474
f 3354/470 3324/471 3327/473
f 3325/472 3324/471 3381/469
f 3325/472 3326/474 1588/472
f 1734/496 1644/469 1588/472
f 1617/470 1590/473 1587/471
f 1617/470 1645/468 1616/476
f 3381/469 3382/468 1644/469
f 3383/466 3382/468 3476/464
f 3476/464 3475/465 3383/466
f 3475/465 3384/467 3383/466
f 3384/467 3376/504 1647/467
f 1738/465 1647/467 1737/500
f 1646/466 1739/464 1645/468
f 3475/465 3476/464 1738/465
f 3463/461 3477/462 3476/464
f 3463/461 3368/460 3477/462
f 3462/459 3368/460 3463/461
f 3462/459 3463/461 1725/459
f 3462/459 1725/459 1724/433
f 3323/458 3368/460 3462/459
f 3369/457 3368/460 3323/458
f 3369/457 3323/458 3322/455
f 3370/456 3369/457 3322/455
f 3369/457 3370/456 1632/457
f 3369/457 1632/457 1631/460
f 3368/460 3369/457 1631/460
f 3368/460 1631/460 1630/505
f 3367/505 3368/460 1630/505
f 3367/505 1630/505 1629/506
f 1741/463 1629/506 1630/505
f 1629/506 1741/463 1742/507
f 3479/507 1742/507 1741/463
f 3479/507 3480/508 1742/507
f 3480/508 1743/508 1742/507
f 1750/509 1742/507 1743/508
f 1750/509 1743/508 1749/510
f 1749/510 1743/508 1744/511
f 3481/511 1744/511 1743/508
f 3481/511 3482/512 1744/511
f 3482/512 1745/512 1744/511
f 1748/513 1744/511 1745/512
f 1746/514 1748/513 1745/512
f 3483/514 1746/514 1745/512
f 3483/514 3484/515 1746/514
f 3484/515 1747/515 1746/514
f 3484/515 3485/513 1747/515
f 3485/513 1748/513 1747/515
f 3485/513 3486/510 1748/513
f 3486/510 1749/510 1748/513
f 3486/510 3487/509 1749/510
f 3487/509 3486/510 3480/508
f 3486/510 3481/511 3480/508
f 3486/510 3485/513 3481/511
f 3485/513 3484/515 3483/514
f 3483/514 3482/512 3485/513
f 1748/513 1746/514 1747/515
f 3482/512 3483/514 1745/512
f 3485/513 3482/512 3481/511
f 1749/510 1744/511 1748/513
f 3487/509 1750/509 1749/510
f 3487/509 3488/516 1750/509
f 3488/516 1751/516 1750/509
f 1751/516 1660/517 1750/509
f 1660/517 1751/516 1659/518
f 1751/516 1658/519 1659/518
f 3396/518 1659/518 1658/519
f 3395/519 3396/518 1658/519
f 3395/519 1658/519 1665/520
f 1784/521 1665/520 1658/519
f 1784/521 1658/519 1752/522
f 1752/522 1783/523 1784/521
f 3521/521 1784/521 1783/523
f 3520/523 3521/521 1783/523
f 3520/523 1783/523 1782/524
f 3519/524 3520/523 1782/524
f 3519/524 1782/524 1781/525
f 1782/524 1753/526 1781/525
f 1781/525 1753/526 1754/527
f 3491/527 1754/527 1753/526
f 3490/526 3491/527 1753/526
f 3490/526 1753/526 1752/522
f 3489/522 3490/526 1752/522
f 3489/522 1752/522 1751/516
f 3519/524 3490/526 3489/522
f 3519/524 3518/525 3490/526
f 3518/525 3491/527 3490/526
f 3492/528 3491/527 3518/525
f 3518/525 3517/529 3492/528
f 3492/528 3517/529 3516/530
f 3516/530 3517/529 1779/530
f 3517/529 1780/529 1779/530
f 1755/528 1779/530 1780/529
f 1781/525 1755/528 1780/529
f 3518/525 1781/525 1780/529
f 1779/530 1755/528 1756/531
f 3493/531 1756/531 1755/528
f 3492/528 3493/531 1755/528
f 3492/528 1755/528 1754/527
f 3493/531 3422/532 1756/531
f 3422/532 1685/532 1756/531
f 1778/533 1756/531 1685/532
f 1847/534 1778/533 1685/532
f 1685/532 1846/535 1847/534
f 3584/534 1847/534 1846/535
f 3583/535 3584/534 1846/535
f 3583/535 1846/535 1845/536
f 1846/535 1687/537 1845/536
f 1690/538 1845/536 1687/537
f 1688/539 1690/538 1687/537
f 3425/539 1688/539 1687/537
f 3424/537 3425/539 1687/537
f 3424/537 1687/537 1686/540
f 3423/540 3424/537 1686/540
f 3423/540 1686/540 1685/532
f 3424/537 3423/540 3583/535
f 3583/535 3423/540 3422/532
f 3583/535 3582/536 3424/537
f 3427/538 3424/537 3582/536
f 3427/538 3582/536 3581/541
f 3581/541 3582/536 1844/541
f 3582/536 1845/536 1844/541
f 3581/541 1844/541 1843/542
f 1690/538 1843/542 1844/541
f 1928/543 1843/542 1690/538
f 1928/543 1690/538 1691/544
f 3428/544 1691/544 1690/538
f 3427/538 3428/544 1690/538
f 3427/538 1690/538 1689/545
f 3426/545 3427/538 1689/545
f 3426/545 1689/545 1688/539
f 3425/539 3427/538 3426/545
f 3665/543 3428/544 3427/538
f 3665/543 3427/538 3580/542
f 3665/543 3580/542 3579/546
f 3579/546 3580/542 1842/546
f 3580/542 1843/542 1842/546
f 3579/546 1842/546 1841/547
f 1928/543 1841/547 1842/546
f 1841/547 1928/543 1929/548
f 3666/548 1929/548 1928/543
f 3665/543 3666/548 1928/543
f 3665/543 1928/543 1927/549
f 1651/550 1927/549 1928/543
f 1928/543 1692/551 1651/550
f 1692/551 1650/552 1651/550
f 3388/550 1651/550 1650/552
f 3387/552 3388/550 1650/552
f 3387/552 1650/552 1649/553
f 1650/552 1693/554 1649/553
f 1693/554 1648/555 1649/553
f 3386/553 1649/553 1648/555
f 3385/555 3386/553 1648/555
f 3385/555 1648/555 1657/556
f 1648/555 1694/557 1657/556
f 1694/557 1656/558 1657/556
f 3394/556 1657/556 1656/558
f 3393/558 3394/556 1656/558
f 3393/558 1656/558 1655/559
f 1695/560 1655/559 1656/558
f 1696/561 1655/559 1695/560
f 3433/561 1696/561 1695/560
f 3432/560 3433/561 1695/560
f 3432/560 1695/560 1694/557
f 3431/557 3432/560 1694/557
f 3431/557 1694/557 1693/554
f 3430/554 3431/557 1693/554
f 3430/554 1693/554 1692/551
f 3429/551 3430/554 1692/551
f 3429/551 1692/551 1691/544
f 3430/554 3429/551 3387/552
f 3387/552 3386/553 3430/554
f 3431/557 3430/554 3385/555
f 3385/555 3394/556 3431/557
f 3432/560 3431/557 3393/558
f 3432/560 3393/558 3392/559
f 3433/561 3432/560 3392/559
f 3392/559 3328/562 3433/561
f 3328/562 3333/563 3433/561
f 3445/564 3433/561 3333/563
f 3445/564 3333/563 3332/565
f 3332/565 3333/563 1595/565
f 3333/563 1596/563 1595/565
f 1708/564 1595/565 1596/563
f 1708/564 1596/563 1696/561
f 1591/562 1696/561 1596/563
f 3328/562 1591/562 1596/563
f 3328/562 3329/566 1591/562
f 3329/566 1592/566 1591/562
f 1602/567 1591/562 1592/566
f 1602/567 1592/566 1601/568
f 1592/566 1600/569 1601/568
f 3338/568 1601/568 1600/569
f 3337/569 3338/568 1600/569
f 3337/569 1600/569 1599/570
f 1710/571 1599/570 1600/569
f 1710/571 1600/569 1593/572
f 1594/573 1710/571 1593/572
f 3331/573 1594/573 1593/572
f 3330/572 3331/573 1593/572
f 3330/572 1593/572 1592/566
f 3331/573 3330/572 3447/571
f 3447/571 3330/572 3337/569
f 3330/572 3329/566 3337/569
f 3447/571 3337/569 3336/570
f 3336/570 3448/574 3447/571
f 3447/571 3448/574 1710/571
f 3448/574 1711/574 1710/571
f 3448/574 3449/575 1711/574
f 3449/575 1712/575 1711/574
f 1712/575 1925/576 1711/574
f 1925/576 1576/577 1711/574
f 1576/577 1599/570 1711/574
f 1577/578 1599/570 1576/577
f 3314/578 1577/578 1576/577
f 3313/577 3314/578 1576/577
f 3313/577 1576/577 1575/579
f 1576/577 1926/580 1575/579
f 1926/580 1574/581 1575/579
f 3312/579 1575/579 1574/581
f 3311/581 3312/579 1574/581
f 3311/581 1574/581 1573/582
f 3310/582 3311/581 1573/582
f 3310/582 1573/582 1577/578
f 1598/583 1577/578 1573/582
f 1597/584 1598/583 1573/582
f 1597/584 1573/582 1627/585
f 1926/580 1627/585 1573/582
f 1926/580 1626/586 1627/585
f 3364/585 1627/585 1626/586
f 3363/586 3364/585 1626/586
f 3363/586 1626/586 1625/587
f 3362/587 3363/586 1625/587
f 3362/587 1625/587 1624/588
f 1625/587 1653/589 1624/588
f 1653/589 1623/590 1624/588
f 3361/588 1624/588 1623/590
f 3360/590 3361/588 1623/590
f 3360/590 1623/590 1622/591
f 1623/590 1654/592 1622/591
f 1654/592 1628/593 1622/591
f 3359/591 1622/591 1628/593
f 3365/593 3359/591 1628/593
f 3365/593 1628/593 1627/585
f 3391/592 3359/591 3365/593
f 3392/559 3391/592 3365/593
f 3339/567 3392/559 3365/593
f 3365/593 3340/594 3339/567
f 3339/567 3340/594 1602/567
f 3340/594 1603/594 1602/567
f 1628/593 1602/567 1603/594
f 1606/595 1628/593 1603/594
f 1606/595 1603/594 1604/596
f 3341/596 1604/596 1603/594
f 3341/596 3342/597 1604/596
f 3342/597 1605/597 1604/596
f 3342/597 3343/595 1605/597
f 3343/595 1606/595 1605/597
f 3343/595 3334/584 1606/595
f 3334/584 1597/584 1606/595
f 3334/584 3335/583 1597/584
f 3334/584 3310/582 3335/583
f 3335/583 3310/582 3314/578
f 3336/570 3335/583 3314/578
f 3335/583 3336/570 1598/583
f 3336/570 1599/570 1598/583
f 3334/584 3364/585 3310/582
f 3663/580 3310/582 3364/585
f 3365/593 3364/585 3334/584
f 3334/584 3343/595 3365/593
f 3341/596 3343/595 3342/597
f 3343/595 3341/596 3340/594
f 1604/596 1605/597 1606/595
f 1597/584 1628/593 1606/595
f 1602/567 1628/593 1655/559
f 3340/594 3341/596 1603/594
f 3343/595 3340/594 3365/593
f 3391/592 3392/559 1654/592
f 3392/559 1655/559 1654/592
f 3391/592 1654/592 1653/589
f 3390/589 3391/592 1653/589
f 3390/589 1653/589 1652/598
f 3389/598 3390/589 1652/598
f 3389/598 1652/598 1651/550
f 3390/589 3389/598 3362/587
f 3362/587 3389/598 3664/549
f 3664/549 3389/598 3388/550
f 3388/550 3665/543 3664/549
f 3665/543 3388/550 3429/551
f 3362/587 3664/549 3663/580
f 3663/580 3664/549 1926/580
f 3664/549 1927/549 1926/580
f 1625/587 1926/580 1927/549
f 1625/587 1927/549 1652/598
f 3663/580 1926/580 1925/576
f 3662/576 3663/580 1925/576
f 3662/576 1925/576 1924/599
f 3661/599 3662/576 1924/599
f 3661/599 1924/599 1923/600
f 1713/601 1923/600 1924/599
f 1713/601 1924/599 1712/575
f 3450/601 1713/601 1712/575
f 3450/601 3451/602 1713/601
f 3451/602 1714/602 1713/601
f 3451/602 3452/603 1714/602
f 3452/603 1715/603 1714/602
f 1715/603 1921/604 1714/602
f 1714/602 1921/604 1922/605
f 3659/605 1922/605 1921/604
f 3658/604 3659/605 1921/604
f 3658/604 1921/604 1920/606
f 3657/606 3658/604 1920/606
f 3657/606 1920/606 1919/607
f 1920/606 1715/603 1919/607
f 1919/607 1715/603 1461/608
f 1715/603 1460/609 1461/608
f 3198/608 1461/608 1460/609
f 3197/609 3198/608 1460/609
f 3197/609 1460/609 1475/610
f 1716/611 1475/610 1460/609
f 1717/612 1475/610 1716/611
f 3454/612 1717/612 1716/611
f 3453/611 3454/612 1716/611
f 3453/611 1716/611 1715/603
f 3454/612 3453/611 3212/610
f 3453/611 3197/609 3212/610
f 3453/611 3452/603 3197/609
f 3454/612 3212/610 3211/613
f 3211/613 3212/610 1474/613
f 3212/610 1475/610 1474/613
f 3211/613 1474/613 1473/614
f 1417/615 1473/614 1474/613
f 1416/616 1417/615 1474/613
f 1414/617 1416/616 1474/613
f 1413/618 1414/617 1474/613
f 1474/613 1719/619 1413/618
f 1413/618 1719/619 1412/620
f 1719/619 1411/621 1412/620
f 3149/620 1412/620 1411/621
f 3148/621 3149/620 1411/621
f 3148/621 1411/621 1432/622
f 1411/621 1720/623 1432/622
f 1720/623 1431/624 1432/622
f 3169/622 1432/622 1431/624
f 3168/624 3169/622 1431/624
f 3168/624 1431/624 1430/625
f 1431/624 1721/626 1430/625
f 1721/626 1429/627 1430/625
f 3167/625 1430/625 1429/627
f 3166/627 3167/625 1429/627
f 3166/627 1429/627 1428/628
f 1537/435 1428/628 1429/627
f 1538/392 1428/628 1537/435
f 3275/392 1538/392 1537/435
f 3275/392 3276/408 1538/392
f 3276/408 1539/408 1538/392
f 3276/408 3277/414 1539/408
f 3277/414 1540/414 1539/408
f 3277/414 3272/415 1540/414
f 3277/414 3279/413 3272/415
f 3272/415 3279/413 3273/416
f 3272/415 3273/416 1535/415
f 3280/411 3279/413 3277/414
f 3280/411 3277/414 3276/408
f 3276/408 3250/409 3280/411
f 3262/410 3280/411 3250/409
f 3276/408 3275/392 3252/397
f 3275/392 2981/395 3252/397
f 2981/395 2980/396 3252/397
f 2980/396 2979/398 3252/397
f 3252/397 3251/407 3276/408
f 1428/628 1538/392 1427/629
f 3165/628 1428/628 1427/629
f 3164/629 3165/628 1427/629
f 3164/629 1427/629 1426/630
f 1309/631 1426/630 1427/629
f 1427/629 1224/390 1309/631
f 1309/631 1224/390 1308/121
f 3046/631 1309/631 1308/121
f 3046/631 3047/632 1309/631
f 3047/632 1310/632 1309/631
f 1469/633 1309/631 1310/632
f 1468/634 1469/633 1310/632
f 1463/635 1468/634 1310/632
f 1311/636 1463/635 1310/632
f 3048/636 1311/636 1310/632
f 3048/636 3041/637 1311/636
f 3041/637 1304/637 1311/636
f 1462/638 1311/636 1304/637
f 1462/638 1304/637 1461/608
f 1304/637 1305/639 1461/608
f 1305/639 1306/122 1461/608
f 3043/122 1306/122 1305/639
f 3042/639 3043/122 1305/639
f 3042/639 3198/608 3043/122
f 3043/122 3198/608 3656/607
f 3656/607 3198/608 3452/603
f 3657/606 3656/607 3452/603
f 3041/637 3198/608 3042/639
f 3199/638 3198/608 3041/637
f 3042/639 1305/639 1304/637
f 3199/638 1462/638 1461/608
f 3199/638 3200/635 1462/638
f 3200/635 1463/635 1462/638
f 3200/635 3201/640 1463/635
f 3201/640 1464/640 1463/635
f 3201/640 3202/641 1464/640
f 3202/641 1465/641 1464/640
f 1468/634 1464/640 1465/641
f 1468/634 1465/641 1466/642
f 3203/642 1466/642 1465/641
f 3203/642 3204/643 1466/642
f 3204/643 1467/643 1466/642
f 3204/643 3205/634 1467/643
f 3205/634 1468/634 1467/643
f 3205/634 3206/633 1468/634
f 3205/634 3047/632 3206/633
f 3200/635 3047/632 3205/634
f 3048/636 3047/632 3200/635
f 3205/634 3204/643 3203/642
f 3205/634 3203/642 3202/641
f 1468/634 1466/642 1467/643
f 3202/641 3203/642 1465/641
f 3205/634 3202/641 3201/640
f 3205/634 3201/640 3200/635
f 3200/635 3199/638 3048/636
f 3041/637 3042/639 1304/637
f 3199/638 3041/637 3048/636
f 1463/635 1311/636 1462/638
f 1468/634 1463/635 1464/640
f 3206/633 1469/633 1468/634
f 3206/633 3207/644 1469/633
f 3207/644 1470/644 1469/633
f 3207/644 3208/645 1470/644
f 3208/645 1471/645 1470/644
f 1309/631 1470/644 1471/645
f 1309/631 1471/645 1423/646
f 1472/647 1423/646 1471/645
f 3209/647 1472/647 1471/645
f 3209/647 3210/614 1472/647
f 3210/614 1473/614 1472/647
f 1420/648 1472/647 1473/614
f 1420/648 1473/614 1419/649
f 1473/614 1418/650 1419/649
f 3156/649 1419/649 1418/650
f 3155/650 3156/649 1418/650
f 3155/650 1418/650 1417/615
f 3154/615 3155/650 1417/615
f 3210/614 3155/650 3154/615
f 3154/615 3211/613 3210/614
f 3153/616 3211/613 3154/615
f 3153/616 3154/615 1416/616
f 3153/616 1416/616 1415/651
f 3152/651 3153/616 1415/651
f 3152/651 1415/651 1414/617
f 3151/617 3152/651 1414/617
f 3152/651 3151/617 3153/616
f 3151/617 3211/613 3153/616
f 3150/618 3211/613 3151/617
f 3150/618 3151/617 1413/618
f 3211/613 3150/618 3456/619
f 3150/618 3149/620 3456/619
f 3456/619 3455/652 3211/613
f 3455/652 3456/619 1718/652
f 3456/619 1719/619 1718/652
f 3456/619 3457/623 1719/619
f 3457/623 1720/623 1719/619
f 3457/623 3458/626 1720/623
f 3458/626 1721/626 1720/623
f 3458/626 3459/434 1721/626
f 3459/434 1722/434 1721/626
f 3458/626 3457/623 3168/624
f 3168/624 3167/625 3458/626
f 3457/623 3456/619 3148/621
f 3148/621 3169/622 3457/623
f 3455/652 1718/652 1717/612
f 1474/613 1717/612 1718/652
f 3210/614 3156/649 3155/650
f 3157/648 3156/649 3210/614
f 3156/649 3157/648 1419/649
f 3157/648 1420/648 1419/649
f 3157/648 3158/653 1420/648
f 3158/653 1421/653 1420/648
f 3158/653 3159/654 1421/653
f 3159/654 1422/654 1421/653
f 1472/647 1421/653 1422/654
f 3159/654 3160/646 1422/654
f 3160/646 1423/646 1422/654
f 3160/646 3161/655 1423/646
f 3161/655 1424/655 1423/646
f 1425/656 1423/646 1424/655
f 3162/656 1425/656 1424/655
f 3162/656 3163/630 1425/656
f 3163/630 1426/630 1425/656
f 3163/630 3162/656 3160/646
f 3046/631 3163/630 3160/646
f 3046/631 3160/646 3208/645
f 3209/647 3208/645 3160/646
f 3046/631 3164/629 3163/630
f 3164/629 3046/631 2961/390
f 3046/631 3045/121 2961/390
f 2358/109 2961/390 3045/121
f 3164/629 2961/390 3275/392
f 2961/390 2960/391 3275/392
f 2960/391 2959/393 3275/392
f 2959/393 2982/394 3275/392
f 2959/393 2960/391 1222/393
f 1426/630 1423/646 1425/656
f 3161/655 3162/656 1424/655
f 3162/656 3161/655 3160/646
f 3160/646 3159/654 3209/647
f 3209/647 3159/654 3158/653
f 3209/647 3158/653 3157/648
f 1472/647 1420/648 1421/653
f 3157/648 3210/614 3209/647
f 1423/646 1472/647 1422/654
f 3208/645 3209/647 1471/645
f 3046/631 3208/645 3207/644
f 3046/631 3207/644 3206/633
f 1309/631 1469/633 1470/644
f 3047/632 3048/636 1310/632
f 3206/633 3047/632 3046/631
f 1309/631 1423/646 1426/630
f 3163/630 3164/629 1426/630
f 3165/628 3164/629 3275/392
f 3275/392 3274/435 3165/628
f 3274/435 3166/627 3165/628
f 3274/435 3458/626 3166/627
f 3165/628 3166/627 1428/628
f 3458/626 3167/625 3166/627
f 1537/435 1429/627 1721/626
f 3167/625 3168/624 1430/625
f 3457/623 3169/622 3168/624
f 1721/626 1431/624 1720/623
f 3169/622 3148/621 1432/622
f 3456/619 3149/620 3148/621
f 3149/620 3150/618 1412/620
f 1720/623 1411/621 1719/619
f 3150/618 1413/618 1412/620
f 1719/619 1474/613 1718/652
f 3151/617 1414/617 1413/618
f 1415/651 1416/616 1414/617
f 3154/615 1417/615 1416/616
f 1473/614 1417/615 1418/650
f 3210/614 3211/613 1473/614
f 3211/613 3455/652 3454/612
f 3454/612 3455/652 1717/612
f 1717/612 1474/613 1475/610
f 3212/610 3197/609 1475/610
f 3452/603 3198/608 3197/609
f 3198/608 3199/638 1461/608
f 1716/611 1460/609 1715/603
f 1306/122 1919/607 1461/608
f 3656/607 3657/606 1919/607
f 3656/607 1919/607 1918/657
f 1919/607 1263/658 1918/657
f 1263/658 1369/659 1918/657
f 1918/657 1369/659 1917/660
f 1917/660 1369/659 1370/661
f 3107/661 1370/661 1369/659
f 3106/659 3107/661 1369/659
f 3106/659 1369/659 1368/662
f 1369/659 1868/663 1368/662
f 1868/663 1367/664 1368/662
f 3105/662 1368/662 1367/664
f 3104/664 3105/662 1367/664
f 3104/664 1367/664 1366/665
f 1367/664 1869/666 1366/665
f 1869/666 1873/667 1366/665
f 1873/667 1189/668 1366/665
f 1190/669 1366/665 1189/668
f 2927/669 1190/669 1189/668
f 2926/668 2927/669 1189/668
f 2926/668 1189/668 1188/670
f 2925/670 2926/668 1188/670
f 2925/670 1188/670 1187/671
f 1188/670 1874/672 1187/671
f 1874/672 1186/673 1187/671
f 2924/671 1187/671 1186/673
f 2923/673 2924/671 1186/673
f 2923/673 1186/673 1185/674
f 1186/673 1212/675 1185/674
f 1185/674 1212/675 1184/676
f 1212/675 1191/677 1184/676
f 2921/676 1184/676 1191/677
f 2928/677 2921/676 1191/677
f 2928/677 1191/677 1190/669
f 1365/678 1190/669 1191/677
f 1365/678 1191/677 1364/679
f 3102/678 1365/678 1364/679
f 3101/679 3102/678 1364/679
f 3101/679 1364/679 1363/680
f 1364/679 1213/681 1363/680
f 1363/680 1213/681 1214/682
f 2951/682 1214/682 1213/681
f 2950/681 2951/682 1213/681
f 2950/681 1213/681 1212/675
f 2949/675 2950/681 1212/675
f 2949/675 1212/675 1211/683
f 1212/675 1220/684 1211/683
f 1220/684 1255/685 1211/683
f 1211/683 1255/685 1210/686
f 1210/686 1255/685 1257/687
f 1257/687 1255/685 1256/688
f 2993/688 1256/688 1255/685
f 2992/685 2993/688 1255/685
f 2992/685 1255/685 1254/689
f 1255/685 1221/690 1254/689
f 1221/690 1215/691 1254/689
f 1876/692 1254/689 1215/691
f 1876/692 1215/691 1216/693
f 2953/693 1216/693 1215/691
f 2952/691 2953/693 1215/691
f 3613/692 2953/693 2952/691
f 3613/692 2952/691 2991/689
f 2958/690 2991/689 2952/691
f 2958/690 2952/691 1221/690
f 2958/690 1221/690 1220/684
f 2957/684 2958/690 1220/684
f 2957/684 1220/684 1219/694
f 1874/672 1219/694 1220/684
f 1219/694 1874/672 1875/695
f 3612/695 1875/695 1874/672
f 3611/672 3612/695 1874/672
f 3611/672 1874/672 1873/667
f 3610/667 3611/672 1873/667
f 3610/667 1873/667 1872/696
f 1870/697 1872/696 1873/667
f 1871/698 1872/696 1870/697
f 3608/698 1871/698 1870/697
f 3607/697 3608/698 1870/697
f 3607/697 1870/697 1869/666
f 3606/666 3607/697 1869/666
f 3606/666 1869/666 1868/663
f 3605/663 3606/666 1868/663
f 3605/663 1868/663 1867/229
f 1263/658 1867/229 1868/663
f 3104/664 3606/666 3605/663
f 3104/664 3103/665 3606/666
f 3606/666 3103/665 3610/667
f 3610/667 3103/665 2926/668
f 3606/666 3610/667 3607/697
f 3607/697 3610/667 3609/696
f 3608/698 3607/697 3609/696
f 3608/698 3609/696 1871/698
f 3609/696 1872/696 1871/698
f 3609/696 3610/667 1872/696
f 2925/670 3611/672 3610/667
f 2925/670 2924/671 3611/672
f 2956/694 3612/695 3611/672
f 3611/672 2957/684 2956/694
f 3611/672 2923/673 2957/684
f 2957/684 2923/673 2949/675
f 2923/673 2922/674 2949/675
f 2922/674 2921/676 2949/675
f 2949/675 2948/683 2957/684
f 2957/684 2948/683 2992/685
f 2948/683 2947/686 2992/685
f 2947/686 2994/687 2992/685
f 2994/687 2947/686 2946/699
f 2946/699 2947/686 1209/699
f 2947/686 1210/686 1209/699
f 2946/699 1209/699 1208/700
f 1257/687 1208/700 1209/699
f 1258/701 1208/700 1257/687
f 2995/701 1258/701 1257/687
f 2994/687 2995/701 1257/687
f 2995/701 2994/687 2945/700
f 2995/701 2945/700 2987/702
f 2987/702 2945/700 2951/682
f 2951/682 2988/703 2987/702
f 2987/702 2988/703 1250/702
f 2988/703 1251/703 1250/702
f 1214/682 1250/702 1251/703
f 1251/703 1362/704 1214/682
f 1362/704 1251/703 1361/705
f 1251/703 1272/706 1361/705
f 1361/705 1272/706 1273/707
f 3010/707 1273/707 1272/706
f 3009/706 3010/707 1272/706
f 3009/706 1272/706 1271/708
f 1272/706 1280/709 1271/708
f 1280/709 1270/710 1271/708
f 3008/708 1271/708 1270/710
f 3007/710 3008/708 1270/710
f 3007/710 1270/710 1274/711
f 1340/712 1274/711 1270/710
f 1340/712 1270/710 1339/713
f 3077/712 1340/712 1339/713
f 3076/713 3077/712 1339/713
f 3076/713 1339/713 1338/714
f 1280/709 1338/714 1339/713
f 1338/714 1280/709 1275/715
f 3012/715 1275/715 1280/709
f 3017/709 3012/715 1280/709
f 3017/709 1280/709 1279/716
f 1280/709 1248/717 1279/716
f 1258/701 1279/716 1248/717
f 1258/701 1248/717 1249/718
f 2986/718 1249/718 1248/717
f 2985/717 2986/718 1248/717
f 2985/717 1248/717 1247/719
f 2984/719 2985/717 1247/719
f 2984/719 1247/719 1246/720
f 1280/709 1246/720 1247/719
f 2983/720 2984/719 1246/720
f 2983/720 1246/720 1251/703
f 3017/709 2984/719 2983/720
f 3017/709 2983/720 3009/706
f 3009/706 2983/720 2988/703
f 2988/703 3098/705 3009/706
f 3099/704 3098/705 2988/703
f 3098/705 3099/704 1361/705
f 3098/705 1361/705 1360/721
f 3097/721 3098/705 1360/721
f 3097/721 1360/721 1359/722
f 1360/721 1273/707 1359/722
f 1359/722 1273/707 1274/711
f 3011/711 1274/711 1273/707
f 3096/722 3097/721 1359/722
f 3096/722 1359/722 1358/723
f 1340/712 1358/723 1359/722
f 1341/724 1358/723 1340/712
f 3078/724 1341/724 1340/712
f 3078/724 3079/725 1341/724
f 3079/725 1342/725 1341/724
f 3079/725 3080/726 1342/725
f 3080/726 1343/726 1342/725
f 1350/727 1342/725 1343/726
f 1344/728 1350/727 1343/726
f 1344/728 1343/726 1902/729
f 1343/726 1888/730 1902/729
f 1902/729 1888/730 1901/731
f 1901/731 1888/730 1889/732
f 3626/732 1889/732 1888/730
f 3625/730 3626/732 1888/730
f 3625/730 1888/730 1887/733
f 1888/730 1880/734 1887/733
f 1887/733 1880/734 1881/735
f 3618/735 1881/735 1880/734
f 3617/734 3618/735 1880/734
f 3617/734 1880/734 1879/736
f 3616/736 3617/734 1879/736
f 3616/736 1879/736 1878/737
f 1879/736 1335/738 1878/737
f 1335/738 1336/739 1878/737
f 1336/739 1877/740 1878/737
f 3615/737 1878/737 1877/740
f 3614/740 3615/737 1877/740
f 3614/740 1877/740 1876/692
f 1253/741 1876/692 1877/740
f 1877/740 1252/742 1253/741
f 2990/741 1253/741 1252/742
f 2989/742 2990/741 1252/742
f 2989/742 1252/742 1260/743
f 1252/742 1278/744 1260/743
f 1278/744 1259/745 1260/743
f 2997/743 1260/743 1259/745
f 2996/745 2997/743 1259/745
f 2996/745 1259/745 1258/701
f 3015/744 2997/743 2996/745
f 3016/716 3015/744 2996/745
f 3016/716 2996/745 2995/701
f 2995/701 2985/717 3016/716
f 3017/709 3016/716 2985/717
f 3015/744 3016/716 1278/744
f 3016/716 1279/716 1278/744
f 3015/744 1278/744 1277/746
f 1278/744 1877/740 1277/746
f 1877/740 1276/747 1277/746
f 3014/746 1277/746 1276/747
f 3013/747 3014/746 1276/747
f 3013/747 1276/747 1275/715
f 1276/747 1337/748 1275/715
f 1337/748 1276/747 1336/739
f 3074/748 1337/748 1336/739
f 3073/739 3074/748 1336/739
f 3074/748 3073/739 3013/747
f 3614/740 3013/747 3073/739
f 3013/747 3012/715 3074/748
f 3074/748 3012/715 3075/714
f 3074/748 3075/714 1337/748
f 3075/714 1338/714 1337/748
f 3614/740 3014/746 3013/747
f 3015/744 3014/746 3614/740
f 3614/740 2989/742 3015/744
f 3014/746 3015/744 1277/746
f 2989/742 2997/743 3015/744
f 1279/716 1259/745 1278/744
f 2997/743 2989/742 1260/743
f 3614/740 2990/741 2989/742
f 2990/741 3614/740 3613/692
f 2990/741 2991/689 1253/741
f 2991/689 1254/689 1253/741
f 1877/740 1278/744 1252/742
f 3613/692 3614/740 1876/692
f 3613/692 1876/692 1875/695
f 1217/749 1875/695 1876/692
f 1875/695 1217/749 1218/750
f 2955/750 1218/750 1217/749
f 2954/749 2955/750 1217/749
f 2954/749 1217/749 1216/693
f 3612/695 2955/750 2954/749
f 2954/749 3613/692 3612/695
f 2955/750 2956/694 1218/750
f 2956/694 1219/694 1218/750
f 3073/739 3615/737 3614/740
f 3072/738 3615/737 3073/739
f 3072/738 3073/739 1335/738
f 3072/738 1335/738 1334/751
f 3071/751 3072/738 1334/751
f 3071/751 1334/751 1333/752
f 1334/751 1879/736 1333/752
f 1879/736 1343/726 1333/752
f 3070/752 1333/752 1343/726
f 3070/752 3071/751 1333/752
f 3071/751 3070/752 3616/736
f 3616/736 3070/752 3080/726
f 3080/726 3625/730 3616/736
f 3080/726 3639/729 3625/730
f 3639/729 3638/731 3625/730
f 3638/731 3639/729 1901/731
f 3638/731 1901/731 1900/753
f 1901/731 1890/754 1900/753
f 1900/753 1890/754 1891/755
f 3628/755 1891/755 1890/754
f 3627/754 3628/755 1890/754
f 3627/754 1890/754 1889/732
f 3637/753 3628/755 3627/754
f 3638/731 3637/753 3627/754
f 3627/754 3626/732 3638/731
f 3637/753 3636/756 3628/755
f 3636/756 3629/757 3628/755
f 3636/756 3635/758 3629/757
f 3635/758 3630/759 3629/757
f 3629/757 3630/759 1892/757
f 3630/759 1893/759 1892/757
f 1898/758 1892/757 1893/759
f 1894/760 1898/758 1893/759
f 3631/760 1894/760 1893/759
f 3631/760 3632/761 1894/760
f 3632/761 1895/761 1894/760
f 1896/762 1894/760 1895/761
f 3633/762 1896/762 1895/761
f 3633/762 3634/763 1896/762
f 3634/763 1897/763 1896/762
f 3634/763 3635/758 1897/763
f 3635/758 1898/758 1897/763
f 3635/758 3634/763 3631/760
f 3631/760 3634/763 3633/762
f 1894/760 1896/762 1897/763
f 3632/761 3633/762 1895/761
f 3633/762 3632/761 3631/760
f 1898/758 1894/760 1897/763
f 1899/756 1892/757 1898/758
f 3636/756 1899/756 1898/758
f 1899/756 1891/755 1892/757
f 3630/759 3631/760 1893/759
f 3629/757 1892/757 1891/755
f 3631/760 3630/759 3635/758
f 3635/758 3636/756 1898/758
f 3636/756 3637/753 1899/756
f 3637/753 1900/753 1899/756
f 3628/755 3629/757 1891/755
f 1900/753 1891/755 1899/756
f 3637/753 3638/731 1900/753
f 3081/728 3639/729 3080/726
f 3081/728 3080/726 3087/727
f 3087/727 3082/764 3081/728
f 3081/728 3082/764 1344/728
f 3082/764 1345/764 1344/728
f 3082/764 3083/765 1345/764
f 3083/765 1346/765 1345/764
f 1346/765 1349/766 1345/764
f 1349/766 1350/727 1345/764
f 3087/727 1350/727 1349/766
f 3086/766 3087/727 1349/766
f 3086/766 1349/766 1348/767
f 3085/767 3086/766 1348/767
f 3085/767 1348/767 1347/768
f 1347/768 1348/767 1346/765
f 3084/768 1347/768 1346/765
f 3084/768 3085/767 1347/768
f 3084/768 3083/765 3085/767
f 3083/765 3086/766 3085/767
f 3087/727 3088/769 1350/727
f 3088/769 1351/769 1350/727
f 3088/769 3089/770 1351/769
f 3089/770 1352/770 1351/769
f 1352/770 1342/725 1351/769
f 1342/725 1352/770 1358/723
f 1352/770 1357/771 1358/723
f 3095/723 1358/723 1357/771
f 3094/771 3095/723 1357/771
f 3094/771 1357/771 1356/772
f 1353/773 1356/772 1357/771
f 1354/774 1356/772 1353/773
f 3091/774 1354/774 1353/773
f 3090/773 3091/774 1353/773
f 3090/773 1353/773 1352/770
f 3091/774 3090/773 3093/772
f 3090/773 3094/771 3093/772
f 3090/773 3089/770 3094/771
f 3091/774 3093/772 3092/775
f 3092/775 3093/772 1355/775
f 3093/772 1356/772 1355/775
f 3092/775 1355/775 1354/774
f 3091/774 3092/775 1354/774
f 1354/774 1355/775 1356/772
f 3093/772 3094/771 1356/772
f 3089/770 3095/723 3094/771
f 3079/725 3095/723 3089/770
f 1353/773 1357/771 1352/770
f 3089/770 3090/773 1352/770
f 3089/770 3088/769 3079/725
f 3079/725 3088/769 3087/727
f 1346/765 1348/767 1349/766
f 3083/765 3084/768 1346/765
f 3083/765 3082/764 3086/766
f 3081/728 1344/728 1372/776
f 1908/777 1372/776 1344/728
f 1909/778 1372/776 1908/777
f 3646/778 1909/778 1908/777
f 3645/777 3646/778 1908/777
f 3645/777 1908/777 1907/779
f 1903/780 1907/779 1908/777
f 1903/780 1908/777 1902/729
f 3640/780 1903/780 1902/729
f 3639/729 3640/780 1902/729
f 3640/780 3639/729 3645/777
f 3640/780 3645/777 3644/779
f 3644/779 3641/781 3640/780
f 3643/782 3641/781 3644/779
f 3643/782 3644/779 1906/782
f 3644/779 1907/779 1906/782
f 1906/782 1907/779 1904/781
f 1905/783 1906/782 1904/781
f 3642/783 1905/783 1904/781
f 3641/781 3642/783 1904/781
f 3641/781 1904/781 1903/780
f 3642/783 3643/782 1905/783
f 3643/782 1906/782 1905/783
f 3642/783 3641/781 3643/782
f 3640/780 3641/781 1903/780
f 1907/779 1903/780 1904/781
f 3644/779 3645/777 1907/779
f 3646/778 3645/777 3109/776
f 3645/777 3081/728 3109/776
f 3646/778 3109/776 3108/784
f 3108/784 3109/776 1371/784
f 3109/776 1372/776 1371/784
f 3108/784 1371/784 1370/661
f 1371/784 1913/785 1370/661
f 1913/785 1371/784 1912/786
f 1371/784 1911/787 1912/786
f 3649/786 1912/786 1911/787
f 3648/787 3649/786 1911/787
f 3648/787 1911/787 1910/788
f 3647/788 3648/787 1910/788
f 3647/788 1910/788 1909/778
f 1371/784 1909/778 1910/788
f 3108/784 3648/787 3647/788
f 3108/784 3649/786 3648/787
f 3650/785 3649/786 3108/784
f 3108/784 3107/661 3650/785
f 3107/661 3654/660 3650/785
f 3650/785 3654/660 3653/789
f 3653/789 3654/660 1916/789
f 3654/660 1917/660 1916/789
f 1913/785 1916/789 1917/660
f 1916/789 1913/785 1914/790
f 3651/790 1914/790 1913/785
f 3650/785 3651/790 1913/785
f 3651/790 3652/791 1914/790
f 3652/791 1915/791 1914/790
f 3652/791 3653/789 1915/791
f 3652/791 3651/790 3653/789
f 1915/791 1916/789 1914/790
f 3654/660 3655/657 1917/660
f 3655/657 3654/660 3106/659
f 3000/658 3655/657 3106/659
f 3000/658 3106/659 3605/663
f 3106/659 3105/662 3605/663
f 3000/658 3605/663 3604/229
f 3001/227 3000/658 3604/229
f 3000/658 3001/227 1263/658
f 3001/227 1264/227 1263/658
f 3000/658 1263/658 1262/125
f 3656/607 3655/657 3000/658
f 3656/607 3000/658 2999/125
f 3653/789 1916/789 1915/791
f 3653/789 3651/790 3650/785
f 3649/786 3650/785 1912/786
f 1371/784 1910/788 1911/787
f 3650/785 1913/785 1912/786
f 3108/784 3647/788 3646/778
f 3646/778 3647/788 1909/778
f 1909/778 1371/784 1372/776
f 3109/776 3081/728 1372/776
f 3086/766 3082/764 3087/727
f 3645/777 3639/729 3081/728
f 3072/738 3071/751 3616/736
f 3616/736 3615/737 3072/738
f 1877/740 1336/739 1276/747
f 3073/739 1336/739 1335/738
f 1335/738 1879/736 1334/751
f 3615/737 3616/736 1878/737
f 3617/734 3616/736 3625/730
f 3625/730 3624/733 3617/734
f 3624/733 3618/735 3617/734
f 3624/733 3623/792 3618/735
f 3623/792 3619/793 3618/735
f 3623/792 3622/794 3619/793
f 3622/794 3620/795 3619/793
f 3619/793 3620/795 1882/793
f 3620/795 1883/795 1882/793
f 1885/794 1882/793 1883/795
f 1885/794 1883/795 1884/796
f 3621/796 1884/796 1883/795
f 3621/796 3622/794 1884/796
f 3622/794 1885/794 1884/796
f 1886/792 1882/793 1885/794
f 3623/792 1886/792 1885/794
f 1886/792 1881/735 1882/793
f 3620/795 3621/796 1883/795
f 3619/793 1882/793 1881/735
f 3622/794 3621/796 3620/795
f 3622/794 3623/792 1885/794
f 3623/792 3624/733 1886/792
f 3624/733 1887/733 1886/792
f 3618/735 3619/793 1881/735
f 1887/733 1881/735 1886/792
f 1880/734 1888/730 1879/736
f 3624/733 3625/730 1887/733
f 3638/731 3626/732 3625/730
f 3626/732 3627/754 1889/732
f 1890/754 1901/731 1889/732
f 3639/729 1902/729 1901/731
f 1343/726 1879/736 1888/730
f 1908/777 1344/728 1902/729
f 1350/727 1344/728 1345/764
f 1342/725 1350/727 1351/769
f 3080/726 3070/752 1343/726
f 3087/727 3080/726 3079/725
f 3079/725 3078/724 3095/723
f 3078/724 3077/712 3095/723
f 3077/712 3096/722 3095/723
f 3077/712 3011/711 3096/722
f 3096/722 3011/711 3010/707
f 3077/712 3007/710 3011/711
f 1342/725 1358/723 1341/724
f 3095/723 3096/722 1358/723
f 3097/721 3096/722 3010/707
f 3098/705 3097/721 3010/707
f 3009/706 3008/708 3017/709
f 2985/717 2984/719 3017/709
f 2995/701 2986/718 2985/717
f 2986/718 2987/702 1249/718
f 1250/702 1258/701 1249/718
f 1279/716 1258/701 1259/745
f 1248/717 1280/709 1247/719
f 3016/716 3017/709 1279/716
f 3075/714 3012/715 3017/709
f 3017/709 3076/713 3075/714
f 3017/709 3007/710 3076/713
f 3012/715 3013/747 1275/715
f 1337/748 1338/714 1275/715
f 3075/714 3076/713 1338/714
f 3077/712 3076/713 3007/710
f 3077/712 3078/724 1340/712
f 1340/712 1359/722 1274/711
f 3011/711 3007/710 1274/711
f 3017/709 3008/708 3007/710
f 1280/709 1339/713 1270/710
f 1280/709 1272/706 1246/720
f 3008/708 3009/706 1271/708
f 3098/705 3010/707 3009/706
f 3010/707 3011/711 1273/707
f 1361/705 1273/707 1360/721
f 1272/706 1251/703 1246/720
f 3099/704 1362/704 1361/705
f 3099/704 3100/680 1362/704
f 3100/680 1363/680 1362/704
f 2951/682 3100/680 3099/704
f 1250/702 1214/682 1208/700
f 2945/700 1208/700 1214/682
f 2988/703 2983/720 1251/703
f 2987/702 1250/702 1249/718
f 2988/703 2951/682 3099/704
f 2987/702 2986/718 2995/701
f 2995/701 2996/745 1258/701
f 1258/701 1250/702 1208/700
f 2945/700 2946/699 1208/700
f 2994/687 2946/699 2945/700
f 2947/686 2948/683 1210/686
f 2956/694 2955/750 3612/695
f 3612/695 3613/692 1875/695
f 1219/694 1875/695 1218/750
f 2956/694 2957/684 1219/694
f 2992/685 2958/690 2957/684
f 2992/685 2991/689 2958/690
f 3613/692 2991/689 2990/741
f 2954/749 2953/693 3613/692
f 2953/693 2954/749 1216/693
f 1217/749 1876/692 1216/693
f 1876/692 1253/741 1254/689
f 2952/691 1215/691 1221/690
f 2991/689 2992/685 1254/689
f 2994/687 2993/688 2992/685
f 2993/688 2994/687 1256/688
f 2994/687 1257/687 1256/688
f 1257/687 1209/699 1210/686
f 2948/683 1211/683 1210/686
f 1255/685 1220/684 1221/690
f 2948/683 2949/675 1211/683
f 2950/681 2949/675 3101/679
f 2928/677 3101/679 2949/675
f 3101/679 3100/680 2950/681
f 3100/680 2951/682 2950/681
f 2951/682 2945/700 1214/682
f 1214/682 1362/704 1363/680
f 1213/681 1364/679 1212/675
f 3100/680 3101/679 1363/680
f 3102/678 3101/679 2928/677
f 3102/678 2928/677 2927/669
f 3103/665 3102/678 2927/669
f 3102/678 3103/665 1365/678
f 3103/665 1366/665 1365/678
f 2949/675 2921/676 2928/677
f 2921/676 2922/674 1184/676
f 1191/677 1212/675 1364/679
f 2922/674 1185/674 1184/676
f 1220/684 1212/675 1186/673
f 2922/674 2923/673 1185/674
f 3611/672 2924/671 2923/673
f 1874/672 1220/684 1186/673
f 1188/670 1873/667 1874/672
f 2924/671 2925/670 1187/671
f 3610/667 2926/668 2925/670
f 2927/669 2926/668 3103/665
f 2927/669 2928/677 1190/669
f 1366/665 1190/669 1365/678
f 1873/667 1188/670 1189/668
f 1869/666 1870/697 1873/667
f 3103/665 3104/664 1366/665
f 3605/663 3105/662 3104/664
f 1367/664 1868/663 1869/666
f 3105/662 3106/659 1368/662
f 3654/660 3107/661 3106/659
f 3107/661 3108/784 1370/661
f 1370/661 1913/785 1917/660
f 3655/657 1918/657 1917/660
f 1263/658 1868/663 1369/659
f 1919/607 1262/125 1263/658
f 3655/657 3656/607 1918/657
f 3658/604 3657/606 3452/603
f 3451/602 3659/605 3658/604
f 3660/600 3659/605 3451/602
f 3659/605 3660/600 1922/605
f 3660/600 1923/600 1922/605
f 1923/600 1714/602 1922/605
f 1921/604 1715/603 1920/606
f 3452/603 3453/611 1715/603
f 3452/603 3451/602 3658/604
f 3451/602 3450/601 3660/600
f 3450/601 3661/599 3660/600
f 3450/601 3449/575 3661/599
f 1714/602 1923/600 1713/601
f 3660/600 3661/599 1923/600
f 3449/575 3662/576 3661/599
f 3313/577 3663/580 3662/576
f 3662/576 3448/574 3313/577
f 3313/577 3312/579 3663/580
f 3362/587 3361/588 3390/589
f 3391/592 3390/589 3360/590
f 3360/590 3359/591 3391/592
f 1655/559 1628/593 1654/592
f 3359/591 3360/590 1622/591
f 3390/589 3361/588 3360/590
f 1654/592 1623/590 1653/589
f 1653/589 1625/587 1652/598
f 3361/588 3362/587 1624/588
f 3663/580 3363/586 3362/587
f 3663/580 3364/585 3363/586
f 3364/585 3365/593 1627/585
f 1926/580 1625/587 1626/586
f 1628/593 1597/584 1627/585
f 3335/583 1598/583 1597/584
f 3663/580 3311/581 3310/582
f 3663/580 3312/579 3311/581
f 1926/580 1573/582 1574/581
f 3312/579 3313/577 1575/579
f 3314/578 3313/577 3336/570
f 3314/578 3310/582 1577/578
f 1599/570 1577/578 1598/583
f 1576/577 1925/576 1926/580
f 1712/575 1924/599 1925/576
f 3449/575 3450/601 1712/575
f 3449/575 3448/574 3662/576
f 3447/571 1710/571 1709/797
f 3446/797 3447/571 1709/797
f 3446/797 1709/797 1708/564
f 3445/564 3446/797 1708/564
f 3445/564 1708/564 1707/798
f 1708/564 1704/799 1707/798
f 1707/798 1704/799 1705/800
f 3442/800 1705/800 1704/799
f 3441/799 3442/800 1704/799
f 3441/799 1704/799 1703/801
f 1697/802 1703/801 1704/799
f 1698/803 1703/801 1697/802
f 3435/803 1698/803 1697/802
f 3434/802 3435/803 1697/802
f 3434/802 1697/802 1696/561
f 3435/803 3434/802 3440/801
f 3434/802 3441/799 3440/801
f 3445/564 3441/799 3434/802
f 3445/564 3444/798 3441/799
f 3440/801 3439/804 3435/803
f 3435/803 3439/804 3438/805
f 3438/805 3439/804 1701/805
f 3439/804 1702/804 1701/805
f 1698/803 1701/805 1702/804
f 1701/805 1698/803 1699/806
f 3436/806 1699/806 1698/803
f 3436/806 3437/807 1699/806
f 3437/807 1700/807 1699/806
f 3437/807 3438/805 1700/807
f 3437/807 3436/806 3438/805
f 1700/807 1701/805 1699/806
f 3438/805 1701/805 1700/807
f 3438/805 3436/806 3435/803
f 3439/804 3440/801 1702/804
f 3440/801 1703/801 1702/804
f 3435/803 3436/806 1698/803
f 1703/801 1698/803 1702/804
f 3440/801 3441/799 1703/801
f 3444/798 3442/800 3441/799
f 3444/798 3443/808 3442/800
f 3443/808 3444/798 1706/808
f 3444/798 1707/798 1706/808
f 3443/808 1706/808 1705/800
f 3442/800 3443/808 1705/800
f 1707/798 1705/800 1706/808
f 1708/564 1697/802 1704/799
f 3444/798 3445/564 1707/798
f 3313/577 3448/574 3336/570
f 3331/573 3447/571 3446/797
f 3332/565 3331/573 3446/797
f 3331/573 3332/565 1594/573
f 1594/573 1709/797 1710/571
f 1595/565 1709/797 1594/573
f 1599/570 1710/571 1711/574
f 3336/570 3337/569 1599/570
f 3329/566 3338/568 3337/569
f 3339/567 3338/568 3329/566
f 3338/568 3339/567 1601/568
f 1593/572 1600/569 1592/566
f 3339/567 1602/567 1601/568
f 1655/559 1591/562 1602/567
f 3329/566 3330/572 1592/566
f 3339/567 3329/566 3328/562
f 1697/802 1708/564 1696/561
f 1595/565 1708/564 1709/797
f 3332/565 1595/565 1594/573
f 3332/565 3446/797 3445/564
f 3434/802 3433/561 3445/564
f 3333/563 3328/562 1596/563
f 3392/559 3339/567 3328/562
f 3433/561 3434/802 1696/561
f 1655/559 1696/561 1591/562
f 3392/559 3393/558 1655/559
f 3431/557 3394/556 3393/558
f 1695/560 1656/558 1694/557
f 3394/556 3385/555 1657/556
f 3430/554 3386/553 3385/555
f 1694/557 1648/555 1693/554
f 3386/553 3387/552 1649/553
f 3429/551 3388/550 3387/552
f 3388/550 3389/598 1651/550
f 1693/554 1650/552 1692/551
f 1927/549 1651/550 1652/598
f 3664/549 3665/543 1927/549
f 3578/547 3666/548 3665/543
f 3666/548 3578/547 3576/809
f 3576/809 3578/547 3577/810
f 3577/810 3578/547 1840/810
f 3578/547 1841/547 1840/810
f 1839/809 1840/810 1841/547
f 3577/810 1840/810 1839/809
f 3576/809 3577/810 1839/809
f 3576/809 1839/809 1838/811
f 1839/809 1854/812 1838/811
f 1838/811 1854/812 1855/813
f 3592/813 1855/813 1854/812
f 3591/812 3592/813 1854/812
f 3591/812 1854/812 1853/814
f 1929/548 1853/814 1854/812
f 1929/548 1852/815 1853/814
f 3590/814 1853/814 1852/815
f 3589/815 3590/814 1852/815
f 3589/815 1852/815 1851/816
f 1852/815 1796/817 1851/816
f 1797/818 1851/816 1796/817
f 3534/818 1797/818 1796/817
f 3533/817 3534/818 1796/817
f 3533/817 1796/817 1795/819
f 1929/548 1795/819 1796/817
f 1929/548 1794/820 1795/819
f 3532/819 1795/819 1794/820
f 3531/820 3532/819 1794/820
f 3531/820 1794/820 1793/821
f 1793/821 1794/820 1930/822
f 1862/823 1793/821 1930/822
f 1930/822 1861/824 1862/823
f 3599/823 1862/823 1861/824
f 3598/824 3599/823 1861/824
f 3598/824 1861/824 1860/825
f 3597/825 3598/824 1860/825
f 3597/825 1860/825 1859/826
f 1859/826 1860/825 1864/231
f 1860/825 1930/822 1864/231
f 3601/231 1864/231 1930/822
f 3667/822 3601/231 1930/822
f 3667/822 1930/822 1929/548
f 3597/825 3601/231 3667/822
f 3596/826 3601/231 3597/825
f 3595/827 3601/231 3596/826
f 3595/827 3596/826 1858/827
f 3596/826 1859/826 1858/827
f 3595/827 1858/827 1857/233
f 3594/233 3595/827 1857/233
f 3594/233 1857/233 1863/828
f 1857/233 1791/829 1863/828
f 1791/829 1792/830 1863/828
f 1792/830 1862/823 1863/828
f 3600/828 1863/828 1862/823
f 3529/830 1792/830 1791/829
f 3528/829 3529/830 1791/829
f 3528/829 1791/829 1799/831
f 1791/829 1848/234 1799/831
f 1799/831 1848/234 1849/832
f 3586/832 1849/832 1848/234
f 3585/234 3586/832 1848/234
f 3585/234 1848/234 1856/833
f 1837/834 1856/833 1848/234
f 1848/234 1836/835 1837/834
f 3574/834 1837/834 1836/835
f 3573/835 3574/834 1836/835
f 3573/835 1836/835 1835/235
f 3572/235 3573/835 1835/235
f 3572/235 1835/235 1847/534
f 3585/234 3573/835 3572/235
f 3585/234 3572/235 3670/232
f 3572/235 3561/236 3670/232
f 3561/236 3552/237 3670/232
f 3552/237 3546/238 3670/232
f 3546/238 3509/239 3670/232
f 3509/239 3514/240 3670/232
f 3514/240 3494/241 3670/232
f 3494/241 3508/242 3670/232
f 3508/242 3537/243 3670/232
f 3537/243 3508/242 3507/836
f 3507/836 3508/242 1770/836
f 3508/242 1771/242 1770/836
f 3507/836 1770/836 1769/837
f 1531/838 1769/837 1770/836
f 1530/839 1531/838 1770/836
f 1803/840 1530/839 1770/836
f 1803/840 1770/836 1802/841
f 1770/836 1801/842 1802/841
f 3539/841 1802/841 1801/842
f 3538/842 3539/841 1801/842
f 3538/842 1801/842 1800/243
f 3507/836 3539/841 3538/842
f 3540/840 3539/841 3507/836
f 3540/840 3507/836 3267/839
f 3267/839 3507/836 3268/838
f 3268/838 3507/836 3506/837
f 3269/843 3268/838 3506/837
f 3506/837 3505/844 3269/843
f 3505/844 3504/845 3269/843
f 3269/843 3504/845 3503/248
f 3503/248 3504/845 1766/248
f 3504/845 1767/845 1766/248
f 1532/843 1766/248 1767/845
f 1768/844 1532/843 1767/845
f 3505/844 1768/844 1767/845
f 1769/837 1532/843 1768/844
f 3506/837 1769/837 1768/844
f 3503/248 1766/248 1765/846
f 1766/248 1375/847 1765/846
f 1765/846 1375/847 1373/848
f 3110/848 1373/848 1375/847
f 3112/847 3110/848 1375/847
f 3112/847 1375/847 1374/849
f 851/850 1374/849 1375/847
f 1375/847 1160/851 851/850
f 851/850 1160/851 849/852
f 849/852 1160/851 848/853
f 848/853 1160/851 847/854
f 847/854 1160/851 846/855
f 846/855 1160/851 883/856
f 883/856 1160/851 889/857
f 889/857 1160/851 1161/858
f 2898/858 1161/858 1160/851
f 2897/851 2898/858 1160/851
f 2897/851 1160/851 1167/859
f 2904/859 2897/851 1167/859
f 2904/859 1167/859 1166/249
f 1375/847 1166/249 1167/859
f 2903/249 2904/859 1166/249
f 3112/847 2904/859 2903/249
f 3503/248 3112/847 2903/249
f 3503/248 2903/249 3671/246
f 2903/249 2902/250 3671/246
f 2902/250 2816/251 3671/246
f 2816/251 2740/252 3671/246
f 2740/252 2739/253 3671/246
f 2816/251 2815/860 2740/252
f 2815/860 2668/861 2740/252
f 2740/252 2668/861 1003/252
f 2668/861 931/861 1003/252
f 1078/860 1003/252 931/861
f 1078/860 931/861 989/862
f 989/862 931/861 863/863
f 863/863 931/861 933/864
f 933/864 931/861 932/865
f 2669/865 932/865 931/861
f 2669/865 2670/864 932/865
f 2670/864 2669/865 2668/861
f 2600/863 2670/864 2668/861
f 2726/862 2600/863 2668/861
f 2600/863 2726/862 2725/866
f 2725/866 2726/862 988/866
f 2726/862 989/862 988/866
f 2726/862 2727/867 989/862
f 2727/867 990/867 989/862
f 2727/867 2728/868 990/867
f 2728/868 991/868 990/867
f 887/869 990/867 991/868
f 518/870 887/869 991/868
f 518/870 991/868 992/871
f 2729/871 992/871 991/868
f 2729/871 2730/872 992/871
f 2730/872 993/872 992/871
f 2730/872 2731/873 993/872
f 2731/873 994/873 993/872
f 517/874 993/872 994/873
f 517/874 994/873 995/875
f 2732/875 995/875 994/873
f 2732/875 2733/876 995/875
f 2733/876 996/876 995/875
f 2733/876 2734/877 996/876
f 2734/877 997/877 996/876
f 997/877 368/878 996/876
f 368/878 516/879 996/876
f 517/874 996/876 516/879
f 2254/874 517/874 516/879
f 2253/879 2254/874 516/879
f 2253/879 516/879 515/880
f 516/879 391/881 515/880
f 391/881 362/882 515/880
f 362/882 503/883 515/880
f 503/883 514/884 515/880
f 2252/880 515/880 514/884
f 2251/884 2252/880 514/884
f 2251/884 514/884 513/885
f 513/885 514/884 512/886
f 2250/885 513/885 512/886
f 2249/886 2250/885 512/886
f 2249/886 512/886 511/887
f 503/883 511/887 512/886
f 511/887 503/883 504/888
f 2241/888 504/888 503/883
f 2240/883 2241/888 503/883
f 2240/883 503/883 502/889
f 317/890 502/889 503/883
f 316/891 317/890 503/883
f 364/892 316/891 503/883
f 363/893 364/892 503/883
f 2101/892 364/892 363/893
f 2100/893 2101/892 363/893
f 2100/893 363/893 362/882
f 2099/882 2100/893 362/882
f 2099/882 362/882 367/894
f 2104/894 2099/882 367/894
f 2104/894 367/894 366/895
f 392/896 366/895 367/894
f 391/881 392/896 367/894
f 2129/896 392/896 391/881
f 2128/881 2129/896 391/881
f 2128/881 391/881 399/897
f 2136/897 2128/881 399/897
f 2136/897 399/897 398/898
f 399/897 516/879 398/898
f 398/898 516/879 369/899
f 369/899 397/900 398/898
f 2135/898 398/898 397/900
f 2134/900 2135/898 397/900
f 2134/900 397/900 396/901
f 371/902 396/901 397/900
f 371/902 397/900 370/903
f 2108/902 371/902 370/903
f 2107/903 2108/902 370/903
f 2107/903 370/903 369/899
f 2106/899 2107/903 369/899
f 2106/899 369/899 368/878
f 2105/878 2106/899 368/878
f 2105/878 368/878 372/904
f 2109/904 2105/878 372/904
f 2109/904 372/904 371/902
f 2105/878 2109/904 2734/877
f 2109/904 2075/905 2734/877
f 2075/905 2073/906 2734/877
f 2073/906 2083/907 2734/877
f 2734/877 2083/907 2082/908
f 2082/908 2083/907 345/908
f 2083/907 346/907 345/908
f 997/877 345/908 346/907
f 336/906 997/877 346/907
f 2073/906 336/906 346/907
f 2073/906 2074/909 336/906
f 2074/909 337/909 336/906
f 338/905 336/906 337/909
f 2075/905 338/905 337/909
f 2075/905 2076/910 338/905
f 2076/910 339/910 338/905
f 395/911 338/905 339/910
f 395/911 339/910 394/912
f 339/910 393/913 394/912
f 2131/912 394/912 393/913
f 2130/913 2131/912 393/913
f 2130/913 393/913 392/896
f 2076/910 2131/912 2130/913
f 2130/913 2077/914 2076/910
f 2103/895 2077/914 2130/913
f 2130/913 2129/896 2103/895
f 2129/896 2104/894 2103/895
f 2053/891 2077/914 2103/895
f 2053/891 2103/895 2102/915
f 2102/915 2103/895 365/915
f 2103/895 366/895 365/915
f 316/891 365/915 366/895
f 316/891 366/895 340/914
f 366/895 393/913 340/914
f 341/916 316/891 340/914
f 2078/916 341/916 340/914
f 2077/914 2078/916 340/914
f 2077/914 340/914 339/910
f 2078/916 2079/917 341/916
f 2079/917 342/917 341/916
f 342/917 325/918 341/916
f 342/917 324/919 325/918
f 2062/918 325/918 324/919
f 2061/919 2062/918 324/919
f 2061/919 324/919 323/920
f 343/921 323/920 324/919
f 323/920 343/921 344/922
f 2081/922 344/922 343/921
f 2080/921 2081/922 343/921
f 2080/921 343/921 342/917
f 2060/920 2081/922 2080/921
f 2080/921 2061/919 2060/920
f 2080/921 2079/917 2061/919
f 2060/920 2082/908 2081/922
f 2082/908 2060/920 2059/923
f 2059/923 2060/920 322/923
f 2060/920 323/920 322/923
f 345/908 322/923 323/920
f 345/908 998/924 322/923
f 998/924 321/925 322/923
f 999/926 321/925 998/924
f 2736/926 999/926 998/924
f 2735/924 2736/926 998/924
f 2735/924 998/924 997/877
f 2736/926 2735/924 2058/925
f 2735/924 2059/923 2058/925
f 2058/925 2059/923 321/925
f 2058/925 321/925 320/927
f 321/925 499/928 320/927
f 320/927 499/928 500/929
f 2237/929 500/929 499/928
f 2236/928 2237/929 499/928
f 2236/928 499/928 498/930
f 2235/930 2236/928 498/930
f 2235/930 498/930 497/931
f 314/932 497/931 498/930
f 313/933 314/932 498/930
f 321/925 313/933 498/930
f 2051/932 314/932 313/933
f 2050/933 2051/932 313/933
f 2050/933 313/933 315/934
f 313/933 999/926 315/934
f 315/934 999/926 288/935
f 288/935 999/926 287/936
f 287/936 999/926 300/937
f 300/937 999/926 299/938
f 297/939 299/938 999/926
f 249/940 297/939 999/926
f 259/941 249/940 999/926
f 1000/255 259/941 999/926
f 2737/255 1000/255 999/926
f 259/941 1000/255 258/942
f 258/942 1000/255 219/943
f 258/942 219/943 257/944
f 257/944 219/943 220/945
f 1957/945 220/945 219/943
f 1956/943 1957/945 219/943
f 1956/943 219/943 227/257
f 1994/944 1957/945 1956/943
f 1995/942 1994/944 1956/943
f 1995/942 1956/943 2737/255
f 1956/943 1964/257 2737/255
f 1996/941 1995/942 2737/255
f 2737/255 2736/926 1996/941
f 1996/941 2736/926 1986/940
f 1986/940 2736/926 2034/939
f 2034/939 2736/926 2036/938
f 2037/937 2036/938 2736/926
f 2024/936 2037/937 2736/926
f 2025/935 2024/936 2736/926
f 2052/934 2025/935 2736/926
f 2050/933 2052/934 2736/926
f 2052/934 2027/946 2025/935
f 2025/935 2027/946 2026/947
f 2026/947 2027/946 289/947
f 2027/946 290/946 289/947
f 288/935 289/947 290/946
f 2027/946 2028/948 290/946
f 2028/948 291/948 290/946
f 291/948 495/949 290/946
f 290/946 495/949 496/950
f 2233/950 496/950 495/949
f 2232/949 2233/950 495/949
f 2232/949 495/949 494/951
f 2231/951 2232/949 494/951
f 2231/951 494/951 493/952
f 282/276 493/952 494/951
f 494/951 292/953 282/276
f 293/954 282/276 292/953
f 2030/954 293/954 292/953
f 2029/953 2030/954 292/953
f 2029/953 292/953 291/948
f 2030/954 2029/953 2019/276
f 2231/951 2019/276 2029/953
f 2029/953 2028/948 2231/951
f 2019/276 2231/951 2230/952
f 2230/952 2020/955 2019/276
f 2021/956 2020/955 2230/952
f 2230/952 2229/957 2021/956
f 2021/956 2229/957 2228/958
f 2228/958 2229/957 491/958
f 2229/957 492/957 491/958
f 284/956 491/958 492/957
f 493/952 284/956 492/957
f 2230/952 493/952 492/957
f 284/956 493/952 283/955
f 2021/956 284/956 283/955
f 2021/956 2022/959 284/956
f 2022/959 285/959 284/956
f 2022/959 2023/960 285/959
f 2023/960 286/960 285/959
f 490/961 285/959 286/960
f 490/961 286/960 489/962
f 489/962 286/960 274/963
f 2011/963 274/963 286/960
f 2011/963 2012/964 274/963
f 2012/964 275/964 274/963
f 355/965 274/963 275/964
f 276/966 355/965 275/964
f 2013/966 276/966 275/964
f 2013/966 2014/967 276/966
f 2014/967 277/967 276/966
f 277/967 273/968 276/966
f 273/968 260/969 276/966
f 260/969 354/970 276/966
f 261/971 354/970 260/969
f 1998/971 261/971 260/969
f 1997/969 1998/971 260/969
f 1998/971 1997/969 2091/970
f 1997/969 2013/966 2091/970
f 2013/966 2092/965 2091/970
f 2091/970 2092/965 354/970
f 2092/965 355/965 354/970
f 2092/965 2093/972 355/965
f 2093/972 356/972 355/965
f 403/973 355/965 356/972
f 357/974 403/973 356/972
f 2094/974 357/974 356/972
f 2094/974 2095/975 357/974
f 2095/975 358/975 357/974
f 2095/975 2084/976 358/975
f 2084/976 347/976 358/975
f 358/975 347/976 402/977
f 611/316 402/977 347/976
f 611/316 347/976 350/978
f 350/978 347/976 348/979
f 2085/979 348/979 347/976
f 2085/979 2086/975 348/979
f 2086/975 349/975 348/979
f 2086/975 2087/978 349/975
f 2087/978 350/978 349/975
f 2087/978 2088/980 350/978
f 2088/980 351/980 350/978
f 2088/980 2089/981 351/980
f 2089/981 352/981 351/980
f 352/981 312/982 351/980
f 312/982 611/316 351/980
f 611/316 312/982 301/983
f 2038/983 301/983 312/982
f 2049/982 2038/983 312/982
f 2049/982 312/982 311/984
f 2048/984 2049/982 311/984
f 2048/984 311/984 310/985
f 352/981 310/985 311/984
f 310/985 352/981 353/986
f 2090/986 353/986 352/981
f 2090/986 2091/970 353/986
f 2047/985 2091/970 2090/986
f 2047/985 2090/986 2089/981
f 2089/981 2048/984 2047/985
f 310/985 353/986 354/970
f 2047/985 2048/984 310/985
f 2047/985 310/985 309/295
f 262/987 309/295 310/985
f 262/987 310/985 261/971
f 1999/987 262/987 261/971
f 1999/987 2000/988 262/987
f 2000/988 263/988 262/987
f 263/988 239/989 262/987
f 239/989 240/990 262/987
f 1977/990 240/990 239/989
f 1976/989 1977/990 239/989
f 1976/989 239/989 248/991
f 1985/991 1976/989 248/991
f 1985/991 248/991 247/992
f 264/993 247/992 248/991
f 264/993 248/991 263/988
f 2001/993 264/993 263/988
f 2001/993 2002/994 264/993
f 2002/994 265/994 264/993
f 2002/994 2003/995 265/994
f 2003/995 266/995 265/994
f 266/995 246/996 265/994
f 265/994 246/996 247/992
f 1984/992 247/992 246/996
f 1983/996 1984/992 246/996
f 1983/996 246/996 245/282
f 2002/994 1984/992 1983/996
f 246/996 266/995 245/282
f 2003/995 2004/280 266/995
f 2004/280 267/280 266/995
f 2004/280 2003/995 1982/282
f 1983/996 1982/282 2003/995
f 2003/995 2002/994 1983/996
f 2002/994 2001/993 1984/992
f 2001/993 1985/991 1984/992
f 2001/993 2000/988 1985/991
f 265/994 247/992 264/993
f 1984/992 1985/991 247/992
f 2000/988 1976/989 1985/991
f 1976/989 1999/987 1977/990
f 2046/295 1977/990 1999/987
f 1999/987 2047/985 2046/295
f 1999/987 1998/971 2047/985
f 2046/295 1978/997 1977/990
f 1979/293 1978/997 2046/295
f 1978/997 1979/293 241/997
f 1979/293 242/293 241/997
f 1979/293 1980/283 242/293
f 1980/283 243/283 242/293
f 1980/283 1979/293 1949/292
f 1949/292 1979/293 1950/291
f 1972/289 1950/291 1979/293
f 1972/289 1979/293 2045/294
f 1949/292 1955/285 1980/283
f 1978/997 241/997 240/990
f 309/295 240/990 241/997
f 1977/990 1978/997 240/990
f 263/988 248/991 239/989
f 2000/988 2001/993 263/988
f 2000/988 1999/987 1976/989
f 309/295 262/987 240/990
f 2049/982 2048/984 2089/981
f 2348/316 2038/983 2049/982
f 2049/982 2088/980 2348/316
f 2038/983 2348/316 2041/315
f 2041/315 2348/316 2347/308
f 2347/308 2042/314 2041/315
f 2347/308 1965/310 2042/314
f 2347/308 1968/309 1965/310
f 2041/315 2039/998 2038/983
f 2041/315 2040/982 2039/998
f 2039/998 2040/982 302/998
f 2040/982 303/982 302/998
f 304/315 302/998 303/982
f 2041/315 304/315 303/982
f 304/315 301/983 302/998
f 2039/998 302/998 301/983
f 2040/982 2041/315 303/982
f 2038/983 2039/998 301/983
f 312/982 352/981 311/984
f 2089/981 2090/986 352/981
f 2089/981 2088/980 2049/982
f 2348/316 2088/980 2087/978
f 2348/316 2087/978 2084/976
f 2087/978 2085/979 2084/976
f 2348/316 2084/976 2139/977
f 2348/316 2139/977 2138/999
f 2138/999 2139/977 401/999
f 2139/977 402/977 401/999
f 2139/977 2140/973 402/977
f 2140/973 403/973 402/977
f 2140/973 2141/1000 403/973
f 2141/1000 404/1000 403/973
f 2141/1000 2142/1001 404/1000
f 2142/1001 405/1001 404/1000
f 355/965 404/1000 405/1001
f 355/965 405/1001 486/1002
f 486/1002 405/1001 477/1003
f 477/1003 405/1001 406/1004
f 2143/1004 406/1004 405/1001
f 2143/1004 2144/1005 406/1004
f 2144/1005 407/1005 406/1004
f 415/1006 406/1004 407/1005
f 415/1006 407/1005 414/1007
f 414/1007 407/1005 408/1008
f 2145/1008 408/1008 407/1005
f 2145/1008 2146/1009 408/1008
f 2146/1009 409/1009 408/1008
f 2146/1009 2137/1010 409/1009
f 2137/1010 400/1010 409/1009
f 409/1009 400/1010 413/318
f 401/999 413/318 400/1010
f 414/1007 409/1009 413/318
f 2151/1007 414/1007 413/318
f 2150/318 2151/1007 413/318
f 2151/1007 2150/318 2146/1009
f 2151/1007 2152/1006 414/1007
f 2152/1006 2151/1007 2144/1005
f 2151/1007 2145/1008 2144/1005
f 2137/1010 2138/999 400/1010
f 2138/999 2137/1010 2150/318
f 2146/1009 2150/318 2137/1010
f 2146/1009 2145/1008 2151/1007
f 409/1009 414/1007 408/1008
f 2152/1006 415/1006 414/1007
f 2152/1006 2153/1011 415/1006
f 2153/1011 416/1011 415/1006
f 475/1012 415/1006 416/1011
f 462/1013 475/1012 416/1011
f 462/1013 416/1011 461/1014
f 416/1011 434/1015 461/1014
f 435/1016 461/1014 434/1015
f 2172/1016 435/1016 434/1015
f 2171/1015 2172/1016 434/1015
f 2171/1015 434/1015 433/323
f 434/1015 417/1017 433/323
f 433/323 417/1017 418/1018
f 2155/1018 418/1018 417/1017
f 2154/1017 2155/1018 417/1017
f 2154/1017 417/1017 416/1011
f 2170/323 2155/1018 2154/1017
f 2171/1015 2170/323 2154/1017
f 2171/1015 2154/1017 2153/1011
f 2153/1011 2198/1014 2171/1015
f 2199/1013 2198/1014 2153/1011
f 2199/1013 2153/1011 2212/1012
f 2200/1019 2199/1013 2212/1012
f 2212/1012 2117/1020 2200/1019
f 2117/1020 2116/1021 2200/1019
f 2116/1021 2115/1022 2200/1019
f 2200/1019 2115/1022 2114/1023
f 2114/1023 2115/1022 377/1023
f 2115/1022 378/1022 377/1023
f 463/1019 377/1023 378/1022
f 379/1021 463/1019 378/1022
f 2116/1021 379/1021 378/1022
f 380/1020 463/1019 379/1021
f 2117/1020 380/1020 379/1021
f 2117/1020 2118/1024 380/1020
f 2118/1024 381/1024 380/1020
f 327/1025 380/1020 381/1024
f 382/1026 327/1025 381/1024
f 2119/1026 382/1026 381/1024
f 2119/1026 2120/1027 382/1026
f 2120/1027 383/1027 382/1026
f 384/1028 382/1026 383/1027
f 2121/1028 384/1028 383/1027
f 2121/1028 2122/1029 384/1028
f 2122/1029 385/1029 384/1028
f 385/1029 335/1030 384/1028
f 385/1029 334/1031 335/1030
f 2072/1030 335/1030 334/1031
f 2071/1031 2072/1030 334/1031
f 2071/1031 334/1031 333/1032
f 389/1033 333/1032 334/1031
f 389/1033 334/1031 388/1034
f 334/1031 387/1035 388/1034
f 2125/1034 388/1034 387/1035
f 2124/1035 2125/1034 387/1035
f 2124/1035 387/1035 386/1036
f 2123/1036 2124/1035 386/1036
f 2123/1036 386/1036 385/1029
f 2071/1031 2124/1035 2123/1036
f 2071/1031 2123/1036 2122/1029
f 2071/1031 2125/1034 2124/1035
f 2126/1033 2125/1034 2071/1031
f 2126/1033 2071/1031 2070/1032
f 2126/1033 2070/1032 2207/1037
f 2207/1037 2070/1032 2069/1038
f 2069/1038 2070/1032 332/1038
f 2070/1032 333/1032 332/1038
f 470/1037 332/1038 333/1032
f 471/1039 332/1038 470/1037
f 2208/1039 471/1039 470/1037
f 2207/1037 2208/1039 470/1037
f 2207/1037 470/1037 469/1040
f 470/1037 361/1041 469/1040
f 361/1041 465/1042 469/1040
f 466/1043 469/1040 465/1042
f 2203/1043 466/1043 465/1042
f 2202/1042 2203/1043 465/1042
f 2202/1042 465/1042 464/1044
f 465/1042 373/1045 464/1044
f 464/1044 373/1045 374/1046
f 2111/1046 374/1046 373/1045
f 2110/1045 2111/1046 373/1045
f 2110/1045 373/1045 390/1047
f 2127/1047 2110/1045 390/1047
f 2127/1047 390/1047 389/1033
f 359/1048 389/1033 390/1047
f 390/1047 465/1042 359/1048
f 389/1033 359/1048 360/1049
f 2097/1049 360/1049 359/1048
f 2096/1048 2097/1049 359/1048
f 2096/1048 359/1048 361/1041
f 2098/1041 2096/1048 361/1041
f 2098/1041 361/1041 360/1049
f 2202/1042 2096/1048 2098/1041
f 2098/1041 2206/1040 2202/1042
f 2207/1037 2206/1040 2098/1041
f 2127/1047 2096/1048 2202/1042
f 2096/1048 2127/1047 2126/1033
f 2126/1033 2097/1049 2096/1048
f 2126/1033 2098/1041 2097/1049
f 2097/1049 2098/1041 360/1049
f 389/1033 360/1049 361/1041
f 2126/1033 2127/1047 389/1033
f 2110/1045 2127/1047 2202/1042
f 2202/1042 2201/1044 2110/1045
f 2201/1044 2111/1046 2110/1045
f 2112/1050 2111/1046 2201/1044
f 2201/1044 2200/1019 2112/1050
f 2200/1019 2201/1044 463/1019
f 2201/1044 464/1044 463/1019
f 464/1044 375/1050 463/1019
f 2200/1019 463/1019 462/1013
f 2111/1046 2112/1050 374/1046
f 2112/1050 375/1050 374/1046
f 2112/1050 2113/1051 375/1050
f 2113/1051 376/1051 375/1050
f 377/1023 375/1050 376/1051
f 2113/1051 2114/1023 376/1051
f 2114/1023 2113/1051 2112/1050
f 375/1050 464/1044 374/1046
f 373/1045 465/1042 390/1047
f 2201/1044 2202/1042 464/1044
f 2203/1043 2202/1042 2206/1040
f 2206/1040 2205/1052 2203/1043
f 2205/1052 2204/1053 2203/1043
f 2204/1053 2205/1052 467/1053
f 2205/1052 468/1052 467/1053
f 468/1052 466/1043 467/1053
f 2204/1053 467/1053 466/1043
f 2205/1052 2206/1040 468/1052
f 2206/1040 469/1040 468/1052
f 2203/1043 2204/1053 466/1043
f 469/1040 466/1043 468/1052
f 465/1042 361/1041 359/1048
f 361/1041 470/1037 389/1033
f 2206/1040 2207/1037 469/1040
f 2208/1039 2209/1054 471/1039
f 2209/1054 472/1054 471/1039
f 331/1055 471/1039 472/1054
f 472/1054 330/1056 331/1055
f 2068/1055 331/1055 330/1056
f 2067/1056 2068/1055 330/1056
f 2067/1056 330/1056 329/1057
f 330/1056 473/1058 329/1057
f 329/1057 473/1058 474/1059
f 2211/1059 474/1059 473/1058
f 2210/1058 2211/1059 473/1058
f 2210/1058 473/1058 472/1054
f 2066/1057 2211/1059 2210/1058
f 2067/1056 2066/1057 2210/1058
f 2067/1056 2210/1058 2209/1054
f 2066/1057 2065/1060 2211/1059
f 2211/1059 2065/1060 2064/1025
f 2064/1025 2065/1060 327/1025
f 2065/1060 328/1060 327/1025
f 474/1059 327/1025 328/1060
f 327/1025 474/1059 475/1012
f 2212/1012 475/1012 474/1059
f 2212/1012 2213/1061 475/1012
f 2213/1061 476/1061 475/1012
f 2213/1061 2214/1003 476/1061
f 2214/1003 477/1003 476/1061
f 2214/1003 2215/1062 477/1003
f 2215/1062 478/1062 477/1003
f 478/1062 485/1063 477/1003
f 478/1062 484/1064 485/1063
f 2222/1063 485/1063 484/1064
f 2221/1064 2222/1063 484/1064
f 2221/1064 484/1064 483/1065
f 479/1066 483/1065 484/1064
f 480/1067 483/1065 479/1066
f 2217/1067 480/1067 479/1066
f 2216/1066 2217/1067 479/1066
f 2216/1066 479/1066 478/1062
f 2217/1067 2216/1066 2220/1065
f 2216/1066 2221/1064 2220/1065
f 2216/1066 2215/1062 2221/1064
f 2217/1067 2220/1065 2219/1068
f 2219/1068 2220/1065 482/1068
f 2220/1065 483/1065 482/1068
f 2219/1068 482/1068 481/1069
f 482/1068 480/1067 481/1069
f 2218/1069 481/1069 480/1067
f 2218/1069 2219/1068 481/1069
f 2219/1068 2218/1069 2217/1067
f 2217/1067 2218/1069 480/1067
f 480/1067 482/1068 483/1065
f 2220/1065 2221/1064 483/1065
f 2215/1062 2222/1063 2221/1064
f 2222/1063 2223/1002 485/1063
f 2223/1002 486/1002 485/1063
f 2223/1002 2224/1070 486/1002
f 2224/1070 487/1070 486/1002
f 2224/1070 2225/1071 487/1070
f 2225/1071 488/1071 487/1070
f 274/963 487/1070 488/1071
f 2225/1071 2226/962 488/1071
f 2226/962 489/962 488/1071
f 2226/962 2227/961 489/962
f 2227/961 2226/962 2023/960
f 2226/962 2011/963 2023/960
f 2226/962 2225/1071 2011/963
f 2011/963 2225/1071 2224/1070
f 2092/965 2011/963 2224/1070
f 2092/965 2224/1070 2223/1002
f 2092/965 2223/1002 2142/1001
f 2223/1002 2214/1003 2142/1001
f 2214/1003 2143/1004 2142/1001
f 2222/1063 2214/1003 2223/1002
f 479/1066 484/1064 478/1062
f 2215/1062 2216/1066 478/1062
f 2215/1062 2214/1003 2222/1063
f 2214/1003 2213/1061 2143/1004
f 2143/1004 2213/1061 2152/1006
f 2213/1061 2212/1012 2152/1006
f 2064/1025 327/1025 326/1072
f 2063/1072 2064/1025 326/1072
f 2063/1072 326/1072 335/1030
f 382/1026 335/1030 326/1072
f 2064/1025 2063/1072 2119/1026
f 2119/1026 2063/1072 2072/1030
f 2072/1030 2121/1028 2119/1026
f 2119/1026 2118/1024 2064/1025
f 2064/1025 2212/1012 2211/1059
f 2065/1060 2066/1057 328/1060
f 2066/1057 329/1057 328/1060
f 2211/1059 2212/1012 474/1059
f 329/1057 474/1059 328/1060
f 2066/1057 2067/1056 329/1057
f 2209/1054 2068/1055 2067/1056
f 2068/1055 2069/1038 331/1055
f 2069/1038 2068/1055 2208/1039
f 330/1056 472/1054 473/1058
f 2209/1054 2210/1058 472/1054
f 2068/1055 2209/1054 2208/1039
f 332/1038 471/1039 331/1055
f 2069/1038 332/1038 331/1055
f 2208/1039 2207/1037 2069/1038
f 2098/1041 2126/1033 2207/1037
f 2125/1034 2126/1033 388/1034
f 334/1031 386/1036 387/1035
f 2126/1033 389/1033 388/1034
f 389/1033 470/1037 333/1032
f 2070/1032 2071/1031 333/1032
f 2122/1029 2072/1030 2071/1031
f 2072/1030 2063/1072 335/1030
f 334/1031 385/1029 386/1036
f 2122/1029 2123/1036 385/1029
f 2122/1029 2121/1028 2072/1030
f 335/1030 382/1026 384/1028
f 2120/1027 2121/1028 383/1027
f 2121/1028 2120/1027 2119/1026
f 327/1025 382/1026 326/1072
f 380/1020 327/1025 475/1012
f 2118/1024 2119/1026 381/1024
f 2064/1025 2118/1024 2117/1020
f 475/1012 463/1019 380/1020
f 375/1050 377/1023 463/1019
f 2114/1023 377/1023 376/1051
f 2112/1050 2200/1019 2114/1023
f 2115/1022 2116/1021 378/1022
f 2116/1021 2117/1020 379/1021
f 2117/1020 2212/1012 2064/1025
f 2199/1013 2200/1019 462/1013
f 2198/1014 2199/1013 461/1014
f 2198/1014 461/1014 460/1073
f 461/1014 530/1074 460/1073
f 530/1074 531/1075 460/1073
f 531/1075 453/1076 460/1073
f 460/1073 453/1076 454/1077
f 2191/1077 454/1077 453/1076
f 2190/1076 2191/1077 453/1076
f 2190/1076 453/1076 452/1078
f 2189/1078 2190/1076 452/1078
f 2189/1078 452/1078 451/1079
f 452/1078 553/1080 451/1079
f 451/1079 553/1080 554/350
f 2291/350 554/350 553/1080
f 2290/1080 2291/350 553/1080
f 2290/1080 553/1080 552/1081
f 542/1082 552/1081 553/1080
f 542/1082 551/1083 552/1081
f 2289/1081 552/1081 551/1083
f 2288/1083 2289/1081 551/1083
f 2288/1083 551/1083 550/1084
f 551/1083 543/1085 550/1084
f 543/1085 549/1086 550/1084
f 2287/1084 550/1084 549/1086
f 2286/1086 2287/1084 549/1086
f 2286/1086 549/1086 548/340
f 549/1086 535/1087 548/340
f 535/1087 536/1088 548/340
f 2273/1088 536/1088 535/1087
f 2272/1087 2273/1088 535/1087
f 2272/1087 535/1087 544/1089
f 2281/1089 2272/1087 544/1089
f 2281/1089 544/1089 543/1085
f 2280/1085 2281/1089 543/1085
f 2280/1085 543/1085 542/1082
f 2279/1082 2280/1085 542/1082
f 2279/1082 542/1082 541/1090
f 542/1082 452/1078 541/1090
f 531/1075 541/1090 452/1078
f 531/1075 540/1091 541/1090
f 2278/1090 541/1090 540/1091
f 2277/1091 2278/1090 540/1091
f 2277/1091 540/1091 539/337
f 540/1091 532/1092 539/337
f 539/337 532/1092 533/1093
f 2270/1093 533/1093 532/1092
f 2269/1092 2270/1093 532/1092
f 2269/1092 532/1092 531/1075
f 2268/1075 2269/1092 531/1075
f 2277/1091 2269/1092 2268/1075
f 2277/1091 2276/337 2269/1092
f 2276/337 2270/1093 2269/1092
f 2271/335 2270/1093 2276/337
f 2270/1093 2271/335 533/1093
f 2271/335 534/335 533/1093
f 2268/1075 2278/1090 2277/1091
f 2268/1075 2189/1078 2278/1090
f 2279/1082 2278/1090 2189/1078
f 2290/1080 2279/1082 2189/1078
f 2189/1078 2188/1079 2290/1080
f 2279/1082 2290/1080 2289/1081
f 540/1091 531/1075 532/1092
f 2278/1090 2279/1082 541/1090
f 2288/1083 2280/1085 2279/1082
f 2288/1083 2287/1084 2280/1085
f 2286/1086 2281/1089 2280/1085
f 2272/1087 2281/1089 2286/1086
f 2286/1086 2285/340 2272/1087
f 2272/1087 2285/340 2273/1088
f 2274/338 2273/1088 2285/340
f 2273/1088 2274/338 536/1088
f 2274/338 537/338 536/1088
f 535/1087 549/1086 544/1089
f 2280/1085 2287/1084 2286/1086
f 549/1086 543/1085 544/1089
f 2287/1084 2288/1083 550/1084
f 2279/1082 2289/1081 2288/1083
f 551/1083 542/1082 543/1085
f 2289/1081 2290/1080 552/1081
f 2188/1079 2291/350 2290/1080
f 2187/1094 2291/350 2188/1079
f 2187/1094 2188/1079 450/1094
f 2188/1079 451/1079 450/1094
f 2187/1094 450/1094 455/1095
f 841/1096 455/1095 450/1094
f 841/1096 450/1094 840/1097
f 840/1097 450/1094 554/350
f 840/1097 554/350 839/1098
f 554/350 838/1099 839/1098
f 2576/1098 839/1098 838/1099
f 2575/1099 2576/1098 838/1099
f 2575/1099 838/1099 837/1100
f 2574/1100 2575/1099 837/1100
f 2574/1100 837/1100 836/1101
f 554/350 836/1101 837/1100
f 2573/1101 2574/1100 836/1101
f 2573/1101 836/1101 835/351
f 2291/350 2574/1100 2573/1101
f 2291/350 2573/1101 2572/351
f 2291/350 2575/1099 2574/1100
f 2291/350 2576/1098 2575/1099
f 2577/1097 2576/1098 2291/350
f 2576/1098 2577/1097 839/1098
f 554/350 837/1100 838/1099
f 2577/1097 840/1097 839/1098
f 2577/1097 2578/1096 840/1097
f 2578/1096 2577/1097 2187/1094
f 2578/1096 2187/1094 2192/1095
f 2192/1095 2579/1102 2578/1096
f 2578/1096 2579/1102 841/1096
f 2579/1102 842/1102 841/1096
f 2579/1102 2580/1103 842/1102
f 2580/1103 843/1103 842/1102
f 845/1104 842/1102 843/1103
f 845/1104 843/1103 844/1105
f 2581/1105 844/1105 843/1103
f 2581/1105 2582/1104 844/1105
f 2582/1104 2581/1105 2580/1103
f 2582/1104 845/1104 844/1105
f 2582/1104 2583/855 845/1104
f 2583/855 846/855 845/1104
f 2583/855 2584/854 846/855
f 2584/854 2583/855 2897/851
f 2583/855 2620/856 2897/851
f 2620/856 2626/857 2897/851
f 2626/857 2620/856 889/857
f 2626/857 889/857 888/1106
f 1162/1107 888/1106 889/857
f 888/1106 1162/1107 1163/1108
f 2900/1108 1163/1108 1162/1107
f 2899/1107 2900/1108 1162/1107
f 2899/1107 1162/1107 1161/858
f 2625/1106 2900/1108 2899/1107
f 2899/1107 2626/857 2625/1106
f 2898/858 2626/857 2899/1107
f 2625/1106 2812/1109 2900/1108
f 2812/1109 2516/1110 2900/1108
f 2516/1110 2515/1111 2900/1108
f 2515/1111 2591/1112 2900/1108
f 2591/1112 2590/1113 2900/1108
f 2901/1114 2900/1108 2590/1113
f 2590/1113 2628/1115 2901/1114
f 2628/1115 2627/1116 2901/1114
f 2627/1116 2653/1117 2901/1114
f 2653/1117 2764/1118 2901/1114
f 2901/1114 2764/1118 2772/1119
f 2772/1119 2764/1118 1035/1119
f 2764/1118 1027/1118 1035/1119
f 1164/1114 1035/1119 1027/1118
f 916/1117 1164/1114 1027/1118
f 916/1117 1027/1118 915/1120
f 1027/1118 922/1121 915/1120
f 2652/1120 915/1120 922/1121
f 2659/1121 2652/1120 922/1121
f 2659/1121 922/1121 921/1122
f 922/1121 1029/1123 921/1122
f 921/1122 1029/1123 900/1124
f 1029/1123 906/1125 900/1124
f 2637/1124 900/1124 906/1125
f 2643/1125 2637/1124 906/1125
f 2643/1125 906/1125 905/1126
f 1030/1127 905/1126 906/1125
f 905/1126 1030/1127 909/1128
f 909/1128 1030/1127 908/1129
f 1031/1130 908/1129 1030/1127
f 2768/1130 1031/1130 1030/1127
f 2767/1127 2768/1130 1030/1127
f 2767/1127 1030/1127 1029/1123
f 2766/1123 2767/1127 1029/1123
f 2766/1123 1029/1123 1028/1131
f 2765/1131 2766/1123 1028/1131
f 2765/1131 1028/1131 1027/1118
f 2766/1123 2765/1131 2659/1121
f 2659/1121 2765/1131 2764/1118
f 2659/1121 2658/1122 2766/1123
f 2658/1122 2637/1124 2766/1123
f 2637/1124 2658/1122 2657/1132
f 2657/1132 2658/1122 920/1132
f 2658/1122 921/1122 920/1132
f 2657/1132 920/1132 919/1133
f 920/1132 901/1134 919/1133
f 902/1135 919/1133 901/1134
f 2639/1135 902/1135 901/1134
f 2638/1134 2639/1135 901/1134
f 2638/1134 901/1134 900/1124
f 2639/1135 2638/1134 2656/1133
f 2657/1132 2656/1133 2638/1134
f 2656/1133 2636/1136 2639/1135
f 2639/1135 2636/1136 2635/1137
f 2635/1137 2636/1136 898/1137
f 2636/1136 899/1136 898/1137
f 902/1135 898/1137 899/1136
f 898/1137 902/1135 903/1138
f 2640/1138 903/1138 902/1135
f 2640/1138 2641/1139 903/1138
f 2641/1139 904/1139 903/1138
f 2641/1139 2642/1126 904/1139
f 2642/1126 905/1126 904/1139
f 905/1126 897/1140 904/1139
f 904/1139 897/1140 898/1137
f 905/1126 896/1141 897/1140
f 2634/1140 897/1140 896/1141
f 2633/1141 2634/1140 896/1141
f 2633/1141 896/1141 895/1142
f 1075/1109 895/1142 896/1141
f 1075/1109 896/1141 911/1143
f 911/1143 896/1141 910/1144
f 2648/1143 911/1143 910/1144
f 2647/1144 2648/1143 910/1144
f 2647/1144 910/1144 909/1128
f 2646/1128 2647/1144 909/1128
f 2647/1144 2646/1128 2642/1126
f 2642/1126 2646/1128 2767/1127
f 2646/1128 2645/1129 2767/1127
f 2645/1129 2646/1128 908/1129
f 2645/1129 908/1129 907/1145
f 2644/1145 2645/1129 907/1145
f 2644/1145 907/1145 914/1146
f 907/1145 1031/1130 914/1146
f 914/1146 1031/1130 913/1147
f 913/1147 1031/1130 912/1148
f 1073/1149 912/1148 1031/1130
f 1073/1149 1031/1130 1059/1150
f 1059/1150 1031/1130 1058/1151
f 1058/1151 1031/1130 1057/1152
f 1031/1130 1042/1153 1057/1152
f 1057/1152 1042/1153 1056/1154
f 1056/1154 1042/1153 1043/1155
f 2780/1155 1043/1155 1042/1153
f 2779/1153 2780/1155 1042/1153
f 2779/1153 1042/1153 1041/1156
f 2778/1156 2779/1153 1041/1156
f 2778/1156 1041/1156 1040/1157
f 1031/1130 1040/1157 1041/1156
f 1040/1157 1031/1130 1032/1158
f 2769/1158 1032/1158 1031/1130
f 2769/1158 2770/1159 1032/1158
f 2770/1159 1033/1159 1032/1158
f 1026/1160 1032/1158 1033/1159
f 1026/1160 1033/1159 1025/1161
f 1025/1161 1033/1159 1034/1162
f 2771/1162 1034/1162 1033/1159
f 2771/1162 2772/1119 1034/1162
f 2819/1163 2772/1119 2771/1162
f 2771/1162 2820/1164 2819/1163
f 2819/1163 2820/1164 1082/1163
f 2820/1164 1083/1164 1082/1163
f 1034/1162 1082/1163 1083/1164
f 1037/1165 1034/1162 1083/1164
f 1084/1166 1037/1165 1083/1164
f 2821/1166 1084/1166 1083/1164
f 2821/1166 2822/1167 1084/1166
f 2822/1167 1085/1167 1084/1166
f 1085/1167 1036/1168 1084/1166
f 1085/1167 1043/1155 1036/1168
f 2773/1168 1036/1168 1043/1155
f 2773/1168 2774/1165 1036/1168
f 2774/1165 1037/1165 1036/1168
f 2774/1165 2775/1169 1037/1165
f 2775/1169 1038/1169 1037/1165
f 2775/1169 2776/1170 1038/1169
f 2776/1170 1039/1170 1038/1169
f 1025/1161 1038/1169 1039/1170
f 1024/1171 1025/1161 1039/1170
f 1040/1157 1024/1171 1039/1170
f 2777/1157 1040/1157 1039/1170
f 1024/1171 1040/1157 1026/1160
f 2761/1171 1024/1171 1026/1160
f 2763/1160 2761/1171 1026/1160
f 2761/1171 2763/1160 2777/1157
f 2763/1160 2769/1158 2777/1157
f 2777/1157 2769/1158 2768/1130
f 2768/1130 2778/1156 2777/1157
f 2777/1157 2776/1170 2761/1171
f 2761/1171 2776/1170 2762/1161
f 2761/1171 2762/1161 1024/1171
f 2762/1161 1025/1161 1024/1171
f 2762/1161 2763/1160 1025/1161
f 2763/1160 2762/1161 2770/1159
f 2762/1161 2771/1162 2770/1159
f 2775/1169 2771/1162 2762/1161
f 2776/1170 2777/1157 1039/1170
f 2762/1161 2776/1170 2775/1169
f 2771/1162 2775/1169 2774/1165
f 2821/1166 2774/1165 2773/1168
f 2821/1166 2820/1164 2774/1165
f 1043/1155 1085/1167 1086/1172
f 2823/1172 1086/1172 1085/1167
f 2823/1172 2824/1173 1086/1172
f 2824/1173 1087/1173 1086/1172
f 1087/1173 1105/1174 1086/1172
f 1086/1172 1105/1174 1069/1175
f 1105/1174 1071/1176 1069/1175
f 2806/1175 1069/1175 1071/1176
f 2808/1176 2806/1175 1071/1176
f 2808/1176 1071/1176 1070/1177
f 1043/1155 1070/1177 1071/1176
f 1071/1176 1106/1178 1043/1155
f 1043/1155 1106/1178 1055/1179
f 1055/1179 1106/1178 1054/1180
f 1106/1178 1061/1181 1054/1180
f 2791/1180 1054/1180 1061/1181
f 2798/1181 2791/1180 1061/1181
f 2798/1181 1061/1181 1060/1182
f 1061/1181 1107/1183 1060/1182
f 1060/1182 1107/1183 1059/1150
f 2797/1182 1060/1182 1059/1150
f 2796/1150 2797/1182 1059/1150
f 2797/1182 2796/1150 2844/1183
f 2810/1149 2844/1183 2796/1150
f 2810/1149 2796/1150 2768/1130
f 2796/1150 2795/1151 2768/1130
f 2795/1151 2794/1152 2768/1130
f 2768/1130 2794/1152 2779/1153
f 2794/1152 2793/1154 2779/1153
f 2793/1154 2794/1152 1056/1154
f 2793/1154 1056/1154 1055/1179
f 2792/1179 2793/1154 1055/1179
f 2780/1155 2793/1154 2792/1179
f 2780/1155 2792/1179 2843/1178
f 2792/1179 2791/1180 2843/1178
f 2808/1176 2780/1155 2843/1178
f 2843/1178 2842/1174 2808/1176
f 2842/1174 2843/1178 1105/1174
f 2843/1178 1106/1178 1105/1174
f 2843/1178 2844/1183 1106/1178
f 2844/1183 1107/1183 1106/1178
f 2844/1183 2845/1184 1107/1183
f 2845/1184 1108/1184 1107/1183
f 1073/1149 1107/1183 1108/1184
f 1108/1184 1072/1185 1073/1149
f 2810/1149 1073/1149 1072/1185
f 2809/1185 2810/1149 1072/1185
f 2809/1185 1072/1185 1079/251
f 2816/251 2809/1185 1079/251
f 2816/251 1079/251 1078/860
f 2845/1184 2809/1185 2816/251
f 2865/1186 2845/1184 2816/251
f 2866/1187 2865/1186 2816/251
f 2865/1186 2866/1187 1128/1186
f 2866/1187 1129/1187 1128/1186
f 1129/1187 1079/251 1128/1186
f 1128/1186 1079/251 1108/1184
f 1108/1184 1127/1188 1128/1186
f 1127/1188 1108/1184 1109/1189
f 2846/1189 1109/1189 1108/1184
f 2846/1189 2847/1190 1109/1189
f 2847/1190 1110/1190 1109/1189
f 1126/1191 1109/1189 1110/1190
f 1126/1191 1110/1190 1125/1192
f 1110/1190 1124/1193 1125/1192
f 2862/1192 1125/1192 1124/1193
f 2861/1193 2862/1192 1124/1193
f 2861/1193 1124/1193 1123/1194
f 1111/1195 1123/1194 1124/1193
f 1112/1196 1123/1194 1111/1195
f 2849/1196 1112/1196 1111/1195
f 2848/1195 2849/1196 1111/1195
f 2848/1195 1111/1195 1110/1190
f 2849/1196 2848/1195 2860/1194
f 2848/1195 2861/1193 2860/1194
f 2861/1193 2848/1195 2847/1190
f 2840/1197 2849/1196 2860/1194
f 2902/250 2840/1197 2860/1194
f 2902/250 2860/1194 2859/1198
f 2859/1198 2860/1194 1122/1198
f 2860/1194 1123/1194 1122/1198
f 1165/250 1122/1198 1123/1194
f 1165/250 1123/1194 1103/1197
f 1165/250 1103/1197 1081/1199
f 1103/1197 1080/1200 1081/1199
f 2818/1199 1081/1199 1080/1200
f 2817/1200 2818/1199 1080/1200
f 2817/1200 1080/1200 1087/1173
f 2840/1197 2818/1199 2817/1200
f 2817/1200 2841/1201 2840/1197
f 2840/1197 2841/1201 1103/1197
f 2841/1201 1104/1201 1103/1197
f 2841/1201 2842/1174 1104/1201
f 2840/1197 1103/1197 1112/1196
f 2842/1174 2841/1201 2817/1200
f 2817/1200 2824/1173 2842/1174
f 2818/1199 2819/1163 1081/1199
f 1080/1200 1103/1197 1104/1201
f 1105/1174 1080/1200 1104/1201
f 1165/250 1081/1199 1035/1119
f 1035/1119 1081/1199 1082/1163
f 1165/250 1129/1187 1122/1198
f 2859/1198 1122/1198 1129/1187
f 2902/250 2859/1198 2866/1187
f 2902/250 2818/1199 2840/1197
f 2902/250 2772/1119 2818/1199
f 2849/1196 2840/1197 1112/1196
f 1103/1197 1123/1194 1112/1196
f 2860/1194 2861/1193 1123/1194
f 2847/1190 2862/1192 2861/1193
f 2863/1191 2862/1192 2847/1190
f 2862/1192 2863/1191 1125/1192
f 1124/1193 1110/1190 1111/1195
f 2863/1191 1126/1191 1125/1192
f 2863/1191 2864/1188 1126/1191
f 2864/1188 1127/1188 1126/1191
f 2864/1188 2865/1186 1127/1188
f 2864/1188 2863/1191 2846/1189
f 2864/1188 2846/1189 2845/1184
f 2847/1190 2848/1195 1110/1190
f 2863/1191 2847/1190 2846/1189
f 1127/1188 1109/1189 1126/1191
f 2866/1187 2859/1198 1129/1187
f 2865/1186 1128/1186 1127/1188
f 2845/1184 2865/1186 2864/1188
f 2845/1184 2810/1149 2809/1185
f 2810/1149 2811/1202 1073/1149
f 2811/1202 1074/1202 1073/1149
f 2811/1202 2812/1109 1074/1202
f 2812/1109 1075/1109 1074/1202
f 2812/1109 2813/1203 1075/1109
f 2813/1203 1076/1203 1075/1109
f 888/1106 1075/1109 1076/1203
f 888/1106 1076/1203 1077/1204
f 2814/1204 1077/1204 1076/1203
f 2814/1204 2815/860 1077/1204
f 2815/860 1078/860 1077/1204
f 2815/860 2814/1204 2625/1106
f 2625/1106 2814/1204 2813/1203
f 2625/1106 2624/869 2815/860
f 2624/869 2727/867 2815/860
f 2624/869 2625/1106 887/869
f 2625/1106 888/1106 887/869
f 888/1106 1078/860 887/869
f 2624/869 887/869 886/1205
f 887/869 800/1206 886/1205
f 886/1205 800/1206 801/1207
f 2538/1207 801/1207 800/1206
f 2537/1206 2538/1207 800/1206
f 2537/1206 800/1206 799/1208
f 2536/1208 2537/1206 799/1208
f 2536/1208 799/1208 798/1209
f 518/870 798/1209 799/1208
f 798/1209 518/870 519/1210
f 2256/1210 519/1210 518/870
f 2255/870 2256/1210 518/870
f 2255/870 518/870 517/874
f 2535/1209 2256/1210 2255/870
f 2255/870 2536/1208 2535/1209
f 2255/870 2624/869 2536/1208
f 2255/870 2728/868 2624/869
f 2255/870 2729/871 2728/868
f 2535/1209 2534/1211 2256/1210
f 2534/1211 2257/1212 2256/1210
f 2534/1211 2533/1213 2257/1212
f 2533/1213 2258/1214 2257/1212
f 2257/1212 2258/1214 520/1212
f 2258/1214 521/1214 520/1212
f 796/1213 520/1212 521/1214
f 796/1213 521/1214 795/1215
f 795/1215 521/1214 522/1216
f 2259/1216 522/1216 521/1214
f 2259/1216 2193/1217 522/1216
f 2193/1217 456/1217 522/1216
f 2193/1217 2194/1218 456/1217
f 2194/1218 457/1218 456/1217
f 644/1219 456/1217 457/1218
f 644/1219 457/1218 643/1220
f 643/1220 457/1218 458/1221
f 2195/1221 458/1221 457/1218
f 2195/1221 2196/1222 458/1221
f 2196/1222 459/1222 458/1221
f 455/1095 458/1221 459/1222
f 460/1073 455/1095 459/1222
f 2197/1073 460/1073 459/1222
f 458/1221 455/1095 642/1223
f 642/1223 455/1095 641/1224
f 455/1095 640/1225 641/1224
f 2378/1224 641/1224 640/1225
f 2377/1225 2378/1224 640/1225
f 2377/1225 640/1225 639/1226
f 2376/1226 2377/1225 639/1226
f 2376/1226 639/1226 638/1227
f 455/1095 638/1227 639/1226
f 455/1095 842/1102 638/1227
f 638/1227 842/1102 637/1228
f 637/1228 842/1102 885/1229
f 842/1102 884/1230 885/1229
f 2622/1229 885/1229 884/1230
f 2621/1230 2622/1229 884/1230
f 2621/1230 884/1230 883/856
f 2620/856 2621/1230 883/856
f 2579/1102 2621/1230 2620/856
f 2579/1102 2622/1229 2621/1230
f 2374/1228 2622/1229 2579/1102
f 2375/1227 2374/1228 2579/1102
f 2374/1228 2375/1227 637/1228
f 2374/1228 637/1228 636/1231
f 637/1228 790/1232 636/1231
f 636/1231 790/1232 633/1233
f 790/1232 632/1234 633/1233
f 2370/1233 633/1233 632/1234
f 2369/1234 2370/1233 632/1234
f 2369/1234 632/1234 652/1235
f 792/1236 652/1235 632/1234
f 652/1235 792/1236 793/1237
f 2530/1237 793/1237 792/1236
f 2529/1236 2530/1237 792/1236
f 2529/1236 792/1236 791/1238
f 791/1238 792/1236 790/1232
f 2528/1238 791/1238 790/1232
f 2527/1232 2528/1238 790/1232
f 2527/1232 790/1232 808/1239
f 808/1239 790/1232 885/1229
f 886/1205 808/1239 885/1229
f 2623/1205 886/1205 885/1229
f 808/1239 886/1205 807/1240
f 807/1240 886/1205 806/1241
f 806/1241 886/1205 805/1242
f 805/1242 886/1205 804/1243
f 804/1243 886/1205 803/1244
f 803/1244 886/1205 802/1245
f 2540/1244 803/1244 802/1245
f 2539/1245 2540/1244 802/1245
f 2539/1245 802/1245 801/1207
f 2540/1244 2539/1245 2623/1205
f 2539/1245 2538/1207 2623/1205
f 2541/1243 2540/1244 2623/1205
f 2542/1242 2541/1243 2623/1205
f 2543/1241 2542/1242 2623/1205
f 2544/1240 2543/1241 2623/1205
f 2545/1239 2544/1240 2623/1205
f 2623/1205 2622/1229 2545/1239
f 2545/1239 2622/1229 2527/1232
f 2544/1240 2545/1239 807/1240
f 2543/1241 2544/1240 806/1241
f 2542/1242 2543/1241 805/1242
f 2541/1243 2542/1242 804/1243
f 2540/1244 2541/1243 803/1244
f 2541/1243 804/1243 803/1244
f 2542/1242 805/1242 804/1243
f 2543/1241 806/1241 805/1242
f 2544/1240 807/1240 806/1241
f 2545/1239 808/1239 807/1240
f 2545/1239 2527/1232 808/1239
f 2528/1238 2527/1232 2529/1236
f 2529/1236 2527/1232 2369/1234
f 2529/1236 2369/1234 2389/1235
f 2528/1238 2529/1236 791/1238
f 2389/1235 2530/1237 2529/1236
f 2388/1246 2530/1237 2389/1235
f 2388/1246 2389/1235 651/1246
f 2389/1235 652/1235 651/1246
f 2388/1246 651/1246 650/1247
f 651/1246 794/1248 650/1247
f 794/1248 649/1249 650/1247
f 2387/1247 650/1247 649/1249
f 2386/1249 2387/1247 649/1249
f 2386/1249 649/1249 648/1250
f 649/1249 795/1215 648/1250
f 648/1250 795/1215 647/1251
f 647/1251 795/1215 645/1252
f 645/1252 795/1215 644/1219
f 2382/1252 645/1252 644/1219
f 2381/1219 2382/1252 644/1219
f 2382/1252 2381/1219 2532/1215
f 2381/1219 2193/1217 2532/1215
f 2384/1251 2382/1252 2532/1215
f 2385/1250 2384/1251 2532/1215
f 2386/1249 2385/1250 2532/1215
f 2532/1215 2531/1248 2386/1249
f 2531/1248 2532/1215 794/1248
f 2532/1215 795/1215 794/1248
f 2532/1215 2533/1213 795/1215
f 2531/1248 794/1248 793/1237
f 2384/1251 2385/1250 647/1251
f 2384/1251 647/1251 646/1253
f 2383/1253 2384/1251 646/1253
f 2383/1253 646/1253 645/1252
f 2384/1251 2383/1253 2382/1252
f 2382/1252 2383/1253 645/1252
f 647/1251 645/1252 646/1253
f 2385/1250 648/1250 647/1251
f 2385/1250 2386/1249 648/1250
f 2531/1248 2387/1247 2386/1249
f 2388/1246 2387/1247 2531/1248
f 795/1215 649/1249 794/1248
f 794/1248 651/1246 793/1237
f 2387/1247 2388/1246 650/1247
f 2531/1248 2530/1237 2388/1246
f 2530/1237 2531/1248 793/1237
f 651/1246 652/1235 793/1237
f 2389/1235 2369/1234 652/1235
f 2527/1232 2370/1233 2369/1234
f 2373/1231 2370/1233 2527/1232
f 2374/1228 2373/1231 2527/1232
f 2370/1233 2373/1231 2371/1254
f 2371/1254 2373/1231 2372/1255
f 2372/1255 2373/1231 635/1255
f 2373/1231 636/1231 635/1255
f 634/1254 635/1255 636/1231
f 2372/1255 635/1255 634/1254
f 2371/1254 2372/1255 634/1254
f 2371/1254 634/1254 633/1233
f 2370/1233 2371/1254 633/1233
f 792/1236 632/1234 790/1232
f 633/1233 634/1254 636/1231
f 2373/1231 2374/1228 636/1231
f 2527/1232 2622/1229 2374/1228
f 2622/1229 2623/1205 885/1229
f 842/1102 883/856 884/1230
f 790/1232 637/1228 885/1229
f 2375/1227 638/1227 637/1228
f 2375/1227 2376/1226 638/1227
f 2192/1095 2376/1226 2375/1227
f 2192/1095 2377/1225 2376/1226
f 2192/1095 2378/1224 2377/1225
f 2379/1223 2378/1224 2192/1095
f 2195/1221 2379/1223 2192/1095
f 2380/1220 2379/1223 2195/1221
f 2380/1220 2195/1221 2194/1218
f 2381/1219 2380/1220 2194/1218
f 2380/1220 2381/1219 643/1220
f 2380/1220 643/1220 642/1223
f 2379/1223 2380/1220 642/1223
f 2378/1224 2379/1223 641/1224
f 455/1095 639/1226 640/1225
f 2379/1223 642/1223 641/1224
f 2196/1222 2197/1073 459/1222
f 2197/1073 2196/1222 2192/1095
f 2192/1095 2191/1077 2197/1073
f 2192/1095 2196/1222 2195/1221
f 643/1220 458/1221 642/1223
f 2381/1219 644/1219 643/1220
f 644/1219 795/1215 456/1217
f 2194/1218 2195/1221 457/1218
f 2381/1219 2194/1218 2193/1217
f 2193/1217 2259/1216 2532/1215
f 2532/1215 2259/1216 2258/1214
f 456/1217 795/1215 522/1216
f 2533/1213 796/1213 795/1215
f 797/1211 520/1212 796/1213
f 2534/1211 797/1211 796/1213
f 797/1211 519/1210 520/1212
f 2258/1214 2259/1216 521/1214
f 2257/1212 520/1212 519/1210
f 2533/1213 2532/1215 2258/1214
f 2533/1213 2534/1211 796/1213
f 2534/1211 2535/1209 797/1211
f 2535/1209 798/1209 797/1211
f 2256/1210 2257/1212 519/1210
f 798/1209 519/1210 797/1211
f 2535/1209 2536/1208 798/1209
f 2537/1206 2536/1208 2624/869
f 2624/869 2623/1205 2537/1206
f 2623/1205 2538/1207 2537/1206
f 2538/1207 2539/1245 801/1207
f 802/1245 886/1205 801/1207
f 800/1206 887/869 799/1208
f 2623/1205 2624/869 886/1205
f 1078/860 888/1106 1077/1204
f 2813/1203 2814/1204 1076/1203
f 2811/1202 2648/1143 2812/1109
f 2812/1109 2648/1143 2633/1141
f 2812/1109 2633/1141 2632/1142
f 2812/1109 2632/1142 2525/1256
f 2526/1257 2525/1256 2632/1142
f 2520/1258 2526/1257 2632/1142
f 2521/1259 2520/1258 2632/1142
f 2632/1142 2631/1260 2521/1259
f 2521/1259 2631/1260 2518/1261
f 2631/1260 2519/1262 2518/1261
f 2518/1261 2519/1262 781/1261
f 2519/1262 782/1262 781/1261
f 894/1260 781/1261 782/1262
f 827/1263 894/1260 782/1262
f 782/1262 826/1264 827/1263
f 2564/1263 827/1263 826/1264
f 2563/1264 2564/1263 826/1264
f 2563/1264 826/1264 825/1265
f 2562/1265 2563/1264 825/1265
f 2562/1265 825/1265 827/1263
f 893/1266 827/1263 825/1265
f 776/1267 893/1266 825/1265
f 825/1265 782/1262 776/1267
f 2513/1267 776/1267 782/1262
f 2513/1267 2514/1268 776/1267
f 2514/1268 777/1268 776/1267
f 857/1269 776/1267 777/1268
f 857/1269 777/1268 856/1270
f 778/1111 856/1270 777/1268
f 2515/1111 778/1111 777/1268
f 778/1111 855/1271 856/1270
f 2593/1270 856/1270 855/1271
f 2592/1271 2593/1270 855/1271
f 2592/1271 855/1271 854/1112
f 2591/1112 2592/1271 854/1112
f 2591/1112 854/1112 853/1113
f 854/1112 1163/1108 853/1113
f 1164/1114 853/1113 1163/1108
f 2901/1114 1164/1114 1163/1108
f 2901/1114 2902/250 1164/1114
f 2902/250 1165/250 1164/1114
f 853/1113 1164/1114 891/1115
f 891/1115 1164/1114 890/1116
f 2628/1115 891/1115 890/1116
f 2628/1115 2629/1272 891/1115
f 2629/1272 892/1272 891/1115
f 852/1273 891/1115 892/1272
f 892/1272 859/1274 852/1273
f 2589/1273 852/1273 859/1274
f 2596/1274 2589/1273 859/1274
f 2596/1274 859/1274 858/1275
f 859/1274 893/1266 858/1275
f 858/1275 893/1266 857/1269
f 2595/1275 858/1275 857/1269
f 2594/1269 2595/1275 857/1269
f 2595/1275 2594/1269 2630/1266
f 2594/1269 2513/1267 2630/1266
f 2513/1267 2562/1265 2630/1266
f 2630/1266 2562/1265 2564/1263
f 2631/1260 2630/1266 2564/1263
f 2630/1266 2631/1260 893/1266
f 2631/1260 894/1260 893/1266
f 2630/1266 893/1266 892/1272
f 2562/1265 2513/1267 2519/1262
f 2596/1274 2595/1275 2630/1266
f 2630/1266 2629/1272 2596/1274
f 2595/1275 2596/1274 858/1275
f 2629/1272 2589/1273 2596/1274
f 2589/1273 2590/1113 852/1273
f 2590/1113 853/1113 852/1273
f 893/1266 859/1274 892/1272
f 2629/1272 2630/1266 892/1272
f 2589/1273 2629/1272 2628/1115
f 853/1113 891/1115 852/1273
f 778/1111 1163/1108 854/1112
f 779/1110 1163/1108 778/1111
f 2516/1110 779/1110 778/1111
f 2516/1110 2517/1276 779/1110
f 2517/1276 780/1276 779/1110
f 1075/1109 779/1110 780/1276
f 1075/1109 780/1276 781/1261
f 1075/1109 781/1261 785/1277
f 781/1261 784/1259 785/1277
f 2522/1277 785/1277 784/1259
f 2521/1259 2522/1277 784/1259
f 2521/1259 784/1259 783/1258
f 784/1259 895/1142 783/1258
f 783/1258 895/1142 789/1257
f 789/1257 895/1142 788/1256
f 2526/1257 789/1257 788/1256
f 2520/1258 783/1258 789/1257
f 895/1142 784/1259 894/1260
f 2632/1142 895/1142 894/1260
f 2522/1277 2523/1278 785/1277
f 2523/1278 786/1278 785/1277
f 2523/1278 2524/1279 786/1278
f 2524/1279 787/1279 786/1278
f 1075/1109 786/1278 787/1279
f 1075/1109 787/1279 788/1256
f 2525/1256 788/1256 787/1279
f 2524/1279 2525/1256 787/1279
f 2812/1109 2524/1279 2523/1278
f 2812/1109 2523/1278 2522/1277
f 2812/1109 2522/1277 2518/1261
f 2812/1109 2518/1261 2517/1276
f 1075/1109 785/1277 786/1278
f 2517/1276 2518/1261 780/1276
f 1075/1109 1163/1108 779/1110
f 2515/1111 2593/1270 2592/1271
f 2515/1111 2514/1268 2593/1270
f 2594/1269 2593/1270 2514/1268
f 2593/1270 2594/1269 856/1270
f 778/1111 854/1112 855/1271
f 2594/1269 857/1269 856/1270
f 2514/1268 2515/1111 777/1268
f 2594/1269 2514/1268 2513/1267
f 857/1269 893/1266 776/1267
f 2519/1262 2563/1264 2562/1265
f 2519/1262 2564/1263 2563/1264
f 2564/1263 2562/1265 827/1263
f 782/1262 825/1265 826/1264
f 894/1260 827/1263 893/1266
f 784/1259 781/1261 894/1260
f 2519/1262 2513/1267 782/1262
f 2518/1261 781/1261 780/1276
f 2564/1263 2519/1262 2631/1260
f 2518/1261 2522/1277 2521/1259
f 2631/1260 2632/1142 894/1260
f 2520/1258 2521/1259 783/1258
f 2526/1257 2520/1258 789/1257
f 2525/1256 2526/1257 788/1256
f 2812/1109 2525/1256 2524/1279
f 2649/1148 2648/1143 2811/1202
f 2649/1148 2811/1202 2810/1149
f 1108/1184 1079/251 1072/1185
f 2845/1184 2846/1189 1108/1184
f 2844/1183 2843/1178 2798/1181
f 2842/1174 1105/1174 1104/1201
f 2780/1155 2808/1176 2807/1177
f 2780/1155 2807/1177 2806/1175
f 2780/1155 2806/1175 2823/1172
f 2823/1172 2806/1175 2842/1174
f 2780/1155 2823/1172 2822/1167
f 2822/1167 2773/1168 2780/1155
f 2794/1152 2795/1151 1057/1152
f 2795/1151 2796/1150 1058/1151
f 2810/1149 2768/1130 2649/1148
f 2650/1147 2649/1148 2768/1130
f 2651/1146 2650/1147 2768/1130
f 2644/1145 2651/1146 2768/1130
f 2650/1147 2651/1146 913/1147
f 2649/1148 2650/1147 912/1148
f 2649/1148 912/1148 911/1143
f 912/1148 1074/1202 911/1143
f 2810/1149 2845/1184 2844/1183
f 2798/1181 2797/1182 2844/1183
f 2797/1182 2798/1181 1060/1182
f 2843/1178 2791/1180 2798/1181
f 2791/1180 2792/1179 1054/1180
f 1107/1183 1061/1181 1106/1178
f 2792/1179 1055/1179 1054/1180
f 1043/1155 1069/1175 1070/1177
f 2807/1177 1070/1177 1069/1175
f 2807/1177 2808/1176 1070/1177
f 2842/1174 2806/1175 2808/1176
f 2806/1175 2807/1177 1069/1175
f 1106/1178 1071/1176 1105/1174
f 1080/1200 1105/1174 1087/1173
f 2824/1173 2817/1200 1087/1173
f 2824/1173 2823/1172 2842/1174
f 1043/1155 1086/1172 1069/1175
f 2822/1167 2823/1172 1085/1167
f 2822/1167 2821/1166 2773/1168
f 1084/1166 1036/1168 1037/1165
f 1034/1162 1037/1165 1038/1169
f 1082/1163 1034/1162 1035/1119
f 2820/1164 2821/1166 1083/1164
f 2819/1163 1082/1163 1081/1199
f 2774/1165 2820/1164 2771/1162
f 2772/1119 2819/1163 2818/1199
f 1038/1169 1025/1161 1034/1162
f 2763/1160 1026/1160 1025/1161
f 2770/1159 2771/1162 1033/1159
f 2763/1160 2770/1159 2769/1158
f 1026/1160 1040/1157 1032/1158
f 2777/1157 2778/1156 1040/1157
f 2768/1130 2779/1153 2778/1156
f 2793/1154 2780/1155 2779/1153
f 2780/1155 2773/1168 1043/1155
f 1043/1155 1055/1179 1056/1154
f 2794/1152 1057/1152 1056/1154
f 1031/1130 1041/1156 1042/1153
f 2795/1151 1058/1151 1057/1152
f 2796/1150 1059/1150 1058/1151
f 1073/1149 1059/1150 1107/1183
f 912/1148 1073/1149 1074/1202
f 2650/1147 913/1147 912/1148
f 2651/1146 914/1146 913/1147
f 2651/1146 2644/1145 914/1146
f 2645/1129 2644/1145 2768/1130
f 2767/1127 2643/1125 2642/1126
f 2633/1141 2647/1144 2642/1126
f 2648/1143 2647/1144 2633/1141
f 2648/1143 2649/1148 911/1143
f 1074/1202 1075/1109 911/1143
f 1075/1109 788/1256 895/1142
f 2632/1142 2633/1141 895/1142
f 2642/1126 2634/1140 2633/1141
f 2634/1140 2635/1137 897/1140
f 2641/1139 2635/1137 2634/1140
f 896/1141 905/1126 910/1144
f 2642/1126 2641/1139 2634/1140
f 2641/1139 2640/1138 2635/1137
f 904/1139 898/1137 903/1138
f 2636/1136 2627/1116 899/1136
f 2627/1116 890/1116 899/1136
f 917/1280 899/1136 890/1116
f 890/1116 916/1117 917/1280
f 2654/1280 917/1280 916/1117
f 2653/1117 2654/1280 916/1117
f 2654/1280 2655/1281 917/1280
f 2655/1281 918/1281 917/1280
f 2655/1281 2656/1133 918/1281
f 2656/1133 919/1133 918/1281
f 919/1133 899/1136 918/1281
f 2636/1136 2655/1281 2654/1280
f 899/1136 917/1280 918/1281
f 2654/1280 2627/1116 2636/1136
f 2635/1137 898/1137 897/1140
f 2635/1137 2640/1138 2639/1135
f 2656/1133 2655/1281 2636/1136
f 2639/1135 2640/1138 902/1135
f 919/1133 902/1135 899/1136
f 920/1132 900/1124 901/1134
f 2656/1133 2657/1132 919/1133
f 2657/1132 2638/1134 2637/1124
f 2767/1127 2766/1123 2643/1125
f 2768/1130 2767/1127 2645/1129
f 2768/1130 2769/1158 1031/1130
f 908/1129 1031/1130 907/1145
f 2646/1128 909/1128 908/1129
f 910/1144 905/1126 909/1128
f 2642/1126 2643/1125 905/1126
f 2766/1123 2637/1124 2643/1125
f 2637/1124 2638/1134 900/1124
f 1030/1127 906/1125 1029/1123
f 900/1124 920/1132 921/1122
f 1029/1123 922/1121 1028/1131
f 2658/1122 2659/1121 921/1122
f 2764/1118 2652/1120 2659/1121
f 2652/1120 2653/1117 915/1120
f 922/1121 1027/1118 1028/1131
f 2653/1117 916/1117 915/1120
f 890/1116 1164/1114 916/1117
f 1035/1119 1164/1114 1165/250
f 2764/1118 2765/1131 1027/1118
f 2772/1119 1035/1119 1034/1162
f 2772/1119 2902/250 2901/1114
f 2653/1117 2652/1120 2764/1118
f 2627/1116 2654/1280 2653/1117
f 2627/1116 2628/1115 890/1116
f 2590/1113 2589/1273 2628/1115
f 2590/1113 2591/1112 853/1113
f 2515/1111 2592/1271 2591/1112
f 2515/1111 2516/1110 778/1111
f 2812/1109 2517/1276 2516/1110
f 2625/1106 2813/1203 2812/1109
f 2900/1108 2901/1114 1163/1108
f 888/1106 1163/1108 1075/1109
f 2625/1106 2626/857 888/1106
f 2583/855 2579/1102 2620/856
f 2585/853 2584/854 2897/851
f 2586/852 2585/853 2897/851
f 2588/850 2586/852 2897/851
f 3112/847 2588/850 2897/851
f 2588/850 3112/847 3111/849
f 2588/850 3111/849 3120/1282
f 3111/849 3110/848 3120/1282
f 3120/1282 3110/848 3501/1283
f 3110/848 3502/846 3501/1283
f 3501/1283 3502/846 1764/1283
f 3502/846 1765/846 1764/1283
f 3501/1283 1764/1283 1763/1284
f 1383/1282 1763/1284 1764/1283
f 1383/1282 1764/1283 1373/848
f 1374/849 1383/1282 1373/848
f 3111/849 1374/849 1373/848
f 1383/1282 1482/1285 1763/1284
f 1763/1284 1482/1285 1762/1286
f 1762/1286 1482/1285 1483/1287
f 3220/1287 1483/1287 1482/1285
f 3219/1285 3220/1287 1482/1285
f 3219/1285 1482/1285 1481/1288
f 3218/1288 3219/1285 1481/1288
f 3218/1288 1481/1288 1480/1289
f 1481/1288 1384/1290 1480/1289
f 1480/1289 1384/1290 1385/1291
f 3122/1291 1385/1291 1384/1290
f 3121/1290 3122/1291 1384/1290
f 3121/1290 1384/1290 1383/1282
f 3120/1282 3121/1290 1383/1282
f 3120/1282 1383/1282 1382/1292
f 851/850 1382/1292 1383/1282
f 1382/1292 851/850 828/1293
f 2565/1293 828/1293 851/850
f 2588/850 2565/1293 851/850
f 2588/850 851/850 850/1294
f 2587/1294 2588/850 850/1294
f 2587/1294 850/1294 849/852
f 2586/852 2587/1294 849/852
f 3119/1292 2565/1293 2588/850
f 2569/353 2565/1293 3119/1292
f 3119/1292 3118/354 2569/353
f 2569/353 3118/354 2570/352
f 2299/348 2570/352 3118/354
f 3118/354 2300/355 2299/348
f 3118/354 3117/1295 2300/355
f 2300/355 3117/1295 3037/1296
f 3038/1297 3037/1296 3117/1295
f 3039/1298 3038/1297 3117/1295
f 3117/1295 3116/1299 3039/1298
f 3039/1298 3116/1299 3141/1300
f 3142/1301 3141/1300 3116/1299
f 3116/1299 3115/1302 3142/1301
f 3115/1302 3143/1303 3142/1301
f 3142/1301 3143/1303 1405/1301
f 3143/1303 1406/1303 1405/1301
f 1378/1302 1405/1301 1406/1303
f 1407/1304 1378/1302 1406/1303
f 3144/1304 1407/1304 1406/1303
f 3144/1304 3145/1305 1407/1304
f 3145/1305 1408/1305 1407/1304
f 1409/1306 1407/1304 1408/1305
f 3146/1306 1409/1306 1408/1305
f 3146/1306 3147/1307 1409/1306
f 3147/1307 1410/1307 1409/1306
f 1434/1308 1409/1306 1410/1307
f 1434/1308 1410/1307 1433/1309
f 1433/1309 1410/1307 1389/1310
f 3126/1310 1389/1310 1410/1307
f 3126/1310 3127/1311 1389/1310
f 3127/1311 1390/1311 1389/1310
f 3127/1311 3128/1312 1390/1311
f 3128/1312 1391/1312 1390/1311
f 1284/1313 1390/1311 1391/1312
f 1391/1312 1392/1314 1284/1313
f 1392/1314 1283/1315 1284/1313
f 3021/1313 1284/1313 1283/1315
f 3020/1315 3021/1313 1283/1315
f 3020/1315 1283/1315 1282/1316
f 1395/1317 1282/1316 1283/1315
f 1394/1318 1395/1317 1283/1315
f 3132/1317 1395/1317 1394/1318
f 3131/1318 3132/1317 1394/1318
f 3131/1318 1394/1318 1393/1319
f 1393/1319 1394/1318 1392/1314
f 3130/1319 1393/1319 1392/1314
f 3129/1314 3130/1319 1392/1314
f 3130/1319 3129/1314 3131/1318
f 3131/1318 3129/1314 3020/1315
f 3130/1319 3131/1318 1393/1319
f 3131/1318 3020/1315 3132/1317
f 3132/1317 3020/1315 3019/1316
f 3019/1316 3133/1320 3132/1317
f 3019/1316 3134/1321 3133/1320
f 3133/1320 3134/1321 1396/1320
f 3134/1321 1397/1321 1396/1320
f 1282/1316 1396/1320 1397/1321
f 1398/1322 1282/1316 1397/1321
f 3135/1322 1398/1322 1397/1321
f 3135/1322 3136/1323 1398/1322
f 3136/1323 1399/1323 1398/1322
f 1281/1324 1398/1322 1399/1323
f 1281/1324 1399/1323 1400/1325
f 3137/1325 1400/1325 1399/1323
f 3137/1325 3138/1326 1400/1325
f 3138/1326 1401/1326 1400/1325
f 3138/1326 3139/1327 1401/1326
f 3139/1327 1402/1327 1401/1326
f 1403/1328 1401/1326 1402/1327
f 3140/1328 1403/1328 1402/1327
f 3140/1328 3141/1300 1403/1328
f 3141/1300 1404/1300 1403/1328
f 3141/1300 3140/1328 3138/1326
f 1404/1300 1401/1326 1403/1328
f 1302/1298 1401/1326 1404/1300
f 1302/1298 1404/1300 1379/1299
f 1405/1301 1379/1299 1404/1300
f 1380/1295 1302/1298 1379/1299
f 3117/1295 1380/1295 1379/1299
f 1302/1298 1380/1295 1301/1297
f 1301/1297 1380/1295 1300/1296
f 563/355 1300/1296 1380/1295
f 3038/1297 1301/1297 1300/1296
f 3039/1298 1302/1298 1301/1297
f 3039/1298 3040/1329 1302/1298
f 3040/1329 1303/1329 1302/1298
f 3040/1329 3018/1324 1303/1329
f 3018/1324 1281/1324 1303/1329
f 1281/1324 1401/1326 1303/1329
f 3018/1324 3019/1316 1281/1324
f 3019/1316 1282/1316 1281/1324
f 3135/1322 3019/1316 3018/1324
f 3018/1324 3040/1329 3138/1326
f 3138/1326 3040/1329 3039/1298
f 1401/1326 1302/1298 1303/1329
f 3139/1327 3140/1328 1402/1327
f 3140/1328 3139/1327 3138/1326
f 3138/1326 3137/1325 3018/1324
f 3018/1324 3137/1325 3136/1323
f 1401/1326 1281/1324 1400/1325
f 3136/1323 3137/1325 1399/1323
f 3018/1324 3136/1323 3135/1322
f 1398/1322 1281/1324 1282/1316
f 3134/1321 3135/1322 1397/1321
f 3133/1320 1396/1320 1395/1317
f 3135/1322 3134/1321 3019/1316
f 3132/1317 3133/1320 1395/1317
f 1282/1316 1395/1317 1396/1320
f 3019/1316 3020/1315 1282/1316
f 3129/1314 3021/1313 3020/1315
f 3128/1312 3021/1313 3129/1314
f 3021/1313 3022/1330 1284/1313
f 3022/1330 1285/1330 1284/1313
f 1478/1331 1284/1313 1285/1330
f 1023/1332 1478/1331 1285/1330
f 1285/1330 1022/1333 1023/1332
f 2760/1332 1023/1332 1022/1333
f 2759/1333 2760/1332 1022/1333
f 2759/1333 1022/1333 1021/1334
f 1022/1333 1288/1335 1021/1334
f 1288/1335 1020/1336 1021/1334
f 2758/1334 1021/1334 1020/1336
f 2757/1336 2758/1334 1020/1336
f 2757/1336 1020/1336 1019/1337
f 597/1338 1019/1337 1020/1336
f 597/1338 1020/1336 658/1339
f 658/1339 1020/1336 733/1340
f 1020/1336 732/1341 733/1340
f 2470/1340 733/1340 732/1341
f 2469/1341 2470/1340 732/1341
f 2469/1341 732/1341 731/1342
f 729/1343 731/1342 732/1341
f 732/1341 1289/1344 729/1343
f 1289/1344 728/1345 729/1343
f 2466/1343 729/1343 728/1345
f 2465/1345 2466/1343 728/1345
f 2465/1345 728/1345 754/1346
f 728/1345 1290/1347 754/1346
f 1290/1347 753/1348 754/1346
f 2491/1346 754/1346 753/1348
f 2490/1348 2491/1346 753/1348
f 2490/1348 753/1348 752/1349
f 753/1348 1291/1350 752/1349
f 1291/1350 751/1351 752/1349
f 2489/1349 752/1349 751/1351
f 2488/1351 2489/1349 751/1351
f 2488/1351 751/1351 750/1352
f 1292/1353 750/1352 751/1351
f 1292/1353 1299/1354 750/1352
f 750/1352 1299/1354 749/1355
f 749/1355 1299/1354 748/1356
f 1299/1354 747/1357 748/1356
f 2485/1356 748/1356 747/1357
f 2484/1357 2485/1356 747/1357
f 2484/1357 747/1357 746/1358
f 742/1359 746/1358 747/1357
f 747/1357 1300/1296 742/1359
f 742/1359 1300/1296 741/1360
f 741/1360 1300/1296 668/1361
f 668/1361 1300/1296 577/1362
f 577/1362 1300/1296 576/360
f 576/360 1300/1296 575/357
f 2313/360 576/360 575/357
f 2312/357 2313/360 575/357
f 2313/360 2312/357 3037/1296
f 2314/1362 2313/360 3037/1296
f 2405/1361 2314/1362 3037/1296
f 2478/1360 2405/1361 3037/1296
f 2479/1359 2478/1360 3037/1296
f 2484/1357 2479/1359 3037/1296
f 3037/1296 3036/1354 2484/1357
f 3036/1354 3037/1296 1299/1354
f 3037/1296 1300/1296 1299/1354
f 3036/1354 1299/1354 1298/1363
f 1299/1354 1293/1364 1298/1363
f 1298/1363 1293/1364 1294/1365
f 3031/1365 1294/1365 1293/1364
f 3030/1364 3031/1365 1293/1364
f 3030/1364 1293/1364 1292/1353
f 3029/1353 3030/1364 1292/1353
f 3029/1353 1292/1353 1291/1350
f 3028/1350 3029/1353 1291/1350
f 3028/1350 1291/1350 1290/1347
f 3027/1347 3028/1350 1290/1347
f 3027/1347 1290/1347 1289/1344
f 3026/1344 3027/1347 1289/1344
f 3026/1344 1289/1344 1288/1335
f 3025/1335 3026/1344 1288/1335
f 3025/1335 1288/1335 1287/1366
f 3024/1366 3025/1335 1287/1366
f 3024/1366 1287/1366 1286/1367
f 1022/1333 1286/1367 1287/1366
f 3023/1367 3024/1366 1286/1367
f 3023/1367 1286/1367 1285/1330
f 2759/1333 3024/1366 3023/1367
f 2759/1333 3023/1367 3022/1330
f 3025/1335 3024/1366 2759/1333
f 2759/1333 2758/1334 3025/1335
f 3026/1344 3025/1335 2757/1336
f 2757/1336 2469/1341 3026/1344
f 2469/1341 2466/1343 3026/1344
f 2466/1343 2469/1341 2468/1342
f 2467/1368 2466/1343 2468/1342
f 2467/1368 2468/1342 730/1368
f 2468/1342 731/1342 730/1368
f 2467/1368 730/1368 729/1343
f 3027/1347 3026/1344 2465/1345
f 2465/1345 2491/1346 3027/1347
f 3028/1350 3027/1347 2490/1348
f 2490/1348 2489/1349 3028/1350
f 2488/1351 3029/1353 3028/1350
f 3029/1353 2488/1351 2487/1352
f 3029/1353 2487/1352 3036/1354
f 2487/1352 2486/1355 3036/1354
f 2486/1355 2485/1356 3036/1354
f 2486/1355 2487/1352 749/1355
f 3030/1364 3029/1353 3036/1354
f 3036/1354 3035/1363 3030/1364
f 3035/1363 3031/1365 3030/1364
f 3035/1363 3034/1369 3031/1365
f 3031/1365 3034/1369 3033/1370
f 3033/1370 3034/1369 1296/1370
f 3034/1369 1297/1369 1296/1370
f 1294/1365 1296/1370 1297/1369
f 1296/1370 1294/1365 1295/1371
f 3032/1371 1295/1371 1294/1365
f 3032/1371 3033/1370 1295/1371
f 3033/1370 1296/1370 1295/1371
f 3033/1370 3032/1371 3031/1365
f 3034/1369 3035/1363 1297/1369
f 3035/1363 1298/1363 1297/1369
f 3031/1365 3032/1371 1294/1365
f 1298/1363 1294/1365 1297/1369
f 3035/1363 3036/1354 1298/1363
f 2479/1359 2484/1357 2483/1358
f 2483/1358 2480/1372 2479/1359
f 2479/1359 2480/1372 742/1359
f 2480/1372 743/1372 742/1359
f 2480/1372 2481/1373 743/1372
f 2481/1373 744/1373 743/1372
f 745/1374 743/1372 744/1373
f 2482/1374 745/1374 744/1373
f 2482/1374 2483/1358 745/1374
f 2483/1358 746/1358 745/1374
f 746/1358 743/1372 745/1374
f 2481/1373 2482/1374 744/1373
f 2482/1374 2481/1373 2480/1372
f 2483/1358 2482/1374 2480/1372
f 2478/1360 2479/1359 741/1360
f 2478/1360 741/1360 740/1375
f 741/1360 672/1376 740/1375
f 740/1375 672/1376 673/1377
f 2410/1377 673/1377 672/1376
f 2409/1376 2410/1377 672/1376
f 2409/1376 672/1376 671/1378
f 668/1361 671/1378 672/1376
f 671/1378 668/1361 669/1379
f 2406/1379 669/1379 668/1361
f 2405/1361 2406/1379 668/1361
f 2405/1361 668/1361 667/1380
f 2404/1380 2405/1361 667/1380
f 2404/1380 667/1380 666/1381
f 577/1362 666/1381 667/1380
f 577/1362 665/1382 666/1381
f 2403/1381 666/1381 665/1382
f 2402/1382 2403/1381 665/1382
f 2402/1382 665/1382 664/1383
f 2401/1383 2402/1382 664/1383
f 2401/1383 664/1383 663/1384
f 663/1384 664/1383 578/1385
f 664/1383 577/1362 578/1385
f 2315/1385 578/1385 577/1362
f 2314/1362 2315/1385 577/1362
f 2401/1383 2315/1385 2314/1362
f 2400/1384 2315/1385 2401/1383
f 2400/1384 2399/1386 2315/1385
f 2315/1385 2399/1386 2398/1387
f 2398/1387 2399/1386 661/1387
f 2399/1386 662/1386 661/1387
f 578/1385 661/1387 662/1386
f 578/1385 595/1388 661/1387
f 596/1389 661/1387 595/1388
f 2333/1389 596/1389 595/1388
f 2332/1388 2333/1389 595/1388
f 2332/1388 595/1388 594/1390
f 595/1388 579/1391 594/1390
f 594/1390 579/1391 580/1392
f 2317/1392 580/1392 579/1391
f 2316/1391 2317/1392 579/1391
f 2316/1391 579/1391 578/1385
f 2331/1390 2317/1392 2316/1391
f 2332/1388 2331/1390 2316/1391
f 2332/1388 2316/1391 2315/1385
f 2331/1390 2330/1393 2317/1392
f 2317/1392 2330/1393 2304/1394
f 2304/1394 2330/1393 2352/369
f 2352/369 2330/1393 2329/1395
f 2329/1395 2330/1393 592/1395
f 2330/1393 593/1393 592/1395
f 615/369 592/1395 593/1393
f 567/1394 615/369 593/1393
f 580/1392 567/1394 593/1393
f 2304/1394 567/1394 580/1392
f 2304/1394 2305/368 567/1394
f 2305/368 568/368 567/1394
f 2329/1395 592/1395 591/371
f 2352/369 2329/1395 2328/371
f 2352/369 2305/368 2304/1394
f 2305/368 2352/369 2351/344
f 2330/1393 2331/1390 593/1393
f 2331/1390 594/1390 593/1393
f 2317/1392 2304/1394 580/1392
f 594/1390 580/1392 593/1393
f 2331/1390 2332/1388 594/1390
f 2333/1389 2332/1388 2398/1387
f 2398/1387 2397/1396 2333/1389
f 2397/1396 2334/1338 2333/1389
f 2397/1396 2396/1397 2334/1338
f 2334/1338 2396/1397 2395/1339
f 2395/1339 2396/1397 658/1339
f 2396/1397 659/1397 658/1339
f 2395/1339 658/1339 657/1398
f 654/1399 657/1398 658/1339
f 658/1339 734/1400 654/1399
f 734/1400 653/1401 654/1399
f 2391/1399 654/1399 653/1401
f 2390/1401 2391/1399 653/1401
f 2390/1401 653/1401 676/1402
f 735/1403 676/1402 653/1401
f 736/1404 676/1402 735/1403
f 2473/1404 736/1404 735/1403
f 2472/1403 2473/1404 735/1403
f 2472/1403 735/1403 734/1400
f 2471/1400 2472/1403 734/1400
f 2471/1400 734/1400 733/1340
f 2472/1403 2471/1400 2390/1401
f 2472/1403 2390/1401 2413/1402
f 2473/1404 2472/1403 2413/1402
f 2473/1404 2413/1402 2412/1405
f 2412/1405 2413/1402 675/1405
f 2413/1402 676/1402 675/1405
f 2412/1405 675/1405 674/1406
f 737/1407 674/1406 675/1405
f 737/1407 675/1405 736/1404
f 2474/1407 737/1407 736/1404
f 2474/1407 2475/1408 737/1407
f 2475/1408 738/1408 737/1407
f 2475/1408 2476/1409 738/1408
f 2476/1409 739/1409 738/1408
f 739/1409 674/1406 738/1408
f 739/1409 673/1377 674/1406
f 2411/1406 674/1406 673/1377
f 2476/1409 2477/1375 739/1409
f 2477/1375 740/1375 739/1409
f 2477/1375 2476/1409 2410/1377
f 2476/1409 2411/1406 2410/1377
f 2476/1409 2475/1408 2411/1406
f 2411/1406 2475/1408 2474/1407
f 2474/1407 2412/1405 2411/1406
f 674/1406 737/1407 738/1408
f 2411/1406 2412/1405 674/1406
f 2474/1407 2473/1404 2412/1405
f 2473/1404 2474/1407 736/1404
f 736/1404 675/1405 676/1402
f 2413/1402 2390/1401 676/1402
f 2471/1400 2391/1399 2390/1401
f 2395/1339 2391/1399 2471/1400
f 2471/1400 2470/1340 2395/1339
f 2395/1339 2470/1340 2757/1336
f 2391/1399 2395/1339 2394/1398
f 2394/1398 2392/1410 2391/1399
f 2393/1411 2392/1410 2394/1398
f 2393/1411 2394/1398 656/1411
f 2394/1398 657/1398 656/1411
f 656/1411 657/1398 655/1410
f 2393/1411 656/1411 655/1410
f 2392/1410 2393/1411 655/1410
f 2392/1410 655/1410 654/1399
f 2391/1399 2392/1410 654/1399
f 735/1403 653/1401 734/1400
f 657/1398 654/1399 655/1410
f 2394/1398 2395/1339 657/1398
f 2334/1338 2395/1339 2757/1336
f 2334/1338 2757/1336 2756/1337
f 2334/1338 2756/1337 2755/1412
f 2755/1412 2756/1337 1018/1412
f 2756/1337 1019/1337 1018/1412
f 2755/1412 1018/1412 1017/1413
f 1018/1412 696/1414 1017/1413
f 1017/1413 696/1414 697/1415
f 2434/1415 697/1415 696/1414
f 2433/1414 2434/1415 696/1414
f 2433/1414 696/1414 695/1416
f 2432/1416 2433/1414 695/1416
f 2432/1416 695/1416 694/1417
f 695/1416 1018/1412 694/1417
f 694/1417 1018/1412 690/1418
f 690/1418 1018/1412 598/1419
f 1018/1412 597/1338 598/1419
f 2335/1419 598/1419 597/1338
f 2334/1338 2335/1419 597/1338
f 2334/1338 597/1338 596/1389
f 660/1396 596/1389 597/1338
f 660/1396 597/1338 659/1397
f 2397/1396 660/1396 659/1397
f 2335/1419 2336/373 598/1419
f 2336/373 599/373 598/1419
f 2362/375 2336/373 2335/1419
f 2335/1419 2364/1420 2362/375
f 2364/1420 2363/1421 2362/375
f 2363/1421 2364/1420 626/1421
f 2364/1420 627/1420 626/1421
f 627/1420 625/375 626/1421
f 598/1419 625/375 627/1420
f 598/1419 627/1420 628/1422
f 2365/1422 628/1422 627/1420
f 2365/1422 2366/1421 628/1422
f 2366/1421 629/1421 628/1422
f 629/1421 689/1423 628/1422
f 689/1423 629/1421 688/1424
f 629/1421 687/1425 688/1424
f 2425/1424 688/1424 687/1425
f 2424/1425 2425/1424 687/1425
f 2424/1425 687/1425 686/1426
f 686/1426 687/1425 630/1427
f 686/1426 630/1427 685/1428
f 630/1427 684/1429 685/1428
f 2422/1428 685/1428 684/1429
f 2421/1429 2422/1428 684/1429
f 2421/1429 684/1429 683/1430
f 2420/1430 2421/1429 683/1430
f 2420/1430 683/1430 682/1431
f 682/1431 683/1430 1016/1432
f 683/1430 1015/1433 1016/1432
f 2753/1432 1016/1432 1015/1433
f 2752/1433 2753/1432 1015/1433
f 2752/1433 1015/1433 1014/1434
f 1015/1433 631/1435 1014/1434
f 631/1435 1013/1436 1014/1434
f 2751/1434 1014/1434 1013/1436
f 2750/1436 2751/1434 1013/1436
f 2750/1436 1013/1436 1012/1437
f 1439/1438 1012/1437 1013/1436
f 1497/1439 1439/1438 1013/1436
f 1497/1439 1013/1436 1506/1440
f 1506/1440 1013/1436 618/403
f 1506/1440 618/403 1505/1441
f 618/403 1504/1442 1505/1441
f 3242/1441 1505/1441 1504/1442
f 3241/1442 3242/1441 1504/1442
f 3241/1442 1504/1442 1503/405
f 3240/405 3241/1442 1503/405
f 3240/405 1503/405 1502/404
f 2355/403 3241/1442 3240/405
f 2355/403 3240/405 3239/404
f 2355/403 3242/1441 3241/1442
f 3243/1440 3242/1441 2355/403
f 3243/1440 2355/403 2750/1436
f 2750/1436 2355/403 2368/1435
f 2368/1435 2355/403 631/1435
f 2355/403 618/403 631/1435
f 2355/403 2356/1443 618/403
f 2356/1443 619/1443 618/403
f 1238/1444 618/403 619/1443
f 620/380 1238/1444 619/1443
f 2357/380 620/380 619/1443
f 1234/1445 1238/1444 620/380
f 1238/1444 1234/1445 1237/1446
f 1237/1446 1234/1445 1235/1447
f 2972/1447 1235/1447 1234/1445
f 2971/1445 2972/1447 1234/1445
f 2971/1445 1234/1445 1233/381
f 2970/381 2971/1445 1233/381
f 2357/380 2971/1445 2970/381
f 2970/381 2358/109 2357/380
f 2970/381 2969/382 2358/109
f 2971/1445 2357/380 2975/1444
f 2357/380 2356/1443 2975/1444
f 2975/1444 2974/1446 2971/1445
f 2974/1446 2975/1444 1237/1446
f 2974/1446 1237/1446 1236/1448
f 2973/1448 2974/1446 1236/1448
f 2973/1448 1236/1448 1235/1447
f 2974/1446 2973/1448 2972/1447
f 2974/1446 2972/1447 2971/1445
f 2972/1447 2973/1448 1235/1447
f 1237/1446 1235/1447 1236/1448
f 2975/1444 1238/1444 1237/1446
f 2975/1444 2976/402 1238/1444
f 2976/402 1239/402 1238/1444
f 2976/402 2977/400 1239/402
f 2977/400 2976/402 3238/401
f 2355/403 3238/401 2976/402
f 2978/399 2977/400 3238/401
f 3238/401 3252/397 2978/399
f 3249/405 3252/397 3238/401
f 2355/403 2976/402 2975/1444
f 2356/1443 2357/380 619/1443
f 2975/1444 2356/1443 2355/403
f 2368/1435 631/1435 630/1427
f 2367/1427 2368/1435 630/1427
f 2367/1427 630/1427 629/1421
f 2752/1433 2368/1435 2367/1427
f 2367/1427 2420/1430 2752/1433
f 2752/1433 2751/1434 2368/1435
f 3234/1439 3243/1440 2750/1436
f 3234/1439 2750/1436 3176/1438
f 3176/1438 2750/1436 2749/1437
f 2749/1437 3180/1449 3176/1438
f 3177/1450 3176/1438 3180/1449
f 3177/1450 3180/1449 3179/1451
f 3179/1451 3180/1449 1442/1451
f 3180/1449 1443/1449 1442/1451
f 1440/1450 1442/1451 1443/1449
f 1440/1450 1443/1449 1439/1438
f 3177/1450 1440/1450 1439/1438
f 3177/1450 3178/1452 1440/1450
f 3178/1452 1441/1452 1440/1450
f 3178/1452 3179/1451 1441/1452
f 1441/1452 1442/1451 1440/1450
f 3180/1449 3181/1453 1443/1449
f 3181/1453 1444/1453 1443/1449
f 1012/1437 1443/1449 1444/1453
f 1012/1437 1444/1453 1312/1454
f 1445/1455 1312/1454 1444/1453
f 3182/1455 1445/1455 1444/1453
f 3182/1455 3183/1456 1445/1455
f 3183/1456 1446/1456 1445/1455
f 1446/1456 1331/1457 1445/1455
f 1445/1455 1331/1457 1332/1458
f 3069/1458 1332/1458 1331/1457
f 3068/1457 3069/1458 1331/1457
f 3068/1457 1331/1457 1330/1459
f 3067/1459 3068/1457 1330/1459
f 3067/1459 1330/1459 1329/1460
f 1447/1461 1329/1460 1330/1459
f 1447/1461 1330/1459 1446/1456
f 3184/1461 1447/1461 1446/1456
f 3184/1461 3185/1462 1447/1461
f 3185/1462 1448/1462 1447/1461
f 1449/1463 1447/1461 1448/1462
f 3186/1463 1449/1463 1448/1462
f 3186/1463 3187/1464 1449/1463
f 3187/1464 1450/1464 1449/1463
f 1326/1465 1449/1463 1450/1464
f 1326/1465 1450/1464 1453/1466
f 1453/1466 1450/1464 1452/1467
f 1452/1467 1450/1464 1451/1468
f 3188/1468 1451/1468 1450/1464
f 3188/1468 3189/1467 1451/1468
f 3189/1467 3188/1468 3187/1464
f 3190/1466 3189/1467 3187/1464
f 3063/1465 3190/1466 3187/1464
f 3190/1466 3063/1465 3215/1331
f 3063/1465 3062/1469 3215/1331
f 3062/1469 2760/1332 3215/1331
f 2760/1332 3022/1330 3215/1331
f 2760/1332 3062/1469 3058/1470
f 3059/1471 3058/1470 3062/1469
f 3062/1469 3061/1472 3059/1471
f 3061/1472 3060/1473 3059/1471
f 3059/1471 3060/1473 1322/1471
f 3060/1473 1323/1473 1322/1471
f 1324/1472 1322/1471 1323/1473
f 3061/1472 1324/1472 1323/1473
f 1325/1469 1322/1471 1324/1472
f 3062/1469 1325/1469 1324/1472
f 1322/1471 1325/1469 1321/1470
f 1023/1332 1321/1470 1325/1469
f 1321/1470 1023/1332 1004/1474
f 2741/1474 1004/1474 1023/1332
f 2741/1474 2742/1475 1004/1474
f 2742/1475 1005/1475 1004/1474
f 2742/1475 2743/1476 1005/1475
f 2743/1476 1006/1476 1005/1475
f 1011/1477 1005/1475 1006/1476
f 1007/1478 1011/1477 1006/1476
f 2744/1478 1007/1478 1006/1476
f 2744/1478 2745/1479 1007/1478
f 2745/1479 1008/1479 1007/1478
f 1010/1480 1007/1478 1008/1479
f 1009/1481 1010/1480 1008/1479
f 2746/1481 1009/1481 1008/1479
f 2746/1481 2747/1480 1009/1481
f 2746/1481 2745/1479 2747/1480
f 2747/1480 1010/1480 1009/1481
f 2747/1480 2748/1477 1010/1480
f 2748/1477 1011/1477 1010/1480
f 2748/1477 2749/1437 1011/1477
f 2749/1437 1012/1437 1011/1477
f 2742/1475 2749/1437 2748/1477
f 3055/1482 2749/1437 2742/1475
f 2742/1475 3056/1483 3055/1482
f 3055/1482 3056/1483 1318/1482
f 3056/1483 1319/1483 1318/1482
f 1005/1475 1318/1482 1319/1483
f 1005/1475 1319/1483 1320/1484
f 3057/1484 1320/1484 1319/1483
f 3057/1484 3058/1470 1320/1484
f 3058/1470 1321/1470 1320/1484
f 3058/1470 3057/1484 2742/1475
f 1321/1470 1005/1475 1320/1484
f 1318/1482 1005/1475 1012/1437
f 1318/1482 1012/1437 1317/1485
f 1012/1437 1316/1486 1317/1485
f 3054/1485 1317/1485 1316/1486
f 3053/1486 3054/1485 1316/1486
f 3053/1486 1316/1486 1315/1487
f 3052/1487 3053/1486 1315/1487
f 3052/1487 1315/1487 1314/1488
f 1314/1488 1315/1487 1313/1489
f 1012/1437 1313/1489 1315/1487
f 3051/1488 1314/1488 1313/1489
f 3050/1489 3051/1488 1313/1489
f 3050/1489 1313/1489 1312/1454
f 3049/1454 3050/1489 1312/1454
f 3049/1454 1312/1454 1332/1458
f 2749/1437 3050/1489 3049/1454
f 2749/1437 3049/1454 3181/1453
f 3182/1455 3181/1453 3049/1454
f 3049/1454 3069/1458 3182/1455
f 2749/1437 3052/1487 3050/1489
f 3051/1488 3050/1489 3052/1487
f 3051/1488 3052/1487 1314/1488
f 2749/1437 3053/1486 3052/1487
f 2749/1437 3054/1485 3053/1486
f 3054/1485 3055/1482 1317/1485
f 1012/1437 1315/1487 1316/1486
f 3056/1483 3057/1484 1319/1483
f 3055/1482 1318/1482 1317/1485
f 2742/1475 3057/1484 3056/1483
f 3055/1482 3054/1485 2749/1437
f 2744/1478 2748/1477 2747/1480
f 2744/1478 2743/1476 2748/1477
f 2745/1479 2746/1481 1008/1479
f 2747/1480 2745/1479 2744/1478
f 1007/1478 1010/1480 1011/1477
f 1005/1475 1011/1477 1012/1437
f 2743/1476 2744/1478 1006/1476
f 2748/1477 2743/1476 2742/1475
f 2742/1475 2741/1474 3058/1470
f 1005/1475 1321/1470 1004/1474
f 3059/1471 1322/1471 1321/1470
f 3060/1473 3061/1472 1323/1473
f 3061/1472 3062/1469 1324/1472
f 3058/1470 3059/1471 1321/1470
f 3058/1470 2741/1474 2760/1332
f 3062/1469 3063/1465 1325/1469
f 3063/1465 1326/1465 1325/1469
f 1326/1465 1478/1331 1325/1469
f 3063/1465 3064/1490 1326/1465
f 3064/1490 1327/1490 1326/1465
f 3064/1490 3065/1491 1327/1490
f 3065/1491 1328/1491 1327/1490
f 1328/1491 1449/1463 1327/1490
f 1329/1460 1449/1463 1328/1491
f 3066/1460 1329/1460 1328/1491
f 3065/1491 3066/1460 1328/1491
f 3066/1460 3065/1491 3186/1463
f 3184/1461 3066/1460 3186/1463
f 3184/1461 3067/1459 3066/1460
f 3184/1461 3183/1456 3067/1459
f 3065/1491 3064/1490 3186/1463
f 3186/1463 3064/1490 3063/1465
f 3191/1492 3190/1466 3215/1331
f 3215/1331 3214/1493 3191/1492
f 3191/1492 3214/1493 3213/1494
f 3213/1494 3214/1493 1476/1494
f 3214/1493 1477/1493 1476/1494
f 1454/1492 1476/1494 1477/1493
f 1478/1331 1454/1492 1477/1493
f 3215/1331 1478/1331 1477/1493
f 3215/1331 3216/1495 1478/1331
f 3216/1495 1479/1495 1478/1331
f 1479/1495 1435/1496 1478/1331
f 1435/1496 1433/1309 1478/1331
f 1433/1309 1390/1311 1478/1331
f 3170/1309 1433/1309 1435/1496
f 3172/1496 3170/1309 1435/1496
f 3172/1496 1435/1496 1434/1308
f 3171/1308 3172/1496 1434/1308
f 3146/1306 3172/1496 3171/1308
f 3146/1306 3113/1497 3172/1496
f 3172/1496 3113/1497 3216/1495
f 3113/1497 3125/1498 3216/1495
f 3125/1498 3123/1499 3216/1495
f 3216/1495 3123/1499 3122/1291
f 3217/1289 3216/1495 3122/1291
f 3125/1498 3124/1500 3123/1499
f 3123/1499 3124/1500 1386/1499
f 3124/1500 1387/1500 1386/1499
f 1388/1498 1386/1499 1387/1500
f 3125/1498 1388/1498 1387/1500
f 1388/1498 1479/1495 1386/1499
f 1479/1495 1385/1291 1386/1499
f 1376/1497 1479/1495 1388/1498
f 3113/1497 1376/1497 1388/1498
f 3113/1497 3114/1500 1376/1497
f 3114/1500 1377/1500 1376/1497
f 1409/1306 1376/1497 1377/1500
f 1378/1302 1409/1306 1377/1500
f 3115/1302 1378/1302 1377/1500
f 1409/1306 1435/1496 1376/1497
f 3114/1500 3115/1302 1377/1500
f 3115/1302 3114/1500 3146/1306
f 3146/1306 3144/1304 3115/1302
f 3123/1499 1386/1499 1385/1291
f 3124/1500 3125/1498 1387/1500
f 3125/1498 3113/1497 1388/1498
f 3146/1306 3114/1500 3113/1497
f 3172/1496 3215/1331 3170/1309
f 3170/1309 3215/1331 3127/1311
f 3127/1311 3215/1331 3021/1313
f 3170/1309 3171/1308 1433/1309
f 3171/1308 3170/1309 3147/1307
f 3170/1309 3126/1310 3147/1307
f 1435/1496 1479/1495 1376/1497
f 3216/1495 3217/1289 1479/1495
f 3217/1289 1480/1289 1479/1495
f 3216/1495 3215/1331 3172/1496
f 1454/1492 1478/1331 1453/1466
f 3191/1492 1454/1492 1453/1466
f 3191/1492 3192/1501 1454/1492
f 3192/1501 1455/1501 1454/1492
f 3192/1501 3193/1502 1455/1501
f 3193/1502 1456/1502 1455/1501
f 1489/1503 1455/1501 1456/1502
f 1457/1504 1489/1503 1456/1502
f 3194/1504 1457/1504 1456/1502
f 3194/1504 3195/1505 1457/1504
f 3195/1505 1458/1505 1457/1504
f 3195/1505 3196/1506 1458/1505
f 3196/1506 1459/1506 1458/1505
f 1459/1506 1489/1503 1458/1505
f 1489/1503 1459/1506 1488/1507
f 1488/1507 1459/1506 1436/1508
f 3173/1508 1436/1508 1459/1506
f 3173/1508 3174/1509 1436/1508
f 3174/1509 1437/1509 1436/1508
f 1498/1510 1436/1508 1437/1509
f 1498/1510 1437/1509 1497/1439
f 1437/1509 1438/1511 1497/1439
f 3175/1511 1438/1511 1437/1509
f 3175/1511 3176/1438 1438/1511
f 3176/1438 1439/1438 1438/1511
f 3235/1510 1498/1510 1497/1439
f 3234/1439 3235/1510 1497/1439
f 3234/1439 1497/1439 1500/1512
f 3237/1512 3234/1439 1500/1512
f 3237/1512 1500/1512 1499/1513
f 1500/1512 1486/1514 1499/1513
f 1499/1513 1486/1514 1487/1515
f 3224/1515 1487/1515 1486/1514
f 3223/1514 3224/1515 1486/1514
f 3223/1514 1486/1514 1496/1516
f 1486/1514 1507/1517 1496/1516
f 1496/1516 1507/1517 1495/1518
f 1507/1517 1494/1519 1495/1518
f 3232/1518 1495/1518 1494/1519
f 3231/1519 3232/1518 1494/1519
f 3231/1519 1494/1519 1493/1520
f 1494/1519 1761/1521 1493/1520
f 1761/1521 1492/1522 1493/1520
f 3230/1520 1493/1520 1492/1522
f 3229/1522 3230/1520 1492/1522
f 3229/1522 1492/1522 1491/1523
f 1483/1287 1491/1523 1492/1522
f 1491/1523 1483/1287 1484/1524
f 3221/1524 1484/1524 1483/1287
f 3221/1524 3222/1525 1484/1524
f 3222/1525 1485/1525 1484/1524
f 1490/1526 1484/1524 1485/1525
f 1490/1526 1485/1525 1489/1503
f 1485/1525 1476/1494 1489/1503
f 3227/1526 1490/1526 1489/1503
f 3226/1503 3227/1526 1489/1503
f 3227/1526 3226/1503 3222/1525
f 3222/1525 3226/1503 3213/1494
f 3213/1494 3226/1503 3192/1501
f 3227/1526 3228/1523 1490/1526
f 3228/1523 1491/1523 1490/1526
f 3228/1523 3227/1526 3221/1524
f 3228/1523 3221/1524 3220/1287
f 3220/1287 3229/1522 3228/1523
f 3229/1522 3220/1287 3499/1286
f 3499/1286 3498/1521 3229/1522
f 3498/1521 3499/1286 1761/1521
f 3499/1286 1762/1286 1761/1521
f 3499/1286 3500/1284 1762/1286
f 3500/1284 3499/1286 3219/1285
f 3120/1282 3500/1284 3219/1285
f 3498/1521 1761/1521 1760/1527
f 3497/1527 3498/1521 1760/1527
f 3497/1527 1760/1527 1759/443
f 1760/1527 1521/1528 1759/443
f 1521/1528 1522/1529 1759/443
f 1759/443 1522/1529 1523/1530
f 3260/1530 1523/1530 1522/1529
f 3259/1529 3260/1530 1522/1529
f 3496/443 3260/1530 3259/1529
f 3258/1528 3496/443 3259/1529
f 3258/1528 3259/1529 1521/1528
f 3258/1528 1521/1528 1520/1531
f 1509/1532 1520/1531 1521/1528
f 1509/1532 1518/1533 1520/1531
f 1520/1531 1518/1533 1519/1529
f 3256/1529 1519/1529 1518/1533
f 3255/1533 3256/1529 1518/1533
f 3255/1533 1518/1533 1517/1534
f 3254/1534 3255/1533 1517/1534
f 3254/1534 1517/1534 1516/406
f 1517/1534 1510/1535 1516/406
f 1516/406 1510/1535 1511/1536
f 3248/1536 1511/1536 1510/1535
f 3247/1535 3248/1536 1510/1535
f 3247/1535 1510/1535 1509/1532
f 3246/1532 3247/1535 1509/1532
f 3246/1532 1509/1532 1508/1537
f 1509/1532 1760/1527 1508/1537
f 1508/1537 1760/1527 1507/1517
f 3245/1537 1508/1537 1507/1517
f 3244/1517 3245/1537 1507/1517
f 3244/1517 1507/1517 1506/1440
f 3243/1440 3244/1517 1506/1440
f 3244/1517 3243/1440 3223/1514
f 3223/1514 3243/1440 3237/1512
f 3237/1512 3236/1513 3223/1514
f 3223/1514 3233/1516 3244/1517
f 3233/1516 3232/1518 3244/1517
f 3245/1537 3244/1517 3497/1527
f 3231/1519 3497/1527 3244/1517
f 3246/1532 3245/1537 3497/1527
f 3258/1528 3246/1532 3497/1527
f 3246/1532 3258/1528 3257/1531
f 3246/1532 3257/1531 3255/1533
f 3245/1537 3246/1532 1508/1537
f 3254/1534 3247/1535 3246/1532
f 3254/1534 3253/406 3247/1535
f 3253/406 3248/1536 3247/1535
f 3249/405 3248/1536 3253/406
f 3248/1536 3249/405 1511/1536
f 3249/405 1512/405 1511/1536
f 1517/1534 1509/1532 1510/1535
f 3246/1532 3255/1533 3254/1534
f 3257/1531 3256/1529 3255/1533
f 3256/1529 3257/1531 1519/1529
f 3257/1531 1520/1531 1519/1529
f 1509/1532 1517/1534 1518/1533
f 3257/1531 3258/1528 1520/1531
f 3497/1527 3496/443 3258/1528
f 3284/1538 3260/1530 3496/443
f 3285/440 3284/1538 3496/443
f 3294/441 3285/440 3496/443
f 3285/440 3294/441 3293/439
f 3284/1538 3285/440 1547/1538
f 3285/440 1548/440 1547/1538
f 1548/440 1759/443 1547/1538
f 3285/440 3286/437 1548/440
f 3292/438 3286/437 3285/440
f 3284/1538 1547/1538 1546/1539
f 1523/1530 1546/1539 1547/1538
f 1523/1530 1545/1540 1546/1539
f 3283/1539 1546/1539 1545/1540
f 3282/1540 3283/1539 1545/1540
f 3282/1540 1545/1540 1544/412
f 1545/1540 1524/1541 1544/412
f 3260/1530 3283/1539 3282/1540
f 3282/1540 3261/1541 3260/1530
f 3282/1540 3281/412 3261/1541
f 3281/412 3262/410 3261/1541
f 3261/1541 3262/410 1524/1541
f 3262/410 1525/410 1524/1541
f 3261/1541 1524/1541 1523/1530
f 1545/1540 1523/1530 1524/1541
f 3283/1539 3284/1538 1546/1539
f 3260/1530 3284/1538 3283/1539
f 3260/1530 3261/1541 1523/1530
f 1547/1538 1759/443 1523/1530
f 3259/1529 1522/1529 1521/1528
f 1521/1528 1760/1527 1509/1532
f 3496/443 3497/1527 1759/443
f 3496/443 1759/443 1758/1542
f 1759/443 1681/1543 1758/1542
f 1681/1543 1776/1544 1758/1542
f 1776/1544 1757/241 1758/1542
f 3495/1542 1758/1542 1757/241
f 3494/241 3495/1542 1757/241
f 3513/1544 3495/1542 3494/241
f 3418/1543 3495/1542 3513/1544
f 3513/1544 3420/1545 3418/1543
f 3420/1545 3419/1546 3418/1543
f 3418/1543 3419/1546 1681/1543
f 3419/1546 1682/1546 1681/1543
f 1683/1545 1681/1543 1682/1546
f 3420/1545 1683/1545 1682/1546
f 3420/1545 3421/1547 1683/1545
f 3421/1547 1684/1547 1683/1545
f 1775/1548 1683/1545 1684/1547
f 1775/1548 1684/1547 1774/1549
f 1684/1547 1813/1550 1774/1549
f 1774/1549 1813/1550 1814/1551
f 3551/1551 1814/1551 1813/1550
f 3550/1550 3551/1551 1813/1550
f 3550/1550 1813/1550 1812/1552
f 1822/1553 1812/1552 1813/1550
f 1822/1553 1813/1550 1674/1554
f 1822/1553 1674/1554 1675/1555
f 3412/1555 1675/1555 1674/1554
f 3411/1554 3412/1555 1674/1554
f 3411/1554 1674/1554 1684/1547
f 3559/1553 3412/1555 3411/1554
f 3559/1553 3411/1554 3550/1550
f 3550/1550 3411/1554 3421/1547
f 3421/1547 3511/1549 3550/1550
f 3512/1548 3511/1549 3421/1547
f 3511/1549 3512/1548 1774/1549
f 3511/1549 1774/1549 1773/1556
f 3510/1556 3511/1549 1773/1556
f 3510/1556 1773/1556 1772/239
f 1814/1551 1772/239 1773/1556
f 3509/239 3510/1556 1772/239
f 3551/1551 3510/1556 3509/239
f 3511/1549 3510/1556 3551/1551
f 3559/1553 3550/1550 3549/1552
f 3549/1552 3560/1557 3559/1553
f 3559/1553 3560/1557 1822/1553
f 3560/1557 1823/1557 1822/1553
f 3560/1557 3552/237 1823/1557
f 3552/237 1815/237 1823/1557
f 1810/1558 1823/1557 1815/237
f 1823/1557 1810/1558 1811/1559
f 3548/1559 1811/1559 1810/1558
f 3547/1558 3548/1559 1810/1558
f 3547/1558 1810/1558 1809/238
f 3546/238 3547/1558 1809/238
f 3546/238 1809/238 1814/1551
f 3560/1557 3548/1559 3547/1558
f 3548/1559 3549/1552 1811/1559
f 3549/1552 1812/1552 1811/1559
f 1812/1552 1823/1557 1811/1559
f 3552/237 3553/1560 1815/237
f 3553/1560 1816/1560 1815/237
f 3553/1560 3554/1561 1816/1560
f 3554/1561 1817/1561 1816/1560
f 1816/1560 1817/1561 1824/236
f 1817/1561 1834/1562 1824/236
f 3561/236 1824/236 1834/1562
f 3571/1562 3561/236 1834/1562
f 3571/1562 1834/1562 1833/1563
f 1819/1564 1833/1563 1834/1562
f 1819/1564 1834/1562 1818/1565
f 3556/1564 1819/1564 1818/1565
f 3555/1565 3556/1564 1818/1565
f 3555/1565 1818/1565 1817/1561
f 3556/1564 3555/1565 3571/1562
f 3571/1562 3555/1565 3554/1561
f 3556/1564 3571/1562 3570/1563
f 3557/1566 3556/1564 3570/1563
f 3557/1566 3570/1563 3569/1567
f 3569/1567 3570/1563 1832/1567
f 3570/1563 1833/1563 1832/1567
f 1820/1566 1832/1567 1833/1563
f 1832/1567 1820/1566 1821/1568
f 3558/1568 1821/1568 1820/1566
f 3557/1566 3558/1568 1820/1566
f 3557/1566 1820/1566 1819/1564
f 3558/1568 3559/1553 1821/1568
f 3413/1569 3559/1553 3558/1568
f 3414/1570 3413/1569 3558/1568
f 3558/1568 3569/1567 3414/1570
f 3414/1570 3569/1567 3568/1571
f 3568/1571 3569/1567 1831/1571
f 3568/1571 1831/1571 1830/1572
f 1831/1571 1667/1573 1830/1572
f 1786/1574 1830/1572 1667/1573
f 1786/1574 1667/1573 1668/1575
f 3405/1575 1668/1575 1667/1573
f 3404/1573 3405/1575 1667/1573
f 3404/1573 1667/1573 1666/1576
f 3403/1576 3404/1573 1666/1576
f 3403/1576 1666/1576 1673/1577
f 1678/1578 1673/1577 1666/1576
f 1678/1578 1666/1576 1677/1570
f 1666/1576 1831/1571 1677/1570
f 1677/1570 1831/1571 1832/1567
f 3415/1578 1678/1578 1677/1570
f 3414/1570 3415/1578 1677/1570
f 3414/1570 1677/1570 1676/1569
f 1677/1570 1821/1568 1676/1569
f 1676/1569 1821/1568 1822/1553
f 3415/1578 3414/1570 3403/1576
f 3415/1578 3403/1576 3410/1577
f 3410/1577 3417/1579 3415/1578
f 3417/1579 3416/1546 3415/1578
f 3416/1546 3417/1579 1679/1546
f 3417/1579 1680/1579 1679/1546
f 1680/1579 1678/1578 1679/1546
f 3417/1579 3418/1543 1680/1579
f 3416/1546 1679/1546 1678/1578
f 3410/1577 3418/1543 3417/1579
f 3418/1543 3410/1577 3496/443
f 3410/1577 3409/1580 3496/443
f 3409/1580 3373/1581 3496/443
f 3373/1581 3321/450 3496/443
f 3321/450 3305/444 3496/443
f 3305/444 3295/442 3496/443
f 3305/444 3296/445 3295/442
f 3373/1581 3372/1582 3321/450
f 3321/450 3372/1582 3371/1583
f 3371/1583 3372/1582 1634/1583
f 3372/1582 1635/1582 1634/1583
f 1584/450 1634/1583 1635/1582
f 1636/1581 1584/450 1635/1582
f 3373/1581 1636/1581 1635/1582
f 3373/1581 3374/1584 1636/1581
f 3374/1584 1637/1584 1636/1581
f 1662/1585 1636/1581 1637/1584
f 1662/1585 1637/1584 1661/1586
f 1661/1586 1637/1584 1638/1587
f 3375/1587 1638/1587 1637/1584
f 3375/1587 3366/506 1638/1587
f 3366/506 1629/506 1638/1587
f 3479/507 3366/506 3375/1587
f 3375/1587 3397/517 3479/507
f 3479/507 3397/517 3487/509
f 3398/1586 3397/517 3375/1587
f 3398/1586 3375/1587 3374/1584
f 3399/1585 3398/1586 3374/1584
f 3398/1586 3399/1585 1661/1586
f 3398/1586 1661/1586 1660/517
f 3397/517 3398/1586 1660/517
f 3366/506 3479/507 3478/463
f 3478/463 3367/505 3366/506
f 1661/1586 1638/1587 1660/517
f 1638/1587 1742/507 1660/517
f 3399/1585 1662/1585 1661/1586
f 3399/1585 3400/1588 1662/1585
f 3400/1588 1663/1588 1662/1585
f 3400/1588 3401/1589 1663/1588
f 3401/1589 1664/1589 1663/1588
f 1664/1589 1636/1581 1663/1588
f 1672/1580 1636/1581 1664/1589
f 1664/1589 1671/1590 1672/1580
f 3409/1580 1672/1580 1671/1590
f 3408/1590 3409/1580 1671/1590
f 3408/1590 1671/1590 1670/1591
f 3407/1591 3408/1590 1670/1591
f 3407/1591 1670/1591 1669/1592
f 1670/1591 1785/1593 1669/1592
f 1669/1592 1785/1593 1786/1574
f 3523/1574 1786/1574 1785/1593
f 3522/1593 3523/1574 1785/1593
f 3522/1593 1785/1593 1784/521
f 3406/1592 3523/1574 3522/1593
f 3407/1591 3406/1592 3522/1593
f 3522/1593 3402/520 3407/1591
f 3407/1591 3402/520 3401/1589
f 3522/1593 3521/521 3402/520
f 3521/521 3395/519 3402/520
f 3521/521 3489/522 3395/519
f 3395/519 3489/522 3488/516
f 3406/1592 3405/1575 3523/1574
f 3523/1574 3524/1594 1786/1574
f 3524/1594 1787/1594 1786/1574
f 1829/1595 1786/1574 1787/1594
f 1829/1595 1787/1594 1828/1596
f 1828/1596 1787/1594 1788/1597
f 3525/1597 1788/1597 1787/1594
f 3525/1597 3526/1598 1788/1597
f 3526/1598 1789/1598 1788/1597
f 1827/1599 1788/1597 1789/1598
f 1827/1599 1789/1598 1826/1600
f 1826/1600 1789/1598 1790/1601
f 3527/1601 1790/1601 1789/1598
f 3527/1601 3515/533 1790/1601
f 3515/533 1778/533 1790/1601
f 1778/533 1824/236 1790/1601
f 1790/1601 1824/236 1825/1602
f 3562/1602 1825/1602 1824/236
f 3562/1602 3563/1600 1825/1602
f 3563/1600 1826/1600 1825/1602
f 3563/1600 3564/1599 1826/1600
f 3564/1599 3563/1600 3526/1598
f 3563/1600 3527/1601 3526/1598
f 3562/1602 3527/1601 3563/1600
f 3527/1601 3562/1602 3561/236
f 3515/533 3516/530 1778/533
f 3516/530 3515/533 3493/531
f 3515/533 3527/1601 3561/236
f 1825/1602 1826/1600 1790/1601
f 3564/1599 1827/1599 1826/1600
f 3564/1599 3565/1596 1827/1599
f 3565/1596 1828/1596 1827/1599
f 3565/1596 3566/1595 1828/1596
f 3566/1595 3565/1596 3524/1594
f 3565/1596 3525/1597 3524/1594
f 3565/1596 3564/1599 3525/1597
f 3526/1598 3527/1601 1789/1598
f 3564/1599 3526/1598 3525/1597
f 1828/1596 1788/1597 1827/1599
f 3566/1595 1829/1595 1828/1596
f 3566/1595 3567/1572 1829/1595
f 3567/1572 1830/1572 1829/1595
f 3523/1574 3567/1572 3566/1595
f 3523/1574 3404/1573 3567/1572
f 3568/1571 3567/1572 3404/1573
f 3524/1594 3525/1597 1787/1594
f 3566/1595 3524/1594 3523/1574
f 1785/1593 1670/1591 1665/520
f 1670/1591 1664/1589 1665/520
f 3402/520 1665/520 1664/1589
f 3406/1592 3407/1591 1669/1592
f 3406/1592 1669/1592 1668/1575
f 3401/1589 3408/1590 3407/1591
f 3401/1589 3409/1580 3408/1590
f 1664/1589 1670/1591 1671/1590
f 1672/1580 1759/443 1636/1581
f 1673/1577 1759/443 1672/1580
f 3410/1577 1673/1577 1672/1580
f 3401/1589 3402/520 1664/1589
f 3401/1589 3400/1588 3373/1581
f 3373/1581 3400/1588 3399/1585
f 1636/1581 1662/1585 1663/1588
f 3374/1584 3375/1587 1637/1584
f 3399/1585 3374/1584 3373/1581
f 1636/1581 1759/443 1584/450
f 3371/1583 1634/1583 1633/456
f 3370/456 3371/1583 1633/456
f 3321/450 3371/1583 3370/456
f 3372/1582 3373/1581 1635/1582
f 3409/1580 3401/1589 3373/1581
f 3409/1580 3410/1577 1672/1580
f 3415/1578 3416/1546 1678/1578
f 1673/1577 1678/1578 1680/1579
f 1673/1577 1680/1579 1681/1543
f 3410/1577 3403/1576 1673/1577
f 3568/1571 3404/1573 3403/1576
f 3523/1574 3405/1575 3404/1573
f 3405/1575 3406/1592 1668/1575
f 1669/1592 1786/1574 1668/1575
f 1786/1574 1829/1595 1830/1572
f 1831/1571 1666/1576 1667/1573
f 3567/1572 3568/1571 1830/1572
f 3403/1576 3414/1570 3568/1571
f 3413/1569 3414/1570 1676/1569
f 3413/1569 1676/1569 1675/1555
f 1821/1568 1677/1570 1832/1567
f 3569/1567 1832/1567 1831/1571
f 3569/1567 3558/1568 3557/1566
f 3556/1564 3557/1566 1819/1564
f 1820/1566 1833/1563 1819/1564
f 3570/1563 3571/1562 1833/1563
f 3554/1561 3561/236 3571/1562
f 3561/236 3562/1602 1824/236
f 1834/1562 1817/1561 1818/1565
f 3554/1561 3555/1565 1817/1561
f 3553/1560 3561/236 3554/1561
f 3547/1558 3552/237 3560/1557
f 3559/1553 1822/1553 1821/1568
f 3549/1552 3548/1559 3560/1557
f 3413/1569 3412/1555 3559/1553
f 3412/1555 3413/1569 1675/1555
f 1676/1569 1822/1553 1675/1555
f 1812/1552 1822/1553 1823/1557
f 3549/1552 3550/1550 1812/1552
f 3511/1549 3551/1551 3550/1550
f 3551/1551 3546/238 1814/1551
f 1774/1549 1814/1551 1773/1556
f 1813/1550 1684/1547 1674/1554
f 3512/1548 1775/1548 1774/1549
f 3512/1548 3513/1544 1775/1548
f 3513/1544 1776/1544 1775/1548
f 3513/1544 3514/240 1776/1544
f 3514/240 1777/240 1776/1544
f 1683/1545 1775/1548 1776/1544
f 3421/1547 3411/1554 1684/1547
f 3512/1548 3421/1547 3420/1545
f 3418/1543 1681/1543 1680/1579
f 3419/1546 3420/1545 1682/1546
f 3420/1545 3513/1544 3512/1548
f 3496/443 3495/1542 3418/1543
f 1776/1544 1681/1543 1683/1545
f 1681/1543 1759/443 1673/1577
f 3495/1542 3496/443 1758/1542
f 3498/1521 3497/1527 3231/1519
f 3231/1519 3230/1520 3498/1521
f 3222/1525 3213/1494 1485/1525
f 3227/1526 3222/1525 3221/1524
f 1491/1523 1484/1524 1490/1526
f 3228/1523 3229/1522 1491/1523
f 3498/1521 3230/1520 3229/1522
f 1762/1286 1492/1522 1761/1521
f 1761/1521 1494/1519 1760/1527
f 3230/1520 3231/1519 1493/1520
f 3244/1517 3232/1518 3231/1519
f 3232/1518 3233/1516 1495/1518
f 1494/1519 1507/1517 1760/1527
f 3233/1516 1496/1516 1495/1518
f 1507/1517 1486/1514 1506/1440
f 3233/1516 3223/1514 1496/1516
f 3236/1513 3224/1515 3223/1514
f 3236/1513 3235/1510 3224/1515
f 3173/1508 3224/1515 3235/1510
f 3225/1507 3224/1515 3173/1508
f 3225/1507 3173/1508 3196/1506
f 3226/1503 3225/1507 3196/1506
f 3225/1507 3226/1503 1488/1507
f 3225/1507 1488/1507 1487/1515
f 3224/1515 3225/1507 1487/1515
f 1499/1513 1487/1515 1498/1510
f 3236/1513 1499/1513 1498/1510
f 1486/1514 1500/1512 1506/1440
f 3236/1513 3237/1512 1499/1513
f 3235/1510 3234/1439 3174/1509
f 3174/1509 3234/1439 3175/1511
f 3235/1510 3236/1513 1498/1510
f 1436/1508 1498/1510 1487/1515
f 3174/1509 3175/1511 1437/1509
f 3235/1510 3174/1509 3173/1508
f 1488/1507 1436/1508 1487/1515
f 3226/1503 1489/1503 1488/1507
f 3196/1506 3173/1508 1459/1506
f 3196/1506 3195/1505 3226/1503
f 3195/1505 3194/1504 3226/1503
f 3194/1504 3193/1502 3226/1503
f 1458/1505 1489/1503 1457/1504
f 1476/1494 1455/1501 1489/1503
f 3193/1502 3194/1504 1456/1502
f 3226/1503 3193/1502 3192/1501
f 1476/1494 1454/1492 1455/1501
f 3213/1494 1476/1494 1485/1525
f 3213/1494 3192/1501 3191/1492
f 3214/1493 3215/1331 1477/1493
f 3190/1466 3191/1492 1453/1466
f 3189/1467 3190/1466 1452/1467
f 3189/1467 1452/1467 1451/1468
f 3190/1466 1453/1466 1452/1467
f 1453/1466 1478/1331 1326/1465
f 1449/1463 1326/1465 1327/1490
f 3187/1464 3188/1468 1450/1464
f 3063/1465 3187/1464 3186/1463
f 3185/1462 3186/1463 1448/1462
f 3186/1463 3185/1462 3184/1461
f 1447/1461 1449/1463 1329/1460
f 3066/1460 3067/1459 1329/1460
f 3183/1456 3068/1457 3067/1459
f 3182/1455 3069/1458 3068/1457
f 3069/1458 3049/1454 1332/1458
f 1446/1456 1330/1459 1331/1457
f 3183/1456 3184/1461 1446/1456
f 3183/1456 3182/1455 3068/1457
f 1312/1454 1445/1455 1332/1458
f 1012/1437 1312/1454 1313/1489
f 3181/1453 3182/1455 1444/1453
f 3179/1451 1442/1451 1441/1452
f 3178/1452 3177/1450 3179/1451
f 3176/1438 3177/1450 1439/1438
f 2749/1437 3181/1453 3180/1449
f 3175/1511 3234/1439 3176/1438
f 3237/1512 3243/1440 3234/1439
f 3242/1441 3243/1440 1505/1441
f 618/403 1503/405 1504/1442
f 3243/1440 1506/1440 1505/1441
f 1500/1512 1497/1439 1506/1440
f 1438/1511 1439/1438 1497/1439
f 1012/1437 1439/1438 1443/1449
f 2749/1437 2750/1436 1012/1437
f 2368/1435 2751/1434 2750/1436
f 1013/1436 631/1435 618/403
f 1015/1433 630/1427 631/1435
f 2751/1434 2752/1433 1014/1434
f 2420/1430 2753/1432 2752/1433
f 2419/1431 2753/1432 2420/1430
f 2415/1603 2753/1432 2419/1431
f 2415/1603 2419/1431 2418/1604
f 2418/1604 2419/1431 681/1604
f 2419/1431 682/1431 681/1604
f 678/1603 681/1604 682/1431
f 681/1604 678/1603 679/1605
f 2416/1605 679/1605 678/1603
f 2415/1603 2416/1605 678/1603
f 2415/1603 678/1603 677/1606
f 678/1603 1017/1413 677/1606
f 677/1606 1017/1413 699/1607
f 699/1607 1017/1413 698/1608
f 2436/1607 699/1607 698/1608
f 2435/1608 2436/1607 698/1608
f 2435/1608 698/1608 697/1415
f 2436/1607 2435/1608 2754/1413
f 2435/1608 2434/1415 2754/1413
f 2414/1606 2436/1607 2754/1413
f 2415/1603 2414/1606 2754/1413
f 2436/1607 2414/1606 699/1607
f 2414/1606 677/1606 699/1607
f 1017/1413 678/1603 1016/1432
f 2754/1413 1017/1413 1016/1432
f 2414/1606 2415/1603 677/1606
f 2416/1605 2417/1609 679/1605
f 2417/1609 680/1609 679/1605
f 2417/1609 2418/1604 680/1609
f 2417/1609 2416/1605 2418/1604
f 680/1609 681/1604 679/1605
f 2418/1604 681/1604 680/1609
f 2418/1604 2416/1605 2415/1603
f 2754/1413 2753/1432 2415/1603
f 2753/1432 2754/1413 1016/1432
f 630/1427 1015/1433 683/1430
f 678/1603 682/1431 1016/1432
f 2419/1431 2420/1430 682/1431
f 2367/1427 2421/1429 2420/1430
f 2367/1427 2422/1428 2421/1429
f 2423/1426 2422/1428 2367/1427
f 2423/1426 2367/1427 2424/1425
f 2424/1425 2367/1427 2366/1421
f 2422/1428 2423/1426 685/1428
f 630/1427 683/1430 684/1429
f 2423/1426 686/1426 685/1428
f 2423/1426 2424/1425 686/1426
f 2366/1421 2425/1424 2424/1425
f 2426/1423 2425/1424 2366/1421
f 2425/1424 2426/1423 688/1424
f 687/1425 629/1421 630/1427
f 2426/1423 689/1423 688/1424
f 2426/1423 2427/1418 689/1423
f 2427/1418 690/1418 689/1423
f 2427/1418 2428/1610 690/1418
f 2428/1610 691/1610 690/1418
f 693/1611 690/1418 691/1610
f 693/1611 691/1610 692/1612
f 2429/1612 692/1612 691/1610
f 2429/1612 2430/1611 692/1612
f 2430/1611 2429/1612 2428/1610
f 2430/1611 693/1611 692/1612
f 2430/1611 2431/1417 693/1611
f 2431/1417 694/1417 693/1611
f 2427/1418 2431/1417 2430/1611
f 2431/1417 2427/1418 2755/1412
f 2427/1418 2335/1419 2755/1412
f 2432/1416 2431/1417 2755/1412
f 2428/1610 2429/1612 691/1610
f 2430/1611 2428/1610 2427/1418
f 2335/1419 2427/1418 2426/1423
f 2335/1419 2426/1423 2365/1422
f 2366/1421 2367/1427 629/1421
f 2366/1421 2365/1422 2426/1423
f 598/1419 628/1422 689/1423
f 2364/1420 2365/1422 627/1420
f 2363/1421 626/1421 625/375
f 2335/1419 2365/1422 2364/1420
f 598/1419 689/1423 690/1418
f 690/1418 693/1611 694/1417
f 2431/1417 2432/1416 694/1417
f 2433/1414 2432/1416 2755/1412
f 2755/1412 2754/1413 2433/1414
f 2754/1413 2434/1415 2433/1414
f 2434/1415 2435/1608 697/1415
f 698/1608 1017/1413 697/1415
f 696/1414 1018/1412 695/1416
f 2754/1413 2755/1412 1017/1413
f 2755/1412 2335/1419 2334/1338
f 2396/1397 2397/1396 659/1397
f 2397/1396 2398/1387 660/1396
f 2333/1389 2334/1338 596/1389
f 661/1387 596/1389 660/1396
f 595/1388 578/1385 579/1391
f 2398/1387 661/1387 660/1396
f 2315/1385 2398/1387 2332/1388
f 2399/1386 2400/1384 662/1386
f 2400/1384 663/1384 662/1386
f 2315/1385 2316/1391 578/1385
f 663/1384 578/1385 662/1386
f 2400/1384 2401/1383 663/1384
f 2314/1362 2402/1382 2401/1383
f 2314/1362 2403/1381 2402/1382
f 2314/1362 2404/1380 2403/1381
f 577/1362 664/1383 665/1382
f 2403/1381 2404/1380 666/1381
f 2408/1378 2406/1379 2405/1361
f 2405/1361 2409/1376 2408/1378
f 2408/1378 2407/1613 2406/1379
f 2407/1613 2408/1378 670/1613
f 2408/1378 671/1378 670/1613
f 2407/1613 670/1613 669/1379
f 2406/1379 2407/1613 669/1379
f 671/1378 669/1379 670/1613
f 2408/1378 2409/1376 671/1378
f 2477/1375 2410/1377 2409/1376
f 2478/1360 2477/1375 2409/1376
f 2410/1377 2411/1406 673/1377
f 740/1375 673/1377 739/1409
f 2477/1375 2478/1360 740/1375
f 2405/1361 2478/1360 2409/1376
f 2314/1362 2405/1361 2404/1380
f 2313/360 2314/1362 576/360
f 2314/1362 577/1362 576/360
f 577/1362 667/1380 668/1361
f 668/1361 672/1376 741/1360
f 2479/1359 742/1359 741/1360
f 746/1358 742/1359 743/1372
f 2483/1358 2484/1357 746/1358
f 3036/1354 2485/1356 2484/1357
f 2485/1356 2486/1355 748/1356
f 1300/1296 747/1357 1299/1354
f 2486/1355 749/1355 748/1356
f 2487/1352 750/1352 749/1355
f 1293/1364 1299/1354 1292/1353
f 2487/1352 2488/1351 750/1352
f 3028/1350 2489/1349 2488/1351
f 751/1351 1291/1350 1292/1353
f 2489/1349 2490/1348 752/1349
f 3027/1347 2491/1346 2490/1348
f 1291/1350 753/1348 1290/1347
f 2491/1346 2465/1345 754/1346
f 3026/1344 2466/1343 2465/1345
f 2466/1343 2467/1368 729/1343
f 1290/1347 728/1345 1289/1344
f 730/1368 731/1342 729/1343
f 2468/1342 2469/1341 731/1342
f 2757/1336 2470/1340 2469/1341
f 2470/1340 2471/1400 733/1340
f 1020/1336 1289/1344 732/1341
f 734/1400 658/1339 733/1340
f 597/1338 658/1339 659/1397
f 597/1338 1018/1412 1019/1337
f 2756/1337 2757/1336 1019/1337
f 3025/1335 2758/1334 2757/1336
f 1289/1344 1020/1336 1288/1335
f 1288/1335 1022/1333 1287/1366
f 2758/1334 2759/1333 1021/1334
f 3022/1330 2760/1332 2759/1333
f 2760/1332 2741/1474 1023/1332
f 1022/1333 1285/1330 1286/1367
f 1325/1469 1478/1331 1023/1332
f 3022/1330 3023/1367 1285/1330
f 3215/1331 3022/1330 3021/1313
f 1394/1318 1283/1315 1392/1314
f 3129/1314 1392/1314 1391/1312
f 1390/1311 1284/1313 1478/1331
f 3128/1312 3129/1314 1391/1312
f 3021/1313 3128/1312 3127/1311
f 3127/1311 3126/1310 3170/1309
f 1390/1311 1433/1309 1389/1310
f 3171/1308 1434/1308 1433/1309
f 1409/1306 1434/1308 1435/1496
f 3147/1307 3126/1310 1410/1307
f 3171/1308 3147/1307 3146/1306
f 3145/1305 3146/1306 1408/1305
f 3146/1306 3145/1305 3144/1304
f 1409/1306 1378/1302 1407/1304
f 1379/1299 1405/1301 1378/1302
f 3116/1299 1379/1299 1378/1302
f 3143/1303 3144/1304 1406/1303
f 3142/1301 1405/1301 1404/1300
f 3144/1304 3143/1303 3115/1302
f 3115/1302 3116/1299 1378/1302
f 3141/1300 3142/1301 1404/1300
f 3039/1298 3141/1300 3138/1326
f 3116/1299 3117/1295 1379/1299
f 3038/1297 3039/1298 1301/1297
f 3037/1296 3038/1297 1300/1296
f 2300/355 3037/1296 2312/357
f 3117/1295 3118/354 1380/1295
f 3118/354 1381/354 1380/1295
f 3118/354 3119/1292 1381/354
f 3119/1292 1382/1292 1381/354
f 2565/1293 2569/353 2568/1614
f 2568/1614 2569/353 831/1614
f 2569/353 832/353 831/1614
f 828/1293 831/1614 832/353
f 831/1614 828/1293 829/1615
f 2566/1615 829/1615 828/1293
f 2566/1615 2567/1616 829/1615
f 2567/1616 830/1616 829/1615
f 2567/1616 2568/1614 830/1616
f 2567/1616 2566/1615 2568/1614
f 830/1616 831/1614 829/1615
f 2568/1614 831/1614 830/1616
f 2568/1614 2566/1615 2565/1293
f 2565/1293 2566/1615 828/1293
f 832/353 1382/1292 828/1293
f 3119/1292 3120/1282 1382/1292
f 3218/1288 3121/1290 3120/1282
f 3218/1288 3217/1289 3121/1290
f 3217/1289 3122/1291 3121/1290
f 3122/1291 3123/1499 1385/1291
f 1480/1289 1385/1291 1479/1495
f 1481/1288 1383/1282 1384/1290
f 3217/1289 3218/1288 1480/1289
f 3120/1282 3219/1285 3218/1288
f 3499/1286 3220/1287 3219/1285
f 3220/1287 3221/1524 1483/1287
f 1492/1522 1762/1286 1483/1287
f 3500/1284 1763/1284 1762/1286
f 1383/1282 1481/1288 1482/1285
f 3500/1284 3501/1283 1763/1284
f 3120/1282 3501/1283 3500/1284
f 2588/850 3120/1282 3119/1292
f 2588/850 2587/1294 2586/852
f 2585/853 2586/852 848/853
f 2584/854 2585/853 847/854
f 2579/1102 2583/855 2582/1104
f 842/1102 845/1104 846/855
f 2580/1103 2581/1105 843/1103
f 2582/1104 2580/1103 2579/1102
f 2192/1095 2375/1227 2579/1102
f 2578/1096 841/1096 840/1097
f 455/1095 841/1096 842/1102
f 2192/1095 2187/1094 455/1095
f 2192/1095 455/1095 454/1077
f 2577/1097 2291/350 2187/1094
f 2291/350 2292/1617 554/350
f 2292/1617 555/1617 554/350
f 2292/1617 2293/346 555/1617
f 2293/346 2292/1617 2298/347
f 2298/347 2292/1617 2291/350
f 2291/350 2571/349 2298/347
f 450/1094 451/1079 554/350
f 553/1080 452/1078 542/1082
f 2188/1079 2189/1078 451/1079
f 2268/1075 2190/1076 2189/1078
f 2268/1075 2197/1073 2190/1076
f 2267/1074 2197/1073 2268/1075
f 2267/1074 2268/1075 530/1074
f 2267/1074 530/1074 529/1618
f 530/1074 445/1619 529/1618
f 529/1618 445/1619 446/1620
f 2183/1620 446/1620 445/1619
f 2182/1619 2183/1620 445/1619
f 2182/1619 445/1619 444/1621
f 445/1619 461/1014 444/1621
f 2181/1621 2182/1619 444/1621
f 2181/1621 444/1621 443/1622
f 435/1016 443/1622 444/1621
f 443/1622 435/1016 436/1623
f 2173/1623 436/1623 435/1016
f 2173/1623 2174/1624 436/1623
f 2174/1624 437/1624 436/1623
f 442/1625 436/1623 437/1624
f 429/326 442/1625 437/1624
f 2166/326 429/326 437/1624
f 2174/1624 2166/326 437/1624
f 2166/326 2174/1624 2179/1625
f 2179/1625 2178/327 2166/326
f 2166/326 2178/327 2167/325
f 2179/1625 2174/1624 2173/1623
f 2180/1622 2179/1625 2173/1623
f 2180/1622 2173/1623 2172/1016
f 2172/1016 2181/1621 2180/1622
f 2181/1621 2172/1016 2198/1014
f 2179/1625 2180/1622 442/1625
f 2180/1622 443/1622 442/1625
f 2179/1625 442/1625 441/327
f 443/1622 436/1623 442/1625
f 2180/1622 2181/1621 443/1622
f 2182/1619 2181/1621 2198/1014
f 2267/1074 2182/1619 2198/1014
f 2267/1074 2266/1618 2182/1619
f 2266/1618 2183/1620 2182/1619
f 2183/1620 2266/1618 2265/1626
f 2265/1626 2266/1618 528/1626
f 2266/1618 529/1618 528/1626
f 2265/1626 528/1626 527/1627
f 528/1626 447/1628 527/1627
f 527/1627 447/1628 448/1629
f 2185/1629 448/1629 447/1628
f 2184/1628 2185/1629 447/1628
f 2184/1628 447/1628 446/1620
f 2264/1627 2185/1629 2184/1628
f 2265/1626 2264/1627 2184/1628
f 2186/1630 2185/1629 2264/1627
f 2264/1627 2263/331 2186/1630
f 2186/1630 2263/331 2175/1631
f 2176/329 2175/1631 2263/331
f 2175/1631 2176/329 438/1631
f 2176/329 439/329 438/1631
f 2175/1631 438/1631 449/1630
f 449/1630 438/1631 526/331
f 527/1627 449/1630 526/331
f 2264/1627 527/1627 526/331
f 2186/1630 2175/1631 449/1630
f 2186/1630 449/1630 448/1629
f 2185/1629 2186/1630 448/1629
f 449/1630 527/1627 448/1629
f 528/1626 446/1620 447/1628
f 2264/1627 2265/1626 527/1627
f 2265/1626 2184/1628 2183/1620
f 2183/1620 2184/1628 446/1620
f 446/1620 528/1626 529/1618
f 2266/1618 2267/1074 529/1618
f 2198/1014 2197/1073 2267/1074
f 2197/1073 2191/1077 2190/1076
f 2191/1077 2192/1095 454/1077
f 455/1095 460/1073 454/1077
f 531/1075 452/1078 453/1076
f 2268/1075 531/1075 530/1074
f 530/1074 461/1014 445/1619
f 2197/1073 2198/1014 460/1073
f 2147/321 2155/1018 2170/323
f 2155/1018 2147/321 418/1018
f 2147/321 410/321 418/1018
f 2172/1016 2171/1015 2198/1014
f 2172/1016 2173/1623 435/1016
f 444/1621 461/1014 435/1016
f 434/1015 416/1011 417/1017
f 2199/1013 462/1013 461/1014
f 463/1019 475/1012 462/1013
f 476/1061 415/1006 475/1012
f 2153/1011 2154/1017 416/1011
f 2212/1012 2153/1011 2152/1006
f 406/1004 415/1006 476/1061
f 2144/1005 2145/1008 407/1005
f 2152/1006 2144/1005 2143/1004
f 477/1003 406/1004 476/1061
f 485/1063 486/1002 477/1003
f 355/965 486/1002 487/1070
f 2142/1001 2143/1004 405/1001
f 2092/965 2142/1001 2141/1000
f 2092/965 2141/1000 2140/973
f 2140/973 2139/977 2095/975
f 2138/999 401/999 400/1010
f 2348/316 2138/999 2150/318
f 2087/978 2086/975 2085/979
f 350/978 348/979 349/975
f 611/316 350/978 351/980
f 611/316 401/999 402/977
f 403/973 358/975 402/977
f 2084/976 2085/979 347/976
f 2095/975 2139/977 2084/976
f 2095/975 2094/974 2140/973
f 2094/974 2093/972 2140/973
f 358/975 403/973 357/974
f 355/965 403/973 404/1000
f 2093/972 2094/974 356/972
f 2140/973 2093/972 2092/965
f 2091/970 354/970 353/986
f 2013/966 2012/964 2092/965
f 2010/968 2013/966 1997/969
f 2010/968 1997/969 273/968
f 2010/968 273/968 272/1632
f 2009/1632 2010/968 272/1632
f 2009/1632 272/1632 271/1633
f 278/1634 271/1633 272/1632
f 278/1634 272/1632 277/967
f 2015/1634 278/1634 277/967
f 2015/1634 2016/1635 278/1634
f 2016/1635 279/1635 278/1634
f 2016/1635 2017/277 279/1635
f 2017/277 280/277 279/1635
f 280/277 270/1636 279/1635
f 279/1635 270/1636 271/1633
f 2008/1633 271/1633 270/1636
f 2007/1636 2008/1633 270/1636
f 2007/1636 270/1636 269/279
f 2016/1635 2008/1633 2007/1636
f 2017/277 2016/1635 2007/1636
f 2007/1636 2006/279 2017/277
f 2016/1635 2015/1634 2008/1633
f 2015/1634 2009/1632 2008/1633
f 2015/1634 2014/967 2009/1632
f 279/1635 271/1633 278/1634
f 2008/1633 2009/1632 271/1633
f 2014/967 2010/968 2009/1632
f 2047/985 1998/971 2091/970
f 1998/971 1999/987 261/971
f 310/985 354/970 261/971
f 1997/969 260/969 273/968
f 277/967 272/1632 273/968
f 2014/967 2015/1634 277/967
f 2014/967 2013/966 2010/968
f 276/966 354/970 355/965
f 355/965 487/1070 274/963
f 2012/964 2013/966 275/964
f 2092/965 2012/964 2011/963
f 489/962 274/963 488/1071
f 2227/961 490/961 489/962
f 2227/961 2228/958 490/961
f 2228/958 2227/961 2022/959
f 491/958 285/959 490/961
f 2023/960 2011/963 286/960
f 2227/961 2023/960 2022/959
f 491/958 284/956 285/959
f 2228/958 491/958 490/961
f 2228/958 2022/959 2021/956
f 2229/957 2230/952 492/957
f 2020/955 2021/956 283/955
f 2020/955 283/955 282/276
f 2031/274 2030/954 2019/276
f 2030/954 2031/274 293/954
f 2031/274 294/274 293/954
f 292/953 494/951 291/948
f 493/952 282/276 283/955
f 2230/952 2231/951 493/952
f 2028/948 2232/949 2231/951
f 2027/946 2233/950 2232/949
f 2233/950 2234/931 496/950
f 2234/931 497/931 496/950
f 497/931 315/934 496/950
f 2234/931 2233/950 2052/934
f 2052/934 2051/932 2234/931
f 2051/932 2235/930 2234/931
f 315/934 290/946 496/950
f 291/948 494/951 495/949
f 2028/948 2029/953 291/948
f 2028/948 2027/946 2232/949
f 2026/947 289/947 288/935
f 2025/935 2026/947 288/935
f 2052/934 2233/950 2027/946
f 2024/936 2025/935 287/936
f 2037/937 2024/936 300/937
f 2036/938 2037/937 299/938
f 2036/938 299/938 298/1637
f 2035/1637 2036/938 298/1637
f 2035/1637 298/1637 297/939
f 2034/939 2035/1637 297/939
f 2034/939 297/939 296/273
f 251/1638 296/273 297/939
f 296/273 251/1638 252/1639
f 1989/1639 252/1639 251/1638
f 1988/1638 1989/1639 251/1638
f 1988/1638 251/1638 250/1640
f 251/1638 249/940 250/1640
f 1987/1640 250/1640 249/940
f 1986/940 1987/1640 249/940
f 1988/1638 1987/1640 1986/940
f 1987/1640 1988/1638 250/1640
f 2033/273 1989/1639 1988/1638
f 1988/1638 2034/939 2033/273
f 1990/271 1989/1639 2033/273
f 1989/1639 1990/271 252/1639
f 1990/271 253/271 252/1639
f 2036/938 2035/1637 2034/939
f 2034/939 1988/1638 1986/940
f 1996/941 1986/940 259/941
f 1995/942 1996/941 258/942
f 1994/944 1995/942 257/944
f 1994/944 257/944 256/269
f 221/1641 256/269 257/944
f 222/1642 256/269 221/1641
f 1959/1642 222/1642 221/1641
f 1958/1641 1959/1642 221/1641
f 1958/1641 221/1641 220/945
f 1959/1642 1958/1641 1993/269
f 1958/1641 1994/944 1993/269
f 1960/267 1959/1642 1993/269
f 1959/1642 1960/267 222/1642
f 1960/267 223/267 222/1642
f 1957/945 1994/944 1958/1641
f 1957/945 1958/1641 220/945
f 220/945 221/1641 257/944
f 1995/942 258/942 257/944
f 1996/941 259/941 258/942
f 1986/940 249/940 259/941
f 297/939 249/940 251/1638
f 299/938 297/939 298/1637
f 2037/937 300/937 299/938
f 2024/936 287/936 300/937
f 2025/935 288/935 287/936
f 315/934 288/935 290/946
f 2052/934 2050/933 315/934
f 2052/934 315/934 314/932
f 2050/933 2235/930 2051/932
f 2058/925 2235/930 2050/933
f 2051/932 2052/934 314/932
f 315/934 497/931 314/932
f 2234/931 2235/930 497/931
f 2058/925 2236/928 2235/930
f 2058/925 2057/927 2236/928
f 2057/927 2237/929 2236/928
f 2057/927 2056/1643 2237/929
f 2056/1643 2238/1644 2237/929
f 2239/889 2238/1644 2056/1643
f 2056/1643 2055/1645 2239/889
f 2239/889 2055/1645 2054/890
f 2054/890 2055/1645 317/890
f 2055/1645 318/1645 317/890
f 2054/890 2240/883 2239/889
f 2053/891 2240/883 2054/890
f 2053/891 2054/890 316/891
f 2053/891 316/891 325/918
f 2101/892 2240/883 2053/891
f 2055/1645 2056/1643 318/1645
f 2056/1643 319/1643 318/1645
f 319/1643 502/889 318/1645
f 502/889 319/1643 501/1644
f 319/1643 500/929 501/1644
f 2238/1644 501/1644 500/929
f 2239/889 502/889 501/1644
f 2238/1644 2239/889 501/1644
f 2056/1643 2057/927 319/1643
f 2057/927 320/927 319/1643
f 2237/929 2238/1644 500/929
f 320/927 500/929 319/1643
f 321/925 498/930 499/928
f 2057/927 2058/925 320/927
f 2058/925 2050/933 2736/926
f 2736/926 2737/255 999/926
f 321/925 999/926 313/933
f 2059/923 322/923 321/925
f 2082/908 2059/923 2735/924
f 2081/922 2082/908 344/922
f 323/920 344/922 345/908
f 2060/920 2061/919 323/920
f 2079/917 2062/918 2061/919
f 2062/918 2053/891 325/918
f 2078/916 2053/891 2062/918
f 343/921 324/919 342/917
f 2079/917 2080/921 342/917
f 2079/917 2078/916 2062/918
f 341/916 325/918 316/891
f 2102/915 365/915 364/892
f 2053/891 2102/915 2101/892
f 2078/916 2077/914 2053/891
f 2132/911 2131/912 2076/910
f 2131/912 2132/911 394/912
f 393/913 339/910 340/914
f 2132/911 395/911 394/912
f 2132/911 2133/901 395/911
f 2133/901 396/901 395/911
f 2075/905 2133/901 2132/911
f 338/905 395/911 396/901
f 338/905 396/901 372/904
f 372/904 997/877 338/905
f 2076/910 2077/914 339/910
f 2132/911 2076/910 2075/905
f 2074/909 2075/905 337/909
f 338/905 997/877 336/906
f 998/924 345/908 997/877
f 2082/908 345/908 344/922
f 2735/924 2734/877 2082/908
f 2083/907 2073/906 346/907
f 2075/905 2074/909 2073/906
f 2075/905 2109/904 2133/901
f 2109/904 2108/902 2133/901
f 2108/902 2134/900 2133/901
f 2253/879 2106/899 2105/878
f 2105/878 2733/876 2253/879
f 2135/898 2106/899 2253/879
f 2136/897 2135/898 2253/879
f 2134/900 2107/903 2106/899
f 2108/902 2107/903 2134/900
f 2108/902 2109/904 371/902
f 372/904 396/901 371/902
f 2133/901 2134/900 396/901
f 2106/899 2135/898 2134/900
f 397/900 369/899 370/903
f 2135/898 2136/897 398/898
f 2128/881 2136/897 2253/879
f 2253/879 2252/880 2128/881
f 2128/881 2252/880 2099/882
f 2099/882 2252/880 2240/883
f 2128/881 2104/894 2129/896
f 2129/896 2130/913 392/896
f 393/913 366/895 392/896
f 2103/895 2104/894 366/895
f 2099/882 2104/894 2128/881
f 2099/882 2240/883 2100/893
f 2100/893 2240/883 2101/892
f 2101/892 2102/915 364/892
f 316/891 364/892 365/915
f 2054/890 317/890 316/891
f 502/889 317/890 318/1645
f 2239/889 2240/883 502/889
f 2248/887 2241/888 2240/883
f 2240/883 2249/886 2248/887
f 2240/883 2251/884 2249/886
f 2248/887 2247/1646 2241/888
f 2247/1646 2242/1647 2241/888
f 2247/1646 2246/1648 2242/1647
f 2246/1648 2243/1649 2242/1647
f 2242/1647 2243/1649 505/1647
f 2243/1649 506/1649 505/1647
f 509/1648 505/1647 506/1649
f 509/1648 506/1649 508/1650
f 508/1650 506/1649 507/1651
f 2244/1651 507/1651 506/1649
f 2244/1651 2245/1650 507/1651
f 2245/1650 2244/1651 2243/1649
f 2245/1650 508/1650 507/1651
f 2245/1650 2246/1648 508/1650
f 2246/1648 509/1648 508/1650
f 510/1646 505/1647 509/1648
f 2247/1646 510/1646 509/1648
f 510/1646 504/888 505/1647
f 2243/1649 2244/1651 506/1649
f 2242/1647 505/1647 504/888
f 2246/1648 2245/1650 2243/1649
f 2246/1648 2247/1646 509/1648
f 2247/1646 2248/887 510/1646
f 2248/887 511/887 510/1646
f 2241/888 2242/1647 504/888
f 511/887 504/888 510/1646
f 2248/887 2249/886 511/887
f 2250/885 2249/886 2251/884
f 2250/885 2251/884 513/885
f 2240/883 2252/880 2251/884
f 503/883 512/886 514/884
f 362/882 363/893 503/883
f 362/882 391/881 367/894
f 391/881 516/879 399/897
f 2252/880 2253/879 515/880
f 2254/874 2253/879 2733/876
f 2254/874 2255/870 517/874
f 2730/872 2255/870 2254/874
f 516/879 368/878 369/899
f 368/878 997/877 372/904
f 2734/877 2735/924 997/877
f 2734/877 2733/876 2105/878
f 2733/876 2732/875 2254/874
f 2254/874 2732/875 2731/873
f 996/876 517/874 995/875
f 993/872 517/874 518/870
f 2731/873 2732/875 994/873
f 2254/874 2731/873 2730/872
f 2730/872 2729/871 2255/870
f 993/872 518/870 992/871
f 518/870 799/1208 887/869
f 887/869 1078/860 990/867
f 2728/868 2729/871 991/868
f 2624/869 2728/868 2727/867
f 2815/860 2727/867 2726/862
f 2725/866 988/866 987/1652
f 864/1653 987/1652 988/866
f 864/1653 988/866 863/863
f 2601/1653 864/1653 863/863
f 2600/863 2601/1653 863/863
f 2600/863 863/863 862/1654
f 2599/1654 2600/863 862/1654
f 2599/1654 862/1654 861/1655
f 862/1654 933/864 861/1655
f 933/864 860/1656 861/1655
f 2598/1655 861/1655 860/1656
f 2597/1656 2598/1655 860/1656
f 2597/1656 860/1656 882/1657
f 934/1658 882/1657 860/1656
f 934/1658 939/1659 882/1657
f 939/1659 881/1660 882/1657
f 2619/1657 882/1657 881/1660
f 2618/1660 2619/1657 881/1660
f 2618/1660 881/1660 880/1661
f 820/1662 880/1661 881/1660
f 819/1663 820/1662 881/1660
f 2557/1662 820/1662 819/1663
f 2556/1663 2557/1662 819/1663
f 2556/1663 819/1663 818/1664
f 819/1663 940/1665 818/1664
f 818/1664 940/1665 817/1666
f 817/1666 940/1665 824/1667
f 940/1665 823/1668 824/1667
f 2561/1667 824/1667 823/1668
f 2560/1668 2561/1667 823/1668
f 2560/1668 823/1668 822/1669
f 769/1670 822/1669 823/1668
f 823/1668 810/1671 769/1670
f 769/1670 810/1671 811/1672
f 2548/1672 811/1672 810/1671
f 2547/1671 2548/1672 810/1671
f 2547/1671 810/1671 809/1673
f 810/1671 941/1674 809/1673
f 941/1674 942/1675 809/1673
f 942/1675 816/1676 809/1673
f 2546/1673 809/1673 816/1676
f 2553/1676 2546/1673 816/1676
f 2553/1676 816/1676 815/1677
f 816/1676 943/1678 815/1677
f 943/1678 814/1679 815/1677
f 2552/1677 815/1677 814/1679
f 2551/1679 2552/1677 814/1679
f 2551/1679 814/1679 813/1680
f 767/1681 813/1680 814/1679
f 813/1680 767/1681 768/1682
f 2505/1682 768/1682 767/1681
f 2504/1681 2505/1682 767/1681
f 2504/1681 767/1681 766/1683
f 767/1681 944/1684 766/1683
f 766/1683 944/1684 765/1685
f 765/1685 944/1684 727/1686
f 944/1684 945/1687 727/1686
f 945/1687 726/1688 727/1686
f 2464/1686 727/1686 726/1688
f 2463/1688 2464/1686 726/1688
f 2463/1688 726/1688 725/1689
f 726/1688 946/1690 725/1689
f 725/1689 946/1690 708/1691
f 947/1692 708/1691 946/1690
f 2684/1692 947/1692 946/1690
f 2683/1690 2684/1692 946/1690
f 2683/1690 946/1690 945/1687
f 2682/1687 2683/1690 945/1687
f 2683/1690 2682/1687 2463/1688
f 2463/1688 2462/1689 2683/1690
f 2462/1689 2445/1691 2683/1690
f 2445/1691 2462/1689 2461/1693
f 2461/1693 2462/1689 724/1693
f 2462/1689 725/1689 724/1693
f 2461/1693 724/1693 723/1694
f 724/1693 710/1695 723/1694
f 710/1695 700/1696 723/1694
f 700/1696 702/1697 723/1694
f 702/1697 716/1698 723/1694
f 717/1699 723/1694 716/1698
f 2454/1699 717/1699 716/1698
f 2453/1698 2454/1699 716/1698
f 2453/1698 716/1698 715/1700
f 716/1698 703/1701 715/1700
f 715/1700 703/1701 870/1702
f 703/1701 869/1703 870/1702
f 2607/1702 870/1702 869/1703
f 2606/1703 2607/1702 869/1703
f 2606/1703 869/1703 868/1704
f 869/1703 705/1705 868/1704
f 705/1705 867/1706 868/1704
f 2605/1704 868/1704 867/1706
f 2604/1706 2605/1704 867/1706
f 2604/1706 867/1706 866/1707
f 867/1706 977/1708 866/1707
f 866/1707 977/1708 978/1709
f 2715/1709 978/1709 977/1708
f 2714/1708 2715/1709 977/1708
f 2714/1708 977/1708 976/1710
f 970/1711 976/1710 977/1708
f 977/1708 955/1712 970/1711
f 955/1712 969/1713 970/1711
f 2707/1711 970/1711 969/1713
f 2706/1713 2707/1711 969/1713
f 2706/1713 969/1713 968/1714
f 969/1713 958/1715 968/1714
f 958/1715 967/1716 968/1714
f 2705/1714 968/1714 967/1716
f 2704/1716 2705/1714 967/1716
f 2704/1716 967/1716 966/1717
f 959/1718 966/1717 967/1716
f 966/1717 959/1718 960/1719
f 2697/1719 960/1719 959/1718
f 2696/1718 2697/1719 959/1718
f 2696/1718 959/1718 958/1715
f 2695/1715 2696/1718 958/1715
f 2695/1715 958/1715 957/1720
f 2694/1720 2695/1715 957/1720
f 2694/1720 957/1720 956/1721
f 969/1713 956/1721 957/1720
f 2693/1721 2694/1720 956/1721
f 2693/1721 956/1721 955/1712
f 2692/1712 2693/1721 955/1712
f 2692/1712 955/1712 954/1722
f 867/1706 954/1722 955/1712
f 954/1722 867/1706 706/1723
f 954/1722 706/1723 948/1724
f 707/1725 948/1724 706/1723
f 2444/1725 707/1725 706/1723
f 2443/1723 2444/1725 706/1723
f 2443/1723 706/1723 705/1705
f 2442/1705 2443/1723 705/1705
f 2442/1705 705/1705 704/1726
f 2441/1726 2442/1705 704/1726
f 2441/1726 704/1726 703/1701
f 2440/1701 2441/1726 703/1701
f 2440/1701 703/1701 702/1697
f 2439/1697 2440/1701 702/1697
f 2439/1697 702/1697 701/1727
f 2438/1727 2439/1697 701/1727
f 2438/1727 701/1727 700/1696
f 2437/1696 2438/1727 700/1696
f 2439/1697 2438/1727 2437/1696
f 2437/1696 2460/1694 2439/1697
f 2439/1697 2460/1694 2453/1698
f 2447/1695 2460/1694 2437/1696
f 2447/1695 2437/1696 710/1695
f 2447/1695 710/1695 709/1728
f 2446/1728 2447/1695 709/1728
f 2446/1728 709/1728 708/1691
f 724/1693 708/1691 709/1728
f 2445/1691 2446/1728 708/1691
f 2445/1691 708/1691 707/1725
f 2447/1695 2446/1728 2461/1693
f 2461/1693 2460/1694 2447/1695
f 2453/1698 2440/1701 2439/1697
f 2453/1698 2452/1700 2440/1701
f 2452/1700 2607/1702 2440/1701
f 2452/1700 2451/1729 2607/1702
f 2607/1702 2451/1729 2612/1730
f 2451/1729 2450/1731 2612/1730
f 2450/1731 2449/1732 2612/1730
f 2612/1730 2449/1732 2494/1733
f 2494/1733 2449/1732 2448/1734
f 2448/1734 2449/1732 711/1734
f 2449/1732 712/1732 711/1734
f 757/1733 711/1734 712/1732
f 875/1730 757/1733 712/1732
f 713/1731 875/1730 712/1732
f 2450/1731 713/1731 712/1732
f 714/1729 875/1730 713/1731
f 2451/1729 714/1729 713/1731
f 870/1702 875/1730 714/1729
f 870/1702 874/1735 875/1730
f 2612/1730 875/1730 874/1735
f 2611/1735 2612/1730 874/1735
f 2611/1735 874/1735 873/1736
f 874/1735 872/1737 873/1736
f 2610/1736 873/1736 872/1737
f 2609/1737 2610/1736 872/1737
f 2609/1737 872/1737 871/1738
f 2608/1738 2609/1737 871/1738
f 2608/1738 871/1738 870/1702
f 2609/1737 2608/1738 2611/1735
f 2611/1735 2608/1738 2607/1702
f 2611/1735 2610/1736 2609/1737
f 872/1737 874/1735 871/1738
f 2610/1736 2611/1735 873/1736
f 2612/1730 2613/1739 875/1730
f 2613/1739 876/1739 875/1730
f 2613/1739 2614/1740 876/1739
f 2614/1740 877/1740 876/1739
f 755/1741 876/1739 877/1740
f 772/1742 755/1741 877/1740
f 772/1742 877/1740 771/1743
f 771/1743 877/1740 878/1744
f 2615/1744 878/1744 877/1740
f 2615/1744 2616/1745 878/1744
f 2616/1745 879/1745 878/1744
f 880/1661 878/1744 879/1745
f 2617/1661 880/1661 879/1745
f 880/1661 821/1746 878/1744
f 878/1744 821/1746 770/1747
f 821/1746 769/1670 770/1747
f 2507/1747 770/1747 769/1670
f 2506/1670 2507/1747 769/1670
f 2506/1670 769/1670 775/1748
f 812/1749 775/1748 769/1670
f 768/1682 775/1748 812/1749
f 775/1748 768/1682 762/1750
f 2499/1750 762/1750 768/1682
f 2499/1750 2500/1751 762/1750
f 2500/1751 763/1751 762/1750
f 774/1752 762/1750 763/1751
f 759/1753 774/1752 763/1751
f 759/1753 763/1751 764/1754
f 2501/1754 764/1754 763/1751
f 2501/1754 2502/1685 764/1754
f 2502/1685 765/1685 764/1754
f 765/1685 718/1755 764/1754
f 2502/1685 2503/1683 765/1685
f 2503/1683 2502/1685 2681/1684
f 2502/1685 2464/1686 2681/1684
f 2681/1684 2464/1686 2682/1687
f 2681/1684 2682/1687 944/1684
f 2681/1684 944/1684 943/1678
f 2680/1678 2681/1684 943/1678
f 2680/1678 943/1678 942/1675
f 2679/1675 2680/1678 942/1675
f 2680/1678 2679/1675 2553/1676
f 2553/1676 2552/1677 2680/1678
f 2681/1684 2680/1678 2504/1681
f 2504/1681 2680/1678 2551/1679
f 2504/1681 2551/1679 2550/1680
f 2502/1685 2455/1755 2464/1686
f 2504/1681 2503/1683 2681/1684
f 2502/1685 2501/1754 2455/1755
f 2455/1755 2501/1754 2496/1753
f 2496/1753 2501/1754 2500/1751
f 2496/1753 2500/1751 2511/1752
f 2496/1753 2511/1752 2510/1756
f 2510/1756 2511/1752 773/1756
f 2511/1752 774/1752 773/1756
f 2511/1752 2512/1748 774/1752
f 2512/1748 775/1748 774/1752
f 2512/1748 2511/1752 2499/1750
f 2512/1748 2499/1750 2505/1682
f 2505/1682 2549/1749 2512/1748
f 2549/1749 2506/1670 2512/1748
f 2548/1672 2506/1670 2549/1749
f 2550/1680 2549/1749 2505/1682
f 2549/1749 2550/1680 812/1749
f 2550/1680 813/1680 812/1749
f 2549/1749 812/1749 811/1672
f 2510/1756 773/1756 772/1742
f 2509/1742 2510/1756 772/1742
f 2510/1756 2509/1742 2492/1741
f 2509/1742 2614/1740 2492/1741
f 2509/1742 2508/1743 2614/1740
f 2508/1743 2615/1744 2614/1740
f 2507/1747 2615/1744 2508/1743
f 2615/1744 2507/1747 2558/1746
f 2617/1661 2615/1744 2558/1746
f 2558/1746 2557/1662 2617/1661
f 2557/1662 2618/1660 2617/1661
f 2508/1743 2509/1742 771/1743
f 2508/1743 771/1743 770/1747
f 2492/1741 2498/1757 2510/1756
f 2498/1757 2497/1758 2510/1756
f 2497/1758 2498/1757 760/1758
f 2498/1757 761/1757 760/1758
f 761/1757 773/1756 760/1758
f 773/1756 759/1753 760/1758
f 755/1741 773/1756 761/1757
f 2492/1741 755/1741 761/1757
f 2492/1741 2493/1759 755/1741
f 2493/1759 756/1759 755/1741
f 2493/1759 2494/1733 756/1759
f 2494/1733 757/1733 756/1759
f 757/1733 876/1739 756/1759
f 2494/1733 2495/1760 757/1733
f 2495/1760 758/1760 757/1733
f 758/1760 721/1761 757/1733
f 758/1760 720/1762 721/1761
f 2458/1761 721/1761 720/1762
f 2457/1762 2458/1761 720/1762
f 2457/1762 720/1762 719/1763
f 2456/1763 2457/1762 719/1763
f 2456/1763 719/1763 718/1755
f 758/1760 718/1755 719/1763
f 759/1753 718/1755 758/1760
f 2496/1753 759/1753 758/1760
f 2496/1753 2497/1758 759/1753
f 2455/1755 2456/1763 718/1755
f 2455/1755 718/1755 727/1686
f 2495/1760 2456/1763 2455/1755
f 2495/1760 2457/1762 2456/1763
f 2495/1760 2458/1761 2457/1762
f 2458/1761 2459/1764 721/1761
f 2459/1764 722/1764 721/1761
f 721/1761 722/1764 711/1734
f 722/1764 717/1699 711/1734
f 2459/1764 2460/1694 722/1764
f 2460/1694 723/1694 722/1764
f 2460/1694 2459/1764 2454/1699
f 2459/1764 2448/1734 2454/1699
f 2458/1761 2448/1734 2459/1764
f 758/1760 719/1763 720/1762
f 2495/1760 2496/1753 758/1760
f 2495/1760 2494/1733 2458/1761
f 2494/1733 2493/1759 2613/1739
f 2613/1739 2493/1759 2492/1741
f 2497/1758 760/1758 759/1753
f 2498/1757 2492/1741 761/1757
f 2510/1756 2497/1758 2496/1753
f 2496/1753 2495/1760 2455/1755
f 718/1755 759/1753 764/1754
f 759/1753 773/1756 774/1752
f 2500/1751 2501/1754 763/1751
f 2511/1752 2500/1751 2499/1750
f 775/1748 762/1750 774/1752
f 2512/1748 2506/1670 775/1748
f 2558/1746 2507/1747 2506/1670
f 2506/1670 2559/1669 2558/1746
f 2558/1746 2559/1669 821/1746
f 2559/1669 822/1669 821/1746
f 2558/1746 821/1746 820/1662
f 2506/1670 2560/1668 2559/1669
f 2560/1668 2506/1670 2547/1671
f 2560/1668 2547/1671 2678/1674
f 2547/1671 2546/1673 2678/1674
f 2678/1674 2546/1673 2679/1675
f 2678/1674 2679/1675 941/1674
f 2678/1674 941/1674 940/1665
f 2677/1665 2678/1674 940/1665
f 2677/1665 940/1665 939/1659
f 2676/1659 2677/1665 939/1659
f 2676/1659 939/1659 938/1765
f 939/1659 935/1766 938/1765
f 935/1766 937/1767 938/1765
f 2675/1765 938/1765 937/1767
f 2674/1767 2675/1765 937/1767
f 2674/1767 937/1767 936/1768
f 2673/1768 2674/1767 936/1768
f 2673/1768 936/1768 935/1766
f 2672/1766 2673/1768 935/1766
f 2672/1766 935/1766 934/1658
f 2671/1658 2672/1766 934/1658
f 2671/1658 934/1658 933/864
f 2670/864 2671/1658 933/864
f 2671/1658 2670/864 2597/1656
f 2671/1658 2597/1656 2619/1657
f 2671/1658 2619/1657 2676/1659
f 2672/1766 2671/1658 2676/1659
f 2676/1659 2675/1765 2672/1766
f 2674/1767 2673/1768 2672/1766
f 2672/1766 2675/1765 2674/1767
f 937/1767 935/1766 936/1768
f 2675/1765 2676/1659 938/1765
f 2677/1665 2676/1659 2556/1663
f 2556/1663 2676/1659 2618/1660
f 2556/1663 2555/1664 2677/1665
f 2555/1664 2554/1666 2677/1665
f 2554/1666 2561/1667 2677/1665
f 2554/1666 2555/1664 817/1666
f 2678/1674 2677/1665 2560/1668
f 2507/1747 2508/1743 770/1747
f 2616/1745 2617/1661 879/1745
f 2617/1661 2616/1745 2615/1744
f 770/1747 771/1743 878/1744
f 2509/1742 772/1742 771/1743
f 773/1756 755/1741 772/1742
f 876/1739 755/1741 756/1759
f 2614/1740 2615/1744 877/1740
f 2492/1741 2614/1740 2613/1739
f 874/1735 870/1702 871/1738
f 876/1739 757/1733 875/1730
f 721/1761 711/1734 757/1733
f 2448/1734 711/1734 717/1699
f 2458/1761 2494/1733 2448/1734
f 2613/1739 2612/1730 2494/1733
f 2449/1732 2450/1731 712/1732
f 2450/1731 2451/1729 713/1731
f 2607/1702 2612/1730 2611/1735
f 2451/1729 2452/1700 714/1729
f 2452/1700 715/1700 714/1729
f 2606/1703 2441/1726 2440/1701
f 2442/1705 2441/1726 2606/1703
f 2606/1703 2605/1704 2442/1705
f 2443/1723 2442/1705 2604/1706
f 2691/1722 2443/1723 2604/1706
f 2604/1706 2692/1712 2691/1722
f 2714/1708 2692/1712 2604/1706
f 2604/1706 2603/1707 2714/1708
f 2714/1708 2707/1711 2692/1712
f 2707/1711 2714/1708 2713/1710
f 2707/1711 2713/1710 2712/1769
f 2712/1769 2713/1710 975/1769
f 2713/1710 976/1710 975/1769
f 2712/1769 975/1769 974/1770
f 975/1769 972/1771 974/1770
f 974/1770 972/1771 973/1772
f 2710/1772 973/1772 972/1771
f 2709/1771 2710/1772 972/1771
f 2709/1771 972/1771 971/1773
f 2708/1773 2709/1771 971/1773
f 2708/1773 971/1773 970/1711
f 975/1769 970/1711 971/1773
f 2709/1771 2708/1773 2712/1769
f 2712/1769 2711/1770 2709/1771
f 2711/1770 2710/1772 2709/1771
f 2710/1772 2711/1770 973/1772
f 2711/1770 974/1770 973/1772
f 972/1771 975/1769 971/1773
f 2711/1770 2712/1769 974/1770
f 2712/1769 2708/1773 2707/1711
f 2691/1722 2685/1724 2443/1723
f 2686/1774 2685/1724 2691/1722
f 2691/1722 2690/1775 2686/1774
f 2686/1774 2690/1775 2689/1776
f 2689/1776 2690/1775 952/1776
f 2690/1775 953/1775 952/1776
f 949/1774 952/1776 953/1775
f 954/1722 949/1774 953/1775
f 2691/1722 954/1722 953/1775
f 952/1776 949/1774 950/1777
f 2687/1777 950/1777 949/1774
f 2686/1774 2687/1777 949/1774
f 2686/1774 949/1774 948/1724
f 2687/1777 2688/1778 950/1777
f 2688/1778 951/1778 950/1777
f 2688/1778 2689/1776 951/1778
f 2689/1776 2688/1778 2687/1777
f 952/1776 950/1777 951/1778
f 2689/1776 952/1776 951/1778
f 2689/1776 2687/1777 2686/1774
f 2690/1775 2691/1722 953/1775
f 2685/1724 2686/1774 948/1724
f 2685/1724 948/1724 947/1692
f 2444/1725 2443/1723 2685/1724
f 2444/1725 2685/1724 2684/1692
f 2684/1692 2445/1691 2444/1725
f 2444/1725 2445/1691 707/1725
f 707/1725 947/1692 948/1724
f 949/1774 954/1722 948/1724
f 2691/1722 2692/1712 954/1722
f 2706/1713 2693/1721 2692/1712
f 2706/1713 2694/1720 2693/1721
f 2695/1715 2694/1720 2706/1713
f 2706/1713 2705/1714 2695/1715
f 2696/1718 2695/1715 2704/1716
f 2696/1718 2704/1716 2703/1717
f 2703/1717 2697/1719 2696/1718
f 2698/1779 2697/1719 2703/1717
f 2703/1717 2702/1780 2698/1779
f 2698/1779 2702/1780 2701/1781
f 2701/1781 2702/1780 964/1781
f 2702/1780 965/1780 964/1781
f 961/1779 964/1781 965/1780
f 966/1717 961/1779 965/1780
f 2703/1717 966/1717 965/1780
f 962/1782 964/1781 961/1779
f 2699/1782 962/1782 961/1779
f 2698/1779 2699/1782 961/1779
f 2698/1779 961/1779 960/1719
f 2699/1782 2700/1783 962/1782
f 2700/1783 963/1783 962/1782
f 2700/1783 2701/1781 963/1783
f 2699/1782 2701/1781 2700/1783
f 962/1782 963/1783 964/1781
f 2701/1781 964/1781 963/1783
f 2699/1782 2698/1779 2701/1781
f 2702/1780 2703/1717 965/1780
f 2697/1719 2698/1779 960/1719
f 961/1779 966/1717 960/1719
f 2703/1717 2704/1716 966/1717
f 2695/1715 2705/1714 2704/1716
f 959/1718 967/1716 958/1715
f 958/1715 969/1713 957/1720
f 2705/1714 2706/1713 968/1714
f 2692/1712 2707/1711 2706/1713
f 2707/1711 2708/1773 970/1711
f 969/1713 955/1712 956/1721
f 970/1711 975/1769 976/1710
f 2713/1710 2714/1708 976/1710
f 2603/1707 2715/1709 2714/1708
f 2716/1784 2715/1709 2603/1707
f 2717/1785 2716/1784 2603/1707
f 2724/1652 2717/1785 2603/1707
f 2603/1707 2602/1786 2724/1652
f 2724/1652 2602/1786 2601/1653
f 2601/1653 2725/866 2724/1652
f 2602/1786 2603/1707 865/1786
f 2603/1707 866/1707 865/1786
f 866/1707 987/1652 865/1786
f 987/1652 866/1707 980/1785
f 980/1785 866/1707 979/1784
f 2717/1785 980/1785 979/1784
f 2717/1785 2718/1787 980/1785
f 2718/1787 981/1787 980/1785
f 982/1788 980/1785 981/1787
f 2719/1788 982/1788 981/1787
f 2719/1788 2720/1789 982/1788
f 2720/1789 983/1789 982/1788
f 986/1790 982/1788 983/1789
f 986/1790 983/1789 985/1791
f 985/1791 983/1789 984/1792
f 2721/1792 984/1792 983/1789
f 2721/1792 2722/1791 984/1792
f 2722/1791 2721/1792 2720/1789
f 2723/1790 2722/1791 2720/1789
f 2722/1791 2723/1790 985/1791
f 2722/1791 985/1791 984/1792
f 2723/1790 986/1790 985/1791
f 2723/1790 2724/1652 986/1790
f 2724/1652 987/1652 986/1790
f 2719/1788 2724/1652 2723/1790
f 982/1788 986/1790 987/1652
f 2720/1789 2721/1792 983/1789
f 2723/1790 2720/1789 2719/1788
f 2718/1787 2719/1788 981/1787
f 2719/1788 2718/1787 2717/1785
f 987/1652 980/1785 982/1788
f 2602/1786 865/1786 864/1653
f 2724/1652 2719/1788 2717/1785
f 2716/1784 2717/1785 979/1784
f 2716/1784 979/1784 978/1709
f 2715/1709 2716/1784 978/1709
f 979/1784 866/1707 978/1709
f 977/1708 867/1706 955/1712
f 2603/1707 2604/1706 866/1707
f 2442/1705 2605/1704 2604/1706
f 706/1723 867/1706 705/1705
f 705/1705 869/1703 704/1726
f 2605/1704 2606/1703 868/1704
f 2440/1701 2607/1702 2606/1703
f 2607/1702 2608/1738 870/1702
f 869/1703 703/1701 704/1726
f 715/1700 870/1702 714/1729
f 2452/1700 2453/1698 715/1700
f 2454/1699 2453/1698 2460/1694
f 2454/1699 2448/1734 717/1699
f 723/1694 717/1699 722/1764
f 716/1698 702/1697 703/1701
f 702/1697 700/1696 701/1727
f 2437/1696 700/1696 710/1695
f 710/1695 724/1693 709/1728
f 2460/1694 2461/1693 723/1694
f 2461/1693 2446/1728 2445/1691
f 2684/1692 2683/1690 2445/1691
f 2684/1692 2685/1724 947/1692
f 947/1692 707/1725 708/1691
f 708/1691 724/1693 725/1689
f 2462/1689 2463/1688 725/1689
f 2682/1687 2464/1686 2463/1688
f 2464/1686 2455/1755 727/1686
f 946/1690 726/1688 945/1687
f 2682/1687 945/1687 944/1684
f 765/1685 727/1686 718/1755
f 2503/1683 766/1683 765/1685
f 944/1684 767/1681 943/1678
f 2503/1683 2504/1681 766/1683
f 2550/1680 2505/1682 2504/1681
f 2505/1682 2499/1750 768/1682
f 813/1680 768/1682 812/1749
f 2550/1680 2551/1679 813/1680
f 2680/1678 2552/1677 2551/1679
f 767/1681 814/1679 943/1678
f 2552/1677 2553/1676 815/1677
f 2679/1675 2546/1673 2553/1676
f 943/1678 816/1676 942/1675
f 2679/1675 942/1675 941/1674
f 2546/1673 2547/1671 809/1673
f 2506/1670 2548/1672 2547/1671
f 2548/1672 2549/1749 811/1672
f 811/1672 812/1749 769/1670
f 823/1668 941/1674 810/1671
f 769/1670 821/1746 822/1669
f 2559/1669 2560/1668 822/1669
f 2677/1665 2561/1667 2560/1668
f 2561/1667 2554/1666 824/1667
f 941/1674 823/1668 940/1665
f 2554/1666 817/1666 824/1667
f 2555/1664 818/1664 817/1666
f 940/1665 819/1663 939/1659
f 2555/1664 2556/1663 818/1664
f 2556/1663 2618/1660 2557/1662
f 2557/1662 2558/1746 820/1662
f 821/1746 880/1661 820/1662
f 2617/1661 2618/1660 880/1661
f 2676/1659 2619/1657 2618/1660
f 819/1663 881/1660 939/1659
f 935/1766 939/1659 934/1658
f 2619/1657 2597/1656 882/1657
f 2670/864 2598/1655 2597/1656
f 2599/1654 2598/1655 2670/864
f 934/1658 860/1656 933/864
f 2598/1655 2599/1654 861/1655
f 2601/1653 2602/1786 864/1653
f 987/1652 864/1653 865/1786
f 2724/1652 2725/866 987/1652
f 2601/1653 2600/863 2725/866
f 2600/863 2599/1654 2670/864
f 2670/864 933/864 932/865
f 863/863 933/864 862/1654
f 863/863 988/866 989/862
f 1078/860 989/862 990/867
f 2668/861 2669/865 931/861
f 2815/860 2726/862 2668/861
f 2815/860 2816/251 1078/860
f 2902/250 2866/1187 2816/251
f 2902/250 2903/249 1165/250
f 3270/247 3503/248 3671/246
f 3544/245 3270/247 3671/246
f 3545/244 3544/245 3671/246
f 3671/246 3670/232 3545/244
f 3670/232 3671/246 1933/232
f 3671/246 1934/246 1933/232
f 3671/246 3672/81 1934/246
f 3672/81 1935/81 1934/246
f 422/101 1934/246 1935/81
f 421/1793 422/101 1935/81
f 2159/101 422/101 421/1793
f 2158/1793 2159/101 421/1793
f 2158/1793 421/1793 420/83
f 2158/1793 3672/81 2159/101
f 2158/1793 2157/83 3672/81
f 2159/101 2160/100 422/101
f 2160/100 2159/101 2344/98
f 2161/99 2160/100 2344/98
f 2162/97 2161/99 2344/98
f 2324/96 2162/97 2344/98
f 2162/97 2324/96 2323/89
f 2323/89 2163/87 2162/97
f 2162/97 2163/87 425/97
f 2163/87 426/87 425/97
f 2161/99 2162/97 424/99
f 2160/100 2161/99 423/100
f 3672/81 3668/1794 1935/81
f 3668/1794 1931/1794 1935/81
f 1932/1795 1935/81 1931/1794
f 3669/1795 1932/1795 1931/1794
f 3669/1795 3670/232 1932/1795
f 3670/232 3669/1795 3602/230
f 3672/81 3602/230 3669/1795
f 3602/230 3601/231 3670/232
f 3601/231 3594/233 3670/232
f 1935/81 1932/1795 1865/230
f 3668/1794 3669/1795 1931/1794
f 3669/1795 3668/1794 3672/81
f 2159/101 3672/81 3671/246
f 3670/232 1933/232 1932/1795
f 3544/245 3271/1796 3270/247
f 3270/247 3271/1796 1533/247
f 3271/1796 1534/1796 1533/247
f 3271/1796 3263/1797 1534/1796
f 3263/1797 1526/1797 1534/1796
f 1806/1798 1534/1796 1526/1797
f 1527/1799 1806/1798 1526/1797
f 3264/1799 1527/1799 1526/1797
f 3264/1799 3265/1800 1527/1799
f 3265/1800 1528/1800 1527/1799
f 3265/1800 3266/1801 1528/1800
f 3266/1801 1529/1801 1528/1800
f 1805/1802 1528/1800 1529/1801
f 1530/839 1805/1802 1529/1801
f 3267/839 1530/839 1529/1801
f 1805/1802 1530/839 1804/1803
f 3542/1802 1805/1802 1804/1803
f 3541/1803 3542/1802 1804/1803
f 3541/1803 1804/1803 1803/840
f 3540/840 3541/1803 1803/840
f 3542/1802 3541/1803 3267/839
f 3267/839 3266/1801 3542/1802
f 3542/1802 3543/1798 1805/1802
f 3543/1798 1806/1798 1805/1802
f 3543/1798 3544/245 1806/1798
f 3544/245 1807/245 1806/1798
f 3543/1798 3542/1802 3265/1800
f 1806/1798 1528/1800 1805/1802
f 3266/1801 3267/839 1529/1801
f 3542/1802 3266/1801 3265/1800
f 3265/1800 3264/1799 3543/1798
f 3264/1799 3263/1797 3543/1798
f 1528/1800 1806/1798 1527/1799
f 1534/1796 1806/1798 1807/245
f 3263/1797 3264/1799 1526/1797
f 3543/1798 3263/1797 3271/1796
f 3270/247 1533/247 1532/843
f 3269/843 3270/247 1532/843
f 3269/843 1532/843 1531/838
f 3271/1796 3544/245 3543/1798
f 3503/248 3502/846 3112/847
f 3112/847 2897/851 2904/859
f 2626/857 2898/858 2897/851
f 2898/858 2899/1107 1161/858
f 1161/858 1162/1107 889/857
f 2620/856 883/856 889/857
f 846/855 883/856 842/1102
f 2584/854 847/854 846/855
f 2585/853 848/853 847/854
f 2586/852 849/852 848/853
f 851/850 849/852 850/1294
f 1375/847 1167/859 1160/851
f 851/850 1383/1282 1374/849
f 3111/849 3112/847 1374/849
f 3502/846 3110/848 3112/847
f 3110/848 3111/849 1373/848
f 1373/848 1764/1283 1765/846
f 3502/846 3503/248 1765/846
f 3270/247 3269/843 3503/248
f 3504/845 3505/844 1767/845
f 3505/844 3506/837 1768/844
f 3268/838 3269/843 1531/838
f 3267/839 3268/838 1530/839
f 3267/839 3541/1803 3540/840
f 3539/841 3540/840 1802/841
f 1770/836 1800/243 1801/842
f 3540/840 1803/840 1802/841
f 1530/839 1803/840 1804/1803
f 3268/838 1531/838 1530/839
f 1532/843 1769/837 1531/838
f 3506/837 3507/836 1769/837
f 3507/836 3538/842 3537/243
f 3508/242 3494/241 1771/242
f 3494/241 3514/240 3513/1544
f 3514/240 3509/239 1777/240
f 3509/239 3546/238 3551/1551
f 3552/237 3547/1558 3546/238
f 3561/236 3553/1560 3552/237
f 3572/235 3515/533 3561/236
f 3572/235 3584/534 3515/533
f 3584/534 3422/532 3515/533
f 3594/233 3585/234 3670/232
f 3594/233 3528/829 3585/234
f 3528/829 3536/831 3585/234
f 3594/233 3600/828 3528/829
f 3585/234 3574/834 3573/835
f 3574/834 3585/234 3593/833
f 3575/811 3574/834 3593/833
f 3593/833 3592/813 3575/811
f 3574/834 3575/811 1837/834
f 3575/811 1838/811 1837/834
f 1838/811 1856/833 1837/834
f 3593/833 3585/234 1856/833
f 3593/833 1856/833 1855/813
f 3536/831 3586/832 3585/234
f 3586/832 3536/831 3535/1804
f 3535/1804 3536/831 1798/1804
f 3536/831 1799/831 1798/1804
f 3535/1804 1798/1804 1797/818
f 3535/1804 3587/1805 3586/832
f 3588/816 3587/1805 3535/1804
f 3535/1804 3534/818 3588/816
f 3587/1805 3588/816 1850/1805
f 3588/816 1851/816 1850/1805
f 1851/816 1798/1804 1850/1805
f 1798/1804 1849/832 1850/1805
f 3587/1805 1850/1805 1849/832
f 3586/832 3587/1805 1849/832
f 1849/832 1798/1804 1799/831
f 3536/831 3528/829 1799/831
f 3528/829 3600/828 3529/830
f 3529/830 3600/828 3599/823
f 3530/821 3529/830 3599/823
f 3599/823 3667/822 3530/821
f 3530/821 3667/822 3531/820
f 3531/820 3667/822 3666/548
f 3529/830 3530/821 1792/830
f 3530/821 1793/821 1792/830
f 3600/828 3594/233 1863/828
f 3601/231 3595/827 3594/233
f 1858/827 1859/826 1864/231
f 3596/826 3597/825 1859/826
f 3667/822 3598/824 3597/825
f 3667/822 3599/823 3598/824
f 3599/823 3600/828 1862/823
f 1930/822 1860/825 1861/824
f 1793/821 1862/823 1792/830
f 3530/821 3531/820 1793/821
f 3666/548 3532/819 3531/820
f 3666/548 3533/817 3532/819
f 3666/548 3589/815 3533/817
f 3589/815 3588/816 3533/817
f 1794/820 1929/548 1930/822
f 3532/819 3533/817 1795/819
f 3534/818 3533/817 3588/816
f 3534/818 3535/1804 1797/818
f 1798/1804 1851/816 1797/818
f 3588/816 3589/815 1851/816
f 3666/548 3590/814 3589/815
f 3666/548 3591/812 3590/814
f 1929/548 1796/817 1852/815
f 3590/814 3591/812 1853/814
f 3575/811 3592/813 3591/812
f 3576/809 3575/811 3591/812
f 3592/813 3593/833 1855/813
f 1856/833 1838/811 1855/813
f 1854/812 1839/809 1929/548
f 3575/811 3576/809 1838/811
f 3591/812 3666/548 3576/809
f 3666/548 3667/822 1929/548
f 1929/548 1839/809 1841/547
f 3578/547 3579/546 1841/547
f 3665/543 3579/546 3578/547
f 3429/551 3428/544 3665/543
f 3428/544 3429/551 1691/544
f 1692/551 1928/543 1691/544
f 1928/543 1842/546 1843/542
f 3580/542 3581/541 1843/542
f 3427/538 3581/541 3580/542
f 3425/539 3424/537 3427/538
f 3425/539 3426/545 1688/539
f 1688/539 1689/545 1690/538
f 1690/538 1844/541 1845/536
f 1687/537 1846/535 1686/540
f 3582/536 3583/535 1845/536
f 3422/532 3584/534 3583/535
f 3584/534 3572/235 1847/534
f 1846/535 1685/532 1686/540
f 1835/235 1778/533 1847/534
f 3422/532 3423/540 1685/532
f 3515/533 3422/532 3493/531
f 1779/530 1756/531 1778/533
f 3516/530 1779/530 1778/533
f 3516/530 3493/531 3492/528
f 3517/529 3518/525 1780/529
f 3491/527 3492/528 1754/527
f 1755/528 1781/525 1754/527
f 1782/524 1752/522 1753/526
f 3518/525 3519/524 1781/525
f 3489/522 3520/523 3519/524
f 3489/522 3521/521 3520/523
f 3521/521 3522/1593 1784/521
f 1752/522 1782/524 1783/523
f 1785/1593 1665/520 1784/521
f 3402/520 3395/519 1665/520
f 3488/516 3396/518 3395/519
f 3397/517 3396/518 3488/516
f 3396/518 3397/517 1659/518
f 1658/519 1751/516 1752/522
f 3397/517 1660/517 1659/518
f 3488/516 3489/522 1751/516
f 3488/516 3487/509 3397/517
f 1742/507 1750/509 1660/517
f 3480/508 3481/511 1743/508
f 3487/509 3480/508 3479/507
f 1742/507 1638/1587 1629/506
f 3366/506 3367/505 1629/506
f 3368/460 3367/505 3478/463
f 3478/463 3477/462 3368/460
f 3478/463 3479/507 1741/463
f 1631/460 1741/463 1630/505
f 1726/461 1739/464 1740/462
f 3463/461 1726/461 1725/459
f 3462/459 3315/432 3323/458
f 3462/459 3461/433 3315/432
f 3315/432 3461/433 3316/431
f 1632/457 1586/458 1631/460
f 3370/456 1633/456 1632/457
f 1584/450 1633/456 1634/1583
f 3322/455 3323/458 1585/455
f 3370/456 3322/455 3321/450
f 3306/449 3307/452 1569/449
f 3321/450 3306/449 3305/444
f 3296/445 3305/444 3304/448
f 3296/445 3304/448 3303/447
f 1559/445 1566/447 1567/448
f 3297/446 3298/424 1560/446
f 3302/425 3298/424 3297/446
f 3303/447 3302/425 3297/446
f 3303/447 3297/446 3296/445
f 1559/445 1567/448 1568/444
f 1584/450 1759/443 1568/444
f 3295/442 3296/445 1558/442
f 3295/442 3294/441 3496/443
f 1557/441 1759/443 1548/440
f 3293/439 3294/441 1556/439
f 3285/440 3293/439 3292/438
f 1555/438 1548/440 1549/437
f 3286/437 1549/437 1548/440
f 3292/438 3291/436 3286/437
f 3459/434 3458/626 3274/435
f 3274/435 3275/392 1537/435
f 1722/434 1537/435 1721/626
f 3459/434 3460/420 1722/434
f 3316/431 3461/433 3460/420
f 3461/433 3462/459 1724/433
f 1725/459 1578/432 1724/433
f 3315/432 3316/431 1578/432
f 3460/420 3317/427 3316/431
f 3318/430 3317/427 3309/429
f 3318/430 3319/454 1581/430
f 1581/430 1571/453 1572/429
f 3299/428 1562/428 1572/429
f 3300/426 1563/426 1562/428
f 1723/420 1579/431 1580/427
f 3300/426 3301/423 1563/426
f 3302/425 3301/423 3298/424
f 3302/425 3303/447 1565/425
f 1565/425 1560/446 1561/424
f 3288/422 1551/422 1561/424
f 3288/422 3289/421 1551/422
f 3460/420 3290/419 3289/421
f 3290/419 3291/436 1553/419
f 1723/420 1564/423 1552/421
f 1554/436 1550/418 1553/419
f 3287/418 3278/417 1550/418
f 3273/416 3279/413 3278/417
f 1536/416 1723/420 1541/417
f 3273/416 1536/416 1535/415
f 3272/415 1535/415 1540/414
f 1543/411 1539/408 1540/414
f 3279/413 3280/411 1542/413
f 3281/412 3280/411 3262/410
f 3281/412 3282/1540 1544/412
f 1544/412 1524/1541 1525/410
f 3262/410 3250/409 1525/410
f 3276/408 3251/407 3250/409
f 1539/408 1543/411 1513/409
f 1539/408 1515/397 1538/392
f 3251/407 3252/397 1514/407
f 3253/406 3252/397 3249/405
f 3253/406 3254/1534 1516/406
f 1512/405 1516/406 1511/1536
f 3249/405 3238/401 1512/405
f 2355/403 3239/404 3238/401
f 3239/404 3240/405 1502/404
f 618/403 1502/404 1503/405
f 618/403 1238/1444 1239/402
f 2977/400 1240/400 1239/402
f 2977/400 2978/399 1240/400
f 3252/397 2979/398 2978/399
f 2979/398 2980/396 1242/398
f 1501/401 1241/399 1515/397
f 2980/396 1243/396 1242/398
f 2980/396 2981/395 1243/396
f 3275/392 2982/394 2981/395
f 2982/394 2959/393 1245/394
f 1538/392 1515/397 1244/395
f 2959/393 1222/393 1245/394
f 2960/391 1223/391 1222/393
f 1427/629 1538/392 1224/390
f 2960/391 2961/390 1223/391
f 2358/109 2962/388 2961/390
f 2358/109 2965/386 2962/388
f 2964/387 2962/388 2965/386
f 2963/389 2962/388 2964/387
f 2963/389 2964/387 1226/389
f 2964/387 1227/387 1226/389
f 2964/387 2965/386 1227/387
f 2358/109 2966/385 2965/386
f 2358/109 2967/384 2966/385
f 621/109 1225/388 1228/386
f 2966/385 2967/384 1229/385
f 2358/109 2968/383 2967/384
f 2358/109 2969/382 2968/383
f 2969/382 2970/381 1232/382
f 621/109 1230/384 1231/383
f 2970/381 1233/381 1232/382
f 620/380 1233/381 1234/1445
f 2357/380 2358/109 620/380
f 2338/107 2358/109 2910/108
f 2318/92 2338/107 2910/108
f 2318/92 2339/106 2338/107
f 2359/379 2360/376 622/379
f 2360/376 623/376 622/379
f 2337/378 2338/107 600/378
f 2338/107 601/107 600/378
f 601/107 622/379 600/378
f 623/376 600/378 622/379
f 617/377 624/374 616/370
f 2360/376 2361/374 623/376
f 2362/375 2361/374 2336/373
f 2362/375 2363/1421 625/375
f 625/375 598/1419 599/373
f 2336/373 2327/372 599/373
f 2353/370 2328/371 2327/372
f 2328/371 2329/1395 591/371
f 616/370 624/374 590/372
f 615/369 591/371 592/1395
f 2353/370 2354/377 616/370
f 2328/371 2353/370 2352/369
f 615/369 567/1394 568/368
f 2305/368 2306/367 568/368
f 2351/344 2306/367 2305/368
f 2295/365 2296/343 558/365
f 2296/343 559/343 558/365
f 614/344 569/367 570/362
f 2294/364 557/364 566/363
f 566/363 571/361 565/366
f 2307/362 2308/361 570/362
f 2301/356 2309/359 2308/361
f 2301/356 2311/358 2309/359
f 2312/357 2311/358 2301/356
f 2311/358 2312/357 574/358
f 2311/358 2310/360 2309/359
f 2310/360 2311/358 573/360
f 2311/358 574/358 573/360
f 564/356 571/361 572/359
f 2312/357 575/357 574/358
f 563/355 575/357 1300/1296
f 2301/356 2302/366 564/356
f 2312/357 2301/356 2300/355
f 1381/354 563/355 1380/1295
f 1382/1292 832/353 1381/354
f 2569/353 2570/352 832/353
f 2571/349 2570/352 2299/348
f 2291/350 2572/351 2571/349
f 2572/351 2573/1101 835/351
f 554/350 835/351 836/1101
f 561/347 554/350 555/1617
f 834/349 562/348 833/352
f 2299/348 2300/355 562/348
f 2299/348 2298/347 2571/349
f 556/346 561/347 555/1617
f 2293/346 556/346 555/1617
f 2298/347 2297/345 2293/346
f 2296/343 2297/345 559/343
f 2296/343 2295/365 2351/344
f 2351/344 2352/369 614/344
f 559/343 614/344 558/365
f 560/345 545/342 559/343
f 2282/342 2283/341 545/342
f 2350/333 2284/339 2283/341
f 2350/333 2274/338 2284/339
f 2350/333 2275/336 2274/338
f 2350/333 2260/334 2275/336
f 2271/335 2275/336 2260/334
f 2274/338 2285/340 2284/339
f 2285/340 2286/1086 548/340
f 537/338 548/340 536/1088
f 613/333 546/341 547/339
f 2274/338 2275/336 537/338
f 2276/337 2275/336 2271/335
f 2276/337 2277/1091 539/337
f 534/335 539/337 533/1093
f 2271/335 2260/334 534/335
f 2350/333 2261/332 2260/334
f 2262/330 2261/332 2350/333
f 2262/330 2350/333 2349/317
f 2349/317 2176/329 2262/330
f 2349/317 2177/328 2176/329
f 2349/317 2167/325 2177/328
f 2349/317 2169/322 2167/325
f 2349/317 2148/320 2169/322
f 2147/321 2169/322 2148/320
f 613/333 538/336 523/334
f 2261/332 2262/330 524/332
f 2176/329 2263/331 2262/330
f 2263/331 2264/1627 526/331
f 439/329 526/331 438/1631
f 525/330 612/317 613/333
f 2176/329 2177/328 439/329
f 2167/325 2178/327 2177/328
f 2178/327 2179/1625 441/327
f 612/317 440/328 430/325
f 442/1625 429/326 441/327
f 2166/326 2167/325 429/326
f 2169/322 2168/324 2167/325
f 612/317 430/325 432/322
f 2168/324 2169/322 431/324
f 2170/323 2169/322 2147/321
f 2170/323 2171/1015 433/323
f 410/321 433/323 418/1018
f 2147/321 2148/320 410/321
f 2349/317 2149/319 2148/320
f 2150/318 2149/319 2349/317
f 2149/319 2150/318 412/319
f 612/317 432/322 411/320
f 2150/318 413/318 412/319
f 611/316 413/318 401/999
f 2349/317 2350/333 612/317
f 2150/318 2349/317 2348/316
f 301/983 304/315 611/316
f 2041/315 2042/314 304/315
f 1965/310 2043/313 2042/314
f 1975/312 2043/313 1965/310
f 2044/296 2043/313 1975/312
f 1975/312 1974/298 2044/296
f 2043/313 2044/296 306/313
f 2044/296 307/296 306/313
f 307/296 238/312 306/313
f 1975/312 1965/310 238/312
f 1975/312 238/312 237/298
f 1968/309 1966/311 1965/310
f 1968/309 1967/312 1966/311
f 1967/312 1968/309 230/312
f 1968/309 231/309 230/312
f 1968/309 1969/307 231/309
f 1967/312 230/312 229/311
f 1966/311 1967/312 229/311
f 231/309 229/311 230/312
f 610/308 305/314 228/310
f 1969/307 232/307 231/309
f 233/301 609/306 232/307
f 1970/301 233/301 232/307
f 1970/301 1971/299 233/301
f 1971/299 1970/301 1936/300
f 1972/289 1971/299 1936/300
f 201/305 609/306 233/301
f 201/305 608/102 609/306
f 1934/246 608/102 201/305
f 2347/308 2348/316 610/308
f 2346/306 609/306 608/102
f 1969/307 1968/309 2347/308
f 1969/307 1970/301 232/307
f 1938/305 1937/302 1970/301
f 3671/246 2345/102 2159/101
f 3671/246 2004/280 1981/281
f 3671/246 2005/278 2004/280
f 3671/246 2018/275 2005/278
f 2018/275 2017/277 2005/278
f 3671/246 2031/274 2018/275
f 3671/246 2032/272 2031/274
f 3671/246 1991/270 2032/272
f 1991/270 1990/271 2032/272
f 3671/246 1961/265 1991/270
f 1981/281 1953/286 1939/304
f 1940/303 1939/304 1953/286
f 1939/304 1940/303 202/304
f 1941/288 1940/303 1953/286
f 1953/286 1952/287 1941/288
f 1941/288 1952/287 1972/289
f 1972/289 1936/300 1941/288
f 1937/302 1936/300 1970/301
f 1937/302 1938/305 200/302
f 201/305 233/301 200/302
f 1971/299 234/299 233/301
f 1971/299 1972/289 234/299
f 2045/294 1973/297 1972/289
f 2045/294 2044/296 1973/297
f 2044/296 1974/298 1973/297
f 1974/298 1975/312 237/298
f 238/312 307/296 237/298
f 2044/296 2045/294 307/296
f 2046/295 2045/294 1979/293
f 2046/295 2047/985 309/295
f 242/293 309/295 241/997
f 308/294 235/289 236/297
f 243/283 212/292 242/293
f 1949/292 1950/291 212/292
f 1949/292 212/292 218/285
f 1972/289 1951/290 1950/291
f 1972/289 1952/287 1951/290
f 235/289 213/291 214/290
f 235/289 204/288 199/300
f 204/288 216/286 203/303
f 1952/287 1953/286 215/287
f 1981/281 1954/284 1953/286
f 1981/281 1980/283 1954/284
f 1980/283 1955/285 1954/284
f 1955/285 1949/292 218/285
f 212/292 243/283 218/285
f 244/281 216/286 217/284
f 1980/283 1981/281 243/283
f 2004/280 1982/282 1981/281
f 1982/282 1983/996 245/282
f 267/280 245/282 266/995
f 1934/246 201/305 244/281
f 2004/280 2005/278 267/280
f 2017/277 2006/279 2005/278
f 2006/279 2007/1636 269/279
f 270/1636 280/277 269/279
f 2017/277 2018/275 280/277
f 2031/274 2019/276 2018/275
f 2019/276 2020/955 282/276
f 294/274 282/276 293/954
f 1934/246 268/278 281/275
f 2031/274 2032/272 294/274
f 2033/273 2032/272 1990/271
f 2033/273 2034/939 296/273
f 253/271 296/273 252/1639
f 1934/246 295/272 254/270
f 1990/271 1991/270 253/271
f 1961/265 1992/268 1991/270
f 1961/265 1960/267 1992/268
f 1960/267 1993/269 1992/268
f 1993/269 1994/944 256/269
f 223/267 256/269 222/1642
f 224/265 254/270 255/268
f 1960/267 1961/265 223/267
f 3671/246 1945/264 1961/265
f 3671/246 1946/263 1945/264
f 3671/246 2738/254 1946/263
f 1945/264 208/264 207/266
f 1934/246 254/270 224/265
f 1945/264 1946/263 208/264
f 2738/254 1947/262 1946/263
f 1948/261 1947/262 2738/254
f 1963/256 1948/261 2738/254
f 2738/254 2737/255 1963/256
f 1947/262 1948/261 210/262
f 1963/256 1942/259 1948/261
f 1963/256 1962/258 1942/259
f 1962/258 1943/260 1942/259
f 1943/260 1944/266 206/260
f 206/260 224/265 225/258
f 226/256 211/261 205/259
f 1962/258 1963/256 225/258
f 2737/255 1964/257 1963/256
f 1964/257 1956/943 227/257
f 219/943 1000/255 227/257
f 226/256 1001/254 211/261
f 2737/255 2738/254 1000/255
f 3671/246 2739/253 2738/254
f 2739/253 2740/252 1002/253
f 1934/246 209/263 1001/254
f 2740/252 1003/252 1002/253
f 1079/251 1003/252 1078/860
f 1165/250 1079/251 1129/1187
f 2903/249 1166/249 1165/250
f 1766/248 1166/249 1375/847
f 1533/247 1766/248 1532/843
f 1807/245 1533/247 1534/1796
f 3544/245 3545/244 1807/245
f 3670/232 3537/243 3545/244
f 3537/243 3538/842 1800/243
f 1934/246 1808/244 1933/232
f 1800/243 1770/836 1771/242
f 3494/241 1757/241 1771/242
f 1757/241 1776/1544 1777/240
f 3509/239 1772/239 1777/240
f 1772/239 1814/1551 1809/238
f 1815/237 1809/238 1810/1558
f 1824/236 1815/237 1816/1560
f 1835/235 1824/236 1778/533
f 1848/234 1835/235 1836/835
f 1857/233 1848/234 1791/829
f 1864/231 1857/233 1858/827
f 1933/232 1865/230 1932/1795
f 3601/231 3602/230 1864/231
f 3672/81 3603/228 3602/230
f 3672/81 3001/227 3603/228
f 3672/81 2663/216 3001/227
f 2663/216 3002/226 3001/227
f 3672/81 2909/111 2663/216
f 3672/81 2318/92 2909/111
f 3001/227 3604/229 3603/228
f 3604/229 3605/663 1867/229
f 1264/227 1867/229 1263/658
f 1935/81 1865/230 1866/228
f 3001/227 3002/226 1264/227
f 2663/216 2784/218 3002/226
f 2663/216 2662/217 2784/218
f 3003/225 3004/127 1266/225
f 2828/221 1091/221 1090/222
f 1046/220 1091/221 1092/223
f 2783/220 2784/218 1046/220
f 2662/217 2785/219 2784/218
f 2661/1806 2785/219 2662/217
f 2661/1806 2662/217 924/1806
f 2662/217 925/217 924/1806
f 2661/1806 924/1806 923/1807
f 924/1806 1049/1808 923/1807
f 1049/1808 930/213 923/1807
f 2660/1807 923/1807 930/213
f 1049/1808 924/1806 1048/219
f 2786/1808 1049/1808 1048/219
f 2786/1808 2787/212 1049/1808
f 2787/212 1050/212 1049/1808
f 2787/212 2788/210 1050/212
f 2788/210 2787/212 2666/211
f 2909/111 2788/210 2666/211
f 2909/111 2789/203 2788/210
f 2909/111 2803/201 2789/203
f 2803/201 2802/202 2789/203
f 2787/212 2786/1808 2667/213
f 2786/1808 2660/1807 2667/213
f 2661/1806 2660/1807 2786/1808
f 2660/1807 2661/1806 923/1807
f 2786/1808 2785/219 2661/1806
f 2785/219 2786/1808 1048/219
f 924/1806 925/217 1048/219
f 926/216 1265/226 1047/218
f 2662/217 2663/216 925/217
f 2909/111 2664/215 2663/216
f 2909/111 2665/214 2664/215
f 1935/81 926/216 1172/111
f 2664/215 2665/214 927/215
f 2909/111 2666/211 2665/214
f 2787/212 2667/213 2666/211
f 2667/213 2660/1807 930/213
f 1050/212 930/213 1049/1808
f 2788/210 1051/210 1050/212
f 1172/111 928/214 929/211
f 2788/210 2789/203 1051/210
f 2801/204 2790/206 2789/203
f 2835/208 2781/209 2790/206
f 2781/209 2782/224 1044/209
f 1045/224 1098/208 1044/209
f 2836/207 1099/207 1098/208
f 2800/205 2801/204 1063/205
f 2789/203 2802/202 2801/204
f 1064/204 1052/203 1053/206
f 1172/111 1052/203 1066/201
f 2802/202 2803/201 1065/202
f 2909/111 2804/113 2803/201
f 2909/111 2908/112 2804/113
f 2804/113 2908/112 2857/114
f 2805/199 2804/113 2857/114
f 2857/114 2856/194 2805/199
f 2805/199 2856/194 2837/198
f 2838/197 2837/198 2856/194
f 2837/198 2799/200 2805/199
f 2799/200 2800/205 1062/200
f 1100/198 1062/200 1099/207
f 2837/198 2838/197 1100/198
f 2839/195 2838/197 2856/194
f 2855/193 2832/196 2839/195
f 2832/196 2833/192 1095/196
f 1102/195 1119/194 1101/197
f 2856/194 2857/114 1119/194
f 2856/194 2855/193 2839/195
f 1096/192 1118/193 1095/196
f 2834/191 1097/191 1096/192
f 1098/208 1093/190 1097/191
f 2830/190 2831/189 1093/190
f 2825/187 2831/189 2854/186
f 2853/185 2826/188 2825/187
f 2826/188 2827/222 1089/188
f 1047/218 1116/185 1089/188
f 1088/187 1117/186 1094/189
f 2854/186 2855/193 1117/186
f 2854/186 2853/185 2825/187
f 2852/181 2877/183 2876/184
f 2852/181 2878/182 2877/183
f 2879/177 2878/182 2852/181
f 2878/182 2879/177 1141/182
f 1115/181 1139/184 1140/183
f 2879/177 1142/177 1141/182
f 2879/177 2880/130 1142/177
f 2880/130 2879/177 2883/176
f 2850/178 2883/176 2879/177
f 2852/181 2853/185 1115/181
f 2852/181 2851/180 2879/177
f 2879/177 2851/180 2850/178
f 2858/167 1121/167 1120/114
f 2884/179 2883/176 2850/178
f 1147/179 1121/167 1113/178
f 1142/177 1113/178 1114/180
f 2880/130 1143/130 1142/177
f 2883/176 2884/179 1146/176
f 2880/130 2883/176 2882/175
f 2880/130 2882/175 2891/132
f 2882/175 2881/174 2891/132
f 2881/174 2882/175 1144/174
f 2891/132 2881/174 2888/173
f 2892/172 2891/132 2888/173
f 2892/172 2888/173 2887/171
f 2893/160 2892/172 2887/171
f 2887/171 2867/169 2893/160
f 2867/169 2873/162 2893/160
f 2892/172 2893/160 1155/172
f 2892/172 1155/172 1154/132
f 1155/172 1151/173 1154/132
f 2893/160 1156/160 1155/172
f 2887/171 2888/173 1150/171
f 2885/168 1148/168 1147/179
f 2867/169 2887/171 2886/170
f 2858/167 2868/166 2885/168
f 1130/169 1148/168 1149/170
f 1148/168 1121/167 1147/179
f 2868/166 2869/165 1131/166
f 2857/114 2870/164 2869/165
f 2871/163 2870/164 2857/114
f 2872/161 2871/163 2857/114
f 2907/115 2872/161 2857/114
f 2907/115 2894/149 2872/161
f 2894/149 2893/160 2872/161
f 2907/115 2918/117 2894/149
f 2918/117 2917/148 2894/149
f 2917/148 2916/150 2894/149
f 2907/115 2906/116 2918/117
f 2870/164 2871/163 1133/164
f 1132/165 1120/114 1121/167
f 2871/163 1134/163 1133/164
f 2871/163 2872/161 1134/163
f 2893/160 2873/162 2872/161
f 2873/162 2867/169 1136/162
f 1130/169 1156/160 1136/162
f 1170/115 1135/161 1157/149
f 2893/160 2894/149 1156/160
f 2915/151 2895/154 2894/149
f 2940/153 2895/154 2915/151
f 2914/152 2940/153 2915/151
f 2941/144 2940/153 2914/152
f 2941/144 2914/152 2913/145
f 2913/145 2914/152 1176/145
f 2914/152 1177/152 1176/145
f 2941/144 2913/145 2905/118
f 2913/145 2920/146 2905/118
f 2942/143 2941/144 2905/118
f 2943/142 2942/143 2905/118
f 2943/142 2905/118 3044/120
f 2905/118 2912/119 3044/120
f 2358/109 3044/120 2912/119
f 2358/109 2912/119 2911/110
f 3005/126 2943/142 3044/120
f 2941/144 2942/143 1204/144
f 2941/144 1204/144 1203/153
f 2940/153 2941/144 1203/153
f 2940/153 2939/155 2895/154
f 2895/154 2939/155 2934/156
f 2939/155 2940/153 1202/155
f 2939/155 1202/155 1201/140
f 2934/156 2896/159 2895/154
f 2889/133 2896/159 2934/156
f 2934/156 2933/158 2889/133
f 2889/133 2933/158 2932/134
f 2932/134 2933/158 1195/134
f 2933/158 1196/158 1195/134
f 2932/134 2890/131 2889/133
f 2931/135 2890/131 2932/134
f 2933/158 2934/156 1196/158
f 2935/157 2934/156 2939/155
f 2939/155 2938/140 2935/157
f 2938/140 2936/139 2935/157
f 2935/157 2936/139 1198/157
f 2936/139 1199/139 1198/157
f 2936/139 2929/137 1199/139
f 2929/137 2936/139 2937/138
f 3005/126 2929/137 2937/138
f 3005/126 2930/136 2929/137
f 3005/126 2890/131 2930/136
f 3005/126 2874/128 2890/131
f 2890/131 2874/128 2880/130
f 3005/126 3004/127 2874/128
f 1202/155 1198/157 1201/140
f 1197/156 1158/154 1159/159
f 2940/153 1203/153 1202/155
f 1204/144 1177/152 1203/153
f 2914/152 2915/151 1177/152
f 2894/149 2916/150 2915/151
f 2916/150 2917/148 1179/150
f 1178/151 1157/149 1158/154
f 2917/148 1180/148 1179/150
f 2917/148 2918/117 1180/148
f 2919/147 2918/117 2905/118
f 2920/146 2919/147 2905/118
f 2920/146 2913/145 1183/146
f 2913/145 1176/145 1183/146
f 1204/144 1176/145 1177/152
f 2942/143 1205/143 1204/144
f 2942/143 2943/142 1205/143
f 3005/126 2944/141 2943/142
f 3005/126 2937/138 2944/141
f 2936/139 2938/140 2937/138
f 2938/140 2939/155 1201/140
f 1201/140 1198/157 1199/139
f 2929/137 1192/137 1199/139
f 1268/126 1207/141 1200/138
f 2929/137 2930/136 1192/137
f 2890/131 2931/135 2930/136
f 2931/135 2932/134 1194/135
f 1268/126 1193/136 1153/131
f 2932/134 1195/134 1194/135
f 1152/133 1195/134 1196/158
f 2889/133 2890/131 1152/133
f 2891/132 2890/131 2880/130
f 2891/132 2892/172 1154/132
f 1143/130 1154/132 1145/175
f 2880/130 2874/128 1143/130
f 3004/127 2875/129 2874/128
f 2875/129 2876/184 1138/129
f 1116/185 1267/127 1138/129
f 1268/126 1153/131 1137/128
f 3004/127 3005/126 1267/127
f 3006/123 3005/126 3044/120
f 3044/120 3043/122 3006/123
f 2999/125 3043/122 3656/607
f 2999/125 3000/658 1262/125
f 1262/125 1919/607 1306/122
f 2998/124 1261/124 1269/123
f 1269/123 1307/120 1268/126
f 3043/122 3044/120 1306/122
f 2358/109 3045/121 3044/120
f 3045/121 3046/631 1308/121
f 621/109 1308/121 1224/390
f 1206/142 1307/120 1168/118
f 2912/119 2905/118 1175/119
f 2912/119 1175/119 1174/110
f 2918/117 2906/116 2905/118
f 1182/147 1168/118 1181/117
f 1170/115 1157/149 1181/117
f 2906/116 2907/115 1169/116
f 2857/114 2908/112 2907/115
f 1170/115 1120/114 1135/161
f 1068/199 1120/114 1067/113
f 1172/111 1066/201 1067/113
f 2908/112 2909/111 1171/112
f 2318/92 2910/108 2909/111
f 2358/109 2911/110 2910/108
f 2911/110 2912/119 1174/110
f 621/109 1174/110 1175/119
f 601/107 621/109 622/379
f 581/92 1172/111 1173/108
f 2338/107 2339/106 601/107
f 2340/94 2339/106 2318/92
f 2318/92 2326/93 2340/94
f 2326/93 2325/95 2340/94
f 2324/96 2341/105 2340/94
f 2324/96 2342/104 2341/105
f 2324/96 2343/103 2342/104
f 2342/104 2343/103 605/104
f 2344/98 2343/103 2324/96
f 2345/102 2344/98 2159/101
f 2345/102 2346/306 608/102
f 1934/246 422/101 608/102
f 2160/100 423/100 422/101
f 2161/99 424/99 423/100
f 2162/97 425/97 424/99
f 607/98 587/96 606/103
f 2340/94 2325/95 2324/96
f 2325/95 2326/93 588/95
f 587/96 603/94 604/105
f 2326/93 589/93 588/95
f 603/94 581/92 602/106
f 2326/93 2318/92 589/93
f 3672/81 2319/91 2318/92
f 3672/81 2320/90 2319/91
f 3672/81 2156/82 2320/90
f 1935/81 1172/111 581/92
f 2319/91 2320/90 582/91
f 2321/85 2320/90 2156/82
f 2156/82 2165/84 2321/85
f 2322/88 2321/85 2164/86
f 2322/88 2164/86 2163/87
f 2323/89 2322/88 2163/87
f 2323/89 2324/96 586/89
f 586/89 425/97 426/87
f 2163/87 2164/86 426/87
f 2321/85 2165/84 2164/86
f 585/88 427/86 584/85
f 584/85 419/82 583/90
f 2165/84 2156/82 428/84
f 3672/81 2157/83 2156/82
f 2157/83 2158/1793 420/83
f 421/1793 1935/81 420/83
f 1935/81 583/90 419/82


o Object.5
v 118.872025 200.152115 0.999999
v 118.618019 200.152115 0.999999
v 116.586021 200.152115 0.999999
v 113.538025 199.136124 0.999999
v 110.998016 196.850128 0.999999
v 110.236015 195.326126 0.999999
v 109.728012 193.548126 0.999999
v 109.982018 189.738113 0.999999
v 110.998016 187.198105 0.999999
v 113.030014 184.404114 0.999999
v 112.522018 184.150101 0.999999
v 110.998016 185.166107 0.999999
v 109.220016 185.674103 0.999999
v 105.664017 185.420105 0.999999
v 102.616013 183.388107 0.999999
v 101.600006 181.864105 0.999999
v 100.838013 179.578110 0.999999
v 100.838013 175.768112 0.999999
v 101.854012 173.228104 0.999999
v 103.632011 171.196106 0.999999
v 107.188011 169.672104 0.999999
v 109.474014 169.672104 0.999999
v 112.522018 170.942108 0.999999
v 114.300018 172.720108 0.999999
v 115.316025 174.752106 0.999999
v 115.570023 176.276108 0.999999
v 116.078018 176.784103 0.999999
v 116.586021 176.276108 0.999999
v 116.078018 171.450104 0.999999
v 114.554016 166.624100 0.999999
v 113.284019 164.084091 0.999999
v 121.920029 164.084091 0.999999
v 120.396027 167.386108 0.999999
v 119.126022 171.704102 0.999999
v 118.618019 175.260101 0.999999
v 119.126022 176.784103 0.999999
v 121.158020 172.466110 0.999999
v 123.444023 170.434113 0.999999
v 125.730026 169.672104 0.999999
v 129.032028 169.926102 0.999999
v 131.572021 171.196106 0.999999
v 133.604034 173.482101 0.999999
v 134.366028 175.514114 0.999999
v 134.366028 179.578110 0.999999
v 133.858032 181.356110 0.999999
v 132.588028 183.388107 0.999999
v 131.064026 184.658112 0.999999
v 129.540024 185.420105 0.999999
v 125.984024 185.674103 0.999999
v 122.682022 184.150101 0.999999
v 122.174026 184.404114 0.999999
v 124.968025 188.722107 0.999999
v 125.476028 190.500107 0.999999
v 125.476028 193.802124 0.999999
v 124.206024 196.850128 0.999999
v 122.174026 198.882126 0.999999
v 118.872025 200.152115 -0.999999
v 118.618019 200.152115 -0.999999
v 116.586021 200.152115 -0.999999
v 113.538025 199.136124 -0.999999
v 110.998016 196.850128 -0.999999
v 110.236015 195.326126 -0.999999
v 109.728012 193.548126 -0.999999
v 109.982018 189.738113 -0.999999
v 110.998016 187.198105 -0.999999
v 113.030014 184.404114 -0.999999
v 112.522018 184.150101 -0.999999
v 110.998016 185.166107 -0.999999
v 109.220016 185.674103 -0.999999
v 105.664017 185.420105 -0.999999
v 102.616013 183.388107 -0.999999
v 101.600006 181.864105 -0.999999
v 100.838013 179.578110 -0.999999
v 100.838013 175.768112 -0.999999
v 101.854012 173.228104 -0.999999
v 103.632011 171.196106 -0.999999
v 107.188011 169.672104 -0.999999
v 109.474014 169.672104 -0.999999
v 112.522018 170.942108 -0.999999
v 114.300018 172.720108 -0.999999
v 115.316025 174.752106 -0.999999
v 115.570023 176.276108 -0.999999
v 116.078018 176.784103 -0.999999
v 116.586021 176.276108 -0.999999
v 116.078018 171.450104 -0.999999
v 114.554016 166.624100 -0.999999
v 113.284019 164.084091 -0.999999
v 121.920029 164.084091 -0.999999
v 120.396027 167.386108 -0.999999
v 119.126022 171.704102 -0.999999
v 118.618019 175.260101 -0.999999
v 119.126022 176.784103 -0.999999
v 121.158020 172.466110 -0.999999
v 123.444023 170.434113 -0.999999
v 125.730026 169.672104 -0.999999
v 129.032028 169.926102 -0.999999
v 131.572021 171.196106 -0.999999
v 133.604034 173.482101 -0.999999
v 134.366028 175.514114 -0.999999
v 134.366028 179.578110 -0.999999
v 133.858032 181.356110 -0.999999
v 132.588028 183.388107 -0.999999
v 131.064026 184.658112 -0.999999
v 129.540024 185.420105 -0.999999
v 125.984024 185.674103 -0.999999
v 122.682022 184.150101 -0.999999
v 122.174026 184.404114 -0.999999
v 124.968025 188.722107 -0.999999
v 125.476028 190.500107 -0.999999
v 125.476028 193.802124 -0.999999
v 124.206024 196.850128 -0.999999
v 122.174026 198.882126 -0.999999

vt 0.209677 -0.081657
vt 0.243548 -0.066272
vt 0.201613 -0.095858
vt 0.201613 -0.111243
vt 0.204839 -0.119527
vt 0.277419 -0.071006
vt 0.222581 -0.139645
vt 0.219355 -0.140828
vt 0.162903 -0.201183
vt 0.298387 -0.088757
vt 0.293548 -0.081657
vt 0.258065 -0.066272
vt 0.245161 -0.066272
vt 0.222581 -0.072189
vt 0.150000 -0.190533
vt 0.145161 -0.181065
vt 0.198387 -0.133728
vt 0.145161 -0.162130
vt 0.148387 -0.153846
vt 0.175806 -0.134911
vt 0.166129 -0.138462
vt 0.156452 -0.144379
vt 0.179032 -0.207101
vt 0.300000 -0.114793
vt 0.301613 -0.097041
vt 0.293548 -0.126627
vt 0.200000 -0.208284
vt 0.280645 -0.139645
vt 0.283871 -0.140828
vt 0.293548 -0.136095
vt 0.241935 -0.175148
vt 0.304839 -0.133728
vt 0.327419 -0.134911
vt 0.245161 -0.182249
vt 0.261290 -0.175148
vt 0.264516 -0.177515
vt 0.266129 -0.184615
vt 0.272581 -0.194083
vt 0.346774 -0.144379
vt 0.283871 -0.202367
vt 0.303226 -0.208284
vt 0.353226 -0.151479
vt 0.358065 -0.162130
vt 0.358065 -0.179882
vt 0.317742 -0.208284
vt 0.340323 -0.201183
vt 0.351613 -0.191716
vt 0.258065 -0.177515
vt 0.241935 -0.198817
vt 0.261290 -0.200000
vt 0.270968 -0.222485
vt 0.224194 -0.234320
vt 0.233871 -0.218935
vt 0.279032 -0.234320
vt 0.229032 -0.195266
vt 0.214516 -0.204734

usemtl Mat_0
f 3727/1809 3673/1810 3726/1811
f 3673/1810 3725/1812 3726/1811
f 3782/1811 3726/1811 3725/1812
f 3781/1812 3782/1811 3725/1812
f 3781/1812 3725/1812 3724/1813
f 3725/1812 3676/1814 3724/1813
f 3676/1814 3723/1815 3724/1813
f 3780/1813 3724/1813 3723/1815
f 3779/1815 3780/1813 3723/1815
f 3779/1815 3723/1815 3722/1816
f 3713/1817 3722/1816 3723/1815
f 3713/1817 3723/1815 3678/1818
f 3678/1818 3723/1815 3677/1819
f 3734/1818 3678/1818 3677/1819
f 3733/1819 3734/1818 3677/1819
f 3733/1819 3677/1819 3676/1814
f 3732/1814 3733/1819 3676/1814
f 3732/1814 3676/1814 3675/1820
f 3731/1820 3732/1814 3675/1820
f 3731/1820 3675/1820 3674/1821
f 3725/1812 3674/1821 3675/1820
f 3730/1821 3731/1820 3674/1821
f 3730/1821 3674/1821 3673/1810
f 3729/1810 3730/1821 3673/1810
f 3729/1810 3673/1810 3728/1822
f 3784/1822 3729/1810 3728/1822
f 3784/1822 3728/1822 3727/1809
f 3783/1809 3784/1822 3727/1809
f 3729/1810 3784/1822 3783/1809
f 3783/1809 3782/1811 3729/1810
f 3781/1812 3730/1821 3729/1810
f 3781/1812 3731/1820 3730/1821
f 3732/1814 3731/1820 3781/1812
f 3781/1812 3780/1813 3732/1814
f 3779/1815 3733/1819 3732/1814
f 3734/1818 3733/1819 3779/1815
f 3769/1817 3734/1818 3779/1815
f 3769/1817 3779/1815 3778/1816
f 3778/1816 3770/1823 3769/1817
f 3769/1817 3770/1823 3713/1817
f 3770/1823 3714/1823 3713/1817
f 3770/1823 3771/1824 3714/1823
f 3771/1824 3715/1824 3714/1823
f 3715/1824 3722/1816 3714/1823
f 3722/1816 3715/1824 3721/1825
f 3721/1825 3715/1824 3716/1826
f 3772/1826 3716/1826 3715/1824
f 3772/1826 3773/1827 3716/1826
f 3773/1827 3717/1827 3716/1826
f 3720/1828 3716/1826 3717/1827
f 3720/1828 3717/1827 3719/1829
f 3719/1829 3717/1827 3718/1830
f 3774/1830 3718/1830 3717/1827
f 3774/1830 3775/1829 3718/1830
f 3775/1829 3774/1830 3773/1827
f 3776/1828 3775/1829 3773/1827
f 3775/1829 3776/1828 3719/1829
f 3775/1829 3719/1829 3718/1830
f 3776/1828 3720/1828 3719/1829
f 3776/1828 3777/1825 3720/1828
f 3777/1825 3721/1825 3720/1828
f 3777/1825 3778/1816 3721/1825
f 3778/1816 3777/1825 3771/1824
f 3777/1825 3772/1826 3771/1824
f 3777/1825 3776/1828 3772/1826
f 3773/1827 3774/1830 3717/1827
f 3776/1828 3773/1827 3772/1826
f 3721/1825 3716/1826 3720/1828
f 3778/1816 3722/1816 3721/1825
f 3771/1824 3772/1826 3715/1824
f 3769/1817 3713/1817 3712/1831
f 3680/1832 3712/1831 3713/1817
f 3680/1832 3713/1817 3679/1833
f 3736/1832 3680/1832 3679/1833
f 3735/1833 3736/1832 3679/1833
f 3735/1833 3679/1833 3678/1818
f 3736/1832 3735/1833 3769/1817
f 3736/1832 3769/1817 3768/1831
f 3737/1834 3736/1832 3768/1831
f 3737/1834 3768/1831 3767/1835
f 3767/1835 3768/1831 3711/1835
f 3768/1831 3712/1831 3711/1835
f 3681/1834 3711/1835 3712/1831
f 3711/1835 3681/1834 3682/1836
f 3738/1836 3682/1836 3681/1834
f 3737/1834 3738/1836 3681/1834
f 3737/1834 3681/1834 3680/1832
f 3738/1836 3739/1837 3682/1836
f 3739/1837 3683/1837 3682/1836
f 3739/1837 3740/1838 3683/1837
f 3740/1838 3684/1838 3683/1837
f 3708/1839 3683/1837 3684/1838
f 3685/1840 3708/1839 3684/1838
f 3741/1840 3685/1840 3684/1838
f 3741/1840 3742/1841 3685/1840
f 3742/1841 3686/1841 3685/1840
f 3686/1841 3707/1842 3685/1840
f 3707/1842 3686/1841 3699/1843
f 3699/1843 3686/1841 3698/1844
f 3686/1841 3697/1845 3698/1844
f 3754/1844 3698/1844 3697/1845
f 3753/1845 3754/1844 3697/1845
f 3753/1845 3697/1845 3696/1846
f 3697/1845 3687/1847 3696/1846
f 3687/1847 3695/1848 3696/1846
f 3752/1846 3696/1846 3695/1848
f 3751/1848 3752/1846 3695/1848
f 3751/1848 3695/1848 3694/1849
f 3688/1850 3694/1849 3695/1848
f 3694/1849 3688/1850 3689/1851
f 3745/1851 3689/1851 3688/1850
f 3744/1850 3745/1851 3688/1850
f 3744/1850 3688/1850 3687/1847
f 3743/1847 3744/1850 3687/1847
f 3743/1847 3687/1847 3686/1841
f 3744/1850 3743/1847 3751/1848
f 3744/1850 3751/1848 3750/1849
f 3750/1849 3745/1851 3744/1850
f 3746/1852 3745/1851 3750/1849
f 3750/1849 3749/1853 3746/1852
f 3746/1852 3749/1853 3748/1854
f 3748/1854 3749/1853 3692/1854
f 3749/1853 3693/1853 3692/1854
f 3690/1852 3692/1854 3693/1853
f 3694/1849 3690/1852 3693/1853
f 3750/1849 3694/1849 3693/1853
f 3692/1854 3690/1852 3691/1855
f 3747/1855 3691/1855 3690/1852
f 3746/1852 3747/1855 3690/1852
f 3746/1852 3690/1852 3689/1851
f 3747/1855 3748/1854 3691/1855
f 3748/1854 3692/1854 3691/1855
f 3748/1854 3747/1855 3746/1852
f 3749/1853 3750/1849 3693/1853
f 3745/1851 3746/1852 3689/1851
f 3690/1852 3694/1849 3689/1851
f 3750/1849 3751/1848 3694/1849
f 3743/1847 3752/1846 3751/1848
f 3753/1845 3752/1846 3743/1847
f 3743/1847 3742/1841 3753/1845
f 3688/1850 3695/1848 3687/1847
f 3752/1846 3753/1845 3696/1846
f 3742/1841 3754/1844 3753/1845
f 3755/1843 3754/1844 3742/1841
f 3763/1842 3755/1843 3742/1841
f 3755/1843 3763/1842 3756/1856
f 3756/1856 3763/1842 3762/1857
f 3762/1857 3763/1842 3706/1857
f 3763/1842 3707/1842 3706/1857
f 3700/1856 3706/1857 3707/1842
f 3701/1858 3706/1857 3700/1856
f 3757/1858 3701/1858 3700/1856
f 3756/1856 3757/1858 3700/1856
f 3756/1856 3700/1856 3699/1843
f 3757/1858 3758/1859 3701/1858
f 3758/1859 3702/1859 3701/1858
f 3702/1859 3704/1860 3701/1858
f 3701/1858 3704/1860 3705/1861
f 3761/1861 3705/1861 3704/1860
f 3760/1860 3761/1861 3704/1860
f 3760/1860 3704/1860 3703/1862
f 3759/1862 3760/1860 3703/1862
f 3759/1862 3703/1862 3702/1859
f 3758/1859 3760/1860 3759/1862
f 3757/1858 3761/1861 3760/1860
f 3762/1857 3761/1861 3757/1858
f 3761/1861 3762/1857 3705/1861
f 3702/1859 3703/1862 3704/1860
f 3758/1859 3759/1862 3702/1859
f 3758/1859 3757/1858 3760/1860
f 3706/1857 3701/1858 3705/1861
f 3763/1842 3764/1839 3707/1842
f 3764/1839 3708/1839 3707/1842
f 3764/1839 3765/1863 3708/1839
f 3765/1863 3709/1863 3708/1839
f 3709/1863 3711/1835 3708/1839
f 3711/1835 3709/1863 3710/1864
f 3766/1864 3710/1864 3709/1863
f 3766/1864 3767/1835 3710/1864
f 3767/1835 3766/1864 3765/1863
f 3765/1863 3766/1864 3709/1863
f 3765/1863 3764/1839 3767/1835
f 3767/1835 3764/1839 3739/1837
f 3741/1840 3764/1839 3763/1842
f 3741/1840 3740/1838 3764/1839
f 3762/1857 3706/1857 3705/1861
f 3757/1858 3756/1856 3762/1857
f 3755/1843 3756/1856 3699/1843
f 3754/1844 3755/1843 3698/1844
f 3687/1847 3697/1845 3686/1841
f 3755/1843 3699/1843 3698/1844
f 3699/1843 3700/1856 3707/1842
f 3742/1841 3743/1847 3686/1841
f 3742/1841 3741/1840 3763/1842
f 3685/1840 3707/1842 3708/1839
f 3711/1835 3683/1837 3708/1839
f 3740/1838 3741/1840 3684/1838
f 3764/1839 3740/1838 3739/1837
f 3767/1835 3739/1837 3738/1836
f 3711/1835 3682/1836 3683/1837
f 3767/1835 3711/1835 3710/1864
f 3767/1835 3738/1836 3737/1834
f 3736/1832 3737/1834 3680/1832
f 3681/1834 3712/1831 3680/1832
f 3768/1831 3769/1817 3712/1831
f 3771/1824 3770/1823 3778/1816
f 3769/1817 3735/1833 3734/1818
f 3734/1818 3735/1833 3678/1818
f 3713/1817 3678/1818 3679/1833
f 3722/1816 3713/1817 3714/1823
f 3778/1816 3779/1815 3722/1816
f 3732/1814 3780/1813 3779/1815
f 3723/1815 3676/1814 3677/1819
f 3676/1814 3725/1812 3675/1820
f 3780/1813 3781/1812 3724/1813
f 3729/1810 3782/1811 3781/1812
f 3782/1811 3783/1809 3726/1811
f 3725/1812 3673/1810 3674/1821
f 3783/1809 3727/1809 3726/1811
f 3673/1810 3727/1809 3728/1822


o Object.6
v 74.422058 168.656113 0.999999
v 74.168053 168.656113 0.999999
v 71.628044 168.402100 0.999999
v 70.104050 167.386108 0.999999
v 71.882050 167.894104 0.999999
v 75.184052 167.894104 0.999999
v 76.708054 167.132111 0.999999
v 77.216057 167.132111 0.999999
v 76.708054 167.894104 0.999999
v 74.422058 168.656113 -0.999999
v 74.168053 168.656113 -0.999999
v 71.628044 168.402100 -0.999999
v 70.104050 167.386108 -0.999999
v 71.882050 167.894104 -0.999999
v 75.184052 167.894104 -0.999999
v 76.708054 167.132111 -0.999999
v 77.216057 167.132111 -0.999999
v 76.708054 167.894104 -0.999999

vt 0.508065 -0.220118
vt 0.525806 -0.213018
vt 0.511290 -0.220118
vt 0.520968 -0.216568
vt 0.541936 -0.216568
vt 0.527419 -0.213018
vt 0.543548 -0.214201
vt 0.511290 -0.216568
vt 0.553226 -0.218935

usemtl Mat_0
f 3792/1865 3785/1866 3791/1867
f 3785/1866 3790/1868 3791/1867
f 3800/1867 3791/1867 3790/1868
f 3799/1868 3800/1867 3790/1868
f 3799/1868 3790/1868 3789/1869
f 3786/1870 3789/1869 3790/1868
f 3789/1869 3786/1870 3787/1871
f 3796/1871 3787/1871 3786/1870
f 3795/1870 3796/1871 3786/1870
f 3795/1870 3786/1870 3785/1866
f 3794/1866 3795/1870 3785/1866
f 3794/1866 3785/1866 3793/1872
f 3802/1872 3794/1866 3793/1872
f 3802/1872 3793/1872 3792/1865
f 3801/1865 3802/1872 3792/1865
f 3794/1866 3802/1872 3801/1865
f 3801/1865 3800/1867 3794/1866
f 3795/1870 3794/1866 3799/1868
f 3795/1870 3799/1868 3798/1869
f 3798/1869 3796/1871 3795/1870
f 3797/1873 3796/1871 3798/1869
f 3797/1873 3798/1869 3788/1873
f 3798/1869 3789/1869 3788/1873
f 3797/1873 3788/1873 3787/1871
f 3796/1871 3797/1873 3787/1871
f 3788/1873 3789/1869 3787/1871
f 3798/1869 3799/1868 3789/1869
f 3794/1866 3800/1867 3799/1868
f 3800/1867 3801/1865 3791/1867
f 3786/1870 3790/1868 3785/1866
f 3801/1865 3792/1865 3791/1867
f 3785/1866 3792/1865 3793/1872


o Object.7
v 72.136047 170.434113 0.999999
v 71.882042 170.434113 0.999999
v 71.628044 170.180099 0.999999
v 72.136047 169.672104 0.999999
v 73.660049 169.164108 0.999999
v 75.692055 169.418106 0.999999
v 75.946053 170.180099 0.999999
v 73.660049 169.672104 0.999999
v 72.136047 170.434113 -0.999999
v 71.882042 170.434113 -0.999999
v 71.628044 170.180099 -0.999999
v 72.136047 169.672104 -0.999999
v 73.660049 169.164108 -0.999999
v 75.692055 169.418106 -0.999999
v 75.946053 170.180099 -0.999999
v 73.660049 169.672104 -0.999999

vt 0.530645 -0.208284
vt 0.517742 -0.209467
vt 0.516129 -0.205917
vt 0.530645 -0.210651
vt 0.540323 -0.208284
vt 0.540323 -0.204734
vt 0.541936 -0.204734
vt 0.543548 -0.205917

usemtl Mat_0
f 3810/1874 3808/1875 3809/1876
f 3817/1876 3809/1876 3808/1875
f 3816/1875 3817/1876 3808/1875
f 3816/1875 3808/1875 3807/1877
f 3815/1877 3816/1875 3807/1877
f 3815/1877 3807/1877 3806/1878
f 3803/1879 3806/1878 3807/1877
f 3803/1879 3807/1877 3810/1874
f 3811/1879 3803/1879 3810/1874
f 3818/1874 3811/1879 3810/1874
f 3811/1879 3818/1874 3815/1877
f 3811/1879 3815/1877 3814/1878
f 3814/1878 3812/1880 3811/1879
f 3814/1878 3813/1881 3812/1880
f 3812/1880 3813/1881 3804/1880
f 3813/1881 3805/1881 3804/1880
f 3806/1878 3804/1880 3805/1881
f 3814/1878 3806/1878 3805/1881
f 3812/1880 3804/1880 3803/1879
f 3813/1881 3814/1878 3805/1881
f 3811/1879 3812/1880 3803/1879
f 3806/1878 3803/1879 3804/1880
f 3814/1878 3815/1877 3806/1878
f 3818/1874 3816/1875 3815/1877
f 3818/1874 3817/1876 3816/1875
f 3817/1876 3818/1874 3809/1876
f 3818/1874 3810/1874 3809/1876
f 3810/1874 3807/1877 3808/1875


o Object.8
v 69.342018 173.736099 0.999999
v 69.088020 173.736099 0.999999
v 68.326019 170.688110 0.999999
v 69.850021 171.450104 0.999999
v 72.390022 171.450104 0.999999
v 73.660027 170.942108 0.999999
v 77.216026 171.196106 0.999999
v 78.740028 170.180099 0.999999
v 78.740028 172.974106 0.999999
v 74.168030 172.974106 0.999999
v 73.406029 173.482101 0.999999
v 70.358017 172.974106 0.999999
v 69.342018 173.736099 -0.999999
v 69.088020 173.736099 -0.999999
v 68.326019 170.688110 -0.999999
v 69.850021 171.450104 -0.999999
v 72.390022 171.450104 -0.999999
v 73.660027 170.942108 -0.999999
v 77.216026 171.196106 -0.999999
v 78.740028 170.180099 -0.999999
v 78.740028 172.974106 -0.999999
v 74.168030 172.974106 -0.999999
v 73.406029 173.482101 -0.999999
v 70.358017 172.974106 -0.999999

vt 0.527419 -0.192899
vt 0.508065 -0.201183
vt 0.498387 -0.192899
vt 0.498387 -0.205917
vt 0.530645 -0.202367
vt 0.538710 -0.200000
vt 0.551613 -0.192899
vt 0.554839 -0.200000
vt 0.564516 -0.203550
vt 0.559677 -0.189349
vt 0.558065 -0.189349
vt 0.532258 -0.190533

usemtl Mat_0
f 3828/1882 3825/1883 3827/1884
f 3825/1883 3826/1885 3827/1884
f 3839/1884 3827/1884 3826/1885
f 3838/1885 3839/1884 3826/1885
f 3837/1883 3839/1884 3838/1885
f 3837/1883 3838/1885 3825/1883
f 3837/1883 3825/1883 3824/1886
f 3836/1886 3837/1883 3824/1886
f 3836/1886 3824/1886 3823/1887
f 3824/1886 3830/1888 3823/1887
f 3830/1888 3822/1889 3823/1887
f 3835/1887 3823/1887 3822/1889
f 3834/1889 3835/1887 3822/1889
f 3834/1889 3822/1889 3821/1890
f 3821/1890 3822/1889 3820/1891
f 3822/1889 3819/1892 3820/1891
f 3832/1891 3820/1891 3819/1892
f 3831/1892 3832/1891 3819/1892
f 3831/1892 3819/1892 3830/1888
f 3842/1888 3831/1892 3830/1888
f 3842/1888 3830/1888 3829/1893
f 3841/1893 3842/1888 3829/1893
f 3841/1893 3829/1893 3828/1882
f 3824/1886 3828/1882 3829/1893
f 3840/1882 3841/1893 3828/1882
f 3836/1886 3841/1893 3840/1882
f 3842/1888 3841/1893 3836/1886
f 3836/1886 3835/1887 3842/1888
f 3834/1889 3831/1892 3842/1888
f 3834/1889 3832/1891 3831/1892
f 3833/1890 3832/1891 3834/1889
f 3832/1891 3833/1890 3820/1891
f 3833/1890 3821/1890 3820/1891
f 3833/1890 3834/1889 3821/1890
f 3842/1888 3835/1887 3834/1889
f 3822/1889 3830/1888 3819/1892
f 3830/1888 3824/1886 3829/1893
f 3835/1887 3836/1886 3823/1887
f 3840/1882 3837/1883 3836/1886
f 3840/1882 3839/1884 3837/1883
f 3839/1884 3840/1882 3827/1884
f 3838/1885 3826/1885 3825/1883
f 3840/1882 3828/1882 3827/1884
f 3828/1882 3824/1886 3825/1883


o Object.9
v 71.374046 180.340103 0.999999
v 71.120049 180.086105 0.999999
v 70.358047 179.832108 0.999999
v 69.850044 179.070114 0.999999
v 70.104050 177.038101 0.999999
v 72.136055 176.530106 0.999999
v 75.184052 177.292114 0.999999
v 75.692055 177.800110 0.999999
v 75.692055 178.562103 0.999999
v 74.168053 178.562103 0.999999
v 71.628052 177.292114 0.999999
v 70.866051 177.546112 0.999999
v 70.612045 178.816101 0.999999
v 71.882057 179.832108 0.999999
v 71.374046 180.340103 -0.999999
v 71.120049 180.086105 -0.999999
v 70.358047 179.832108 -0.999999
v 69.850044 179.070114 -0.999999
v 70.104050 177.038101 -0.999999
v 72.136055 176.530106 -0.999999
v 75.184052 177.292114 -0.999999
v 75.692055 177.800110 -0.999999
v 75.692055 178.562103 -0.999999
v 74.168053 178.562103 -0.999999
v 71.628052 177.292114 -0.999999
v 70.866051 177.546112 -0.999999
v 70.612045 178.816101 -0.999999
v 71.882057 179.832108 -0.999999

vt 0.527419 -0.166864
vt 0.517742 -0.170414
vt 0.517742 -0.166864
vt 0.520968 -0.172781
vt 0.540323 -0.176331
vt 0.543548 -0.172781
vt 0.548387 -0.171598
vt 0.553226 -0.173965
vt 0.554839 -0.164497
vt 0.550000 -0.165680
vt 0.551613 -0.160947
vt 0.546774 -0.159763
vt 0.545161 -0.158580
vt 0.541936 -0.160947

usemtl Mat_0
f 3852/1894 3850/1895 3851/1896
f 3865/1896 3851/1896 3850/1895
f 3864/1895 3865/1896 3850/1895
f 3864/1895 3850/1895 3849/1897
f 3863/1897 3864/1895 3849/1897
f 3863/1897 3849/1897 3848/1898
f 3853/1899 3848/1898 3849/1897
f 3853/1899 3849/1897 3852/1894
f 3867/1899 3853/1899 3852/1894
f 3866/1894 3867/1899 3852/1894
f 3867/1899 3866/1894 3863/1897
f 3867/1899 3863/1897 3862/1898
f 3868/1900 3867/1899 3862/1898
f 3868/1900 3862/1898 3861/1901
f 3861/1901 3862/1898 3847/1901
f 3862/1898 3848/1898 3847/1901
f 3854/1900 3847/1901 3848/1898
f 3847/1901 3854/1900 3846/1902
f 3846/1902 3854/1900 3855/1903
f 3869/1903 3855/1903 3854/1900
f 3868/1900 3869/1903 3854/1900
f 3868/1900 3854/1900 3853/1899
f 3860/1902 3869/1903 3868/1900
f 3860/1902 3859/1904 3869/1903
f 3869/1903 3859/1904 3858/1905
f 3858/1905 3859/1904 3844/1905
f 3859/1904 3845/1904 3844/1905
f 3855/1903 3844/1905 3845/1904
f 3855/1903 3843/1906 3844/1905
f 3843/1906 3855/1903 3856/1907
f 3870/1907 3856/1907 3855/1903
f 3870/1907 3857/1906 3856/1907
f 3857/1906 3870/1907 3869/1903
f 3857/1906 3843/1906 3856/1907
f 3857/1906 3858/1905 3843/1906
f 3858/1905 3844/1905 3843/1906
f 3869/1903 3858/1905 3857/1906
f 3859/1904 3860/1902 3845/1904
f 3860/1902 3846/1902 3845/1904
f 3860/1902 3861/1901 3846/1902
f 3869/1903 3870/1907 3855/1903
f 3846/1902 3855/1903 3845/1904
f 3861/1901 3847/1901 3846/1902
f 3861/1901 3860/1902 3868/1900
f 3867/1899 3868/1900 3853/1899
f 3854/1900 3848/1898 3853/1899
f 3862/1898 3863/1897 3848/1898
f 3866/1894 3864/1895 3863/1897
f 3866/1894 3865/1896 3864/1895
f 3865/1896 3866/1894 3851/1896
f 3866/1894 3852/1894 3851/1896
f 3852/1894 3849/1897 3850/1895


o Object.10
v 43.942085 50.292030 0.999999
v 43.688080 50.292030 0.999999
v 35.306076 50.292030 0.999999
v 37.846077 43.688026 0.999999
v 38.608070 38.608025 0.999999
v 38.100075 37.592022 0.999999
v 36.068077 41.910027 0.999999
v 34.544075 43.434025 0.999999
v 31.242073 44.704025 0.999999
v 28.194069 44.450027 0.999999
v 25.654068 43.180027 0.999999
v 23.622063 40.894024 0.999999
v 22.606064 37.592022 0.999999
v 23.114067 33.528019 0.999999
v 24.384064 31.242020 0.999999
v 26.162064 29.718018 0.999999
v 27.686066 28.956017 0.999999
v 31.242073 28.702017 0.999999
v 34.544075 30.226017 0.999999
v 35.052071 29.972017 0.999999
v 32.258072 25.654015 0.999999
v 31.750076 23.876013 0.999999
v 31.750076 20.574011 0.999999
v 32.258072 18.796011 0.999999
v 33.782074 16.510010 0.999999
v 35.052071 15.494010 0.999999
v 38.354073 14.224009 0.999999
v 40.894073 14.224009 0.999999
v 43.688080 15.240009 0.999999
v 45.974083 17.272009 0.999999
v 46.990082 19.050011 0.999999
v 47.498085 21.082014 0.999999
v 47.244080 24.638016 0.999999
v 46.228081 27.178015 0.999999
v 44.196083 29.972017 0.999999
v 44.704079 30.226017 0.999999
v 46.228081 29.210016 0.999999
v 48.006081 28.702017 0.999999
v 50.292084 28.702017 0.999999
v 52.070084 29.210016 0.999999
v 53.086075 29.718018 0.999999
v 55.118088 31.750019 0.999999
v 56.388077 35.052017 0.999999
v 56.388077 38.608025 0.999999
v 54.864075 41.910027 0.999999
v 52.832077 43.688026 0.999999
v 49.784088 44.704025 0.999999
v 47.752083 44.704025 0.999999
v 44.704079 43.434025 0.999999
v 42.418076 40.894024 0.999999
v 41.656075 38.100021 0.999999
v 41.148071 37.592022 0.999999
v 40.640076 38.100021 0.999999
v 41.402077 43.942028 0.999999
v 43.942085 50.292030 -0.999999
v 43.688080 50.292030 -0.999999
v 35.306076 50.292030 -0.999999
v 37.846077 43.688026 -0.999999
v 38.608070 38.608025 -0.999999
v 38.100075 37.592022 -0.999999
v 36.068077 41.910027 -0.999999
v 34.544075 43.434025 -0.999999
v 31.242073 44.704025 -0.999999
v 28.194069 44.450027 -0.999999
v 25.654068 43.180027 -0.999999
v 23.622063 40.894024 -0.999999
v 22.606064 37.592022 -0.999999
v 23.114067 33.528019 -0.999999
v 24.384064 31.242020 -0.999999
v 26.162064 29.718018 -0.999999
v 27.686066 28.956017 -0.999999
v 31.242073 28.702017 -0.999999
v 34.544075 30.226017 -0.999999
v 35.052071 29.972017 -0.999999
v 32.258072 25.654015 -0.999999
v 31.750076 23.876013 -0.999999
v 31.750076 20.574011 -0.999999
v 32.258072 18.796011 -0.999999
v 33.782074 16.510010 -0.999999
v 35.052071 15.494010 -0.999999
v 38.354073 14.224009 -0.999999
v 40.894073 14.224009 -0.999999
v 43.688080 15.240009 -0.999999
v 45.974083 17.272009 -0.999999
v 46.990082 19.050011 -0.999999
v 47.498085 21.082014 -0.999999
v 47.244080 24.638016 -0.999999
v 46.228081 27.178015 -0.999999
v 44.196083 29.972017 -0.999999
v 44.704079 30.226017 -0.999999
v 46.228081 29.210016 -0.999999
v 48.006081 28.702017 -0.999999
v 50.292084 28.702017 -0.999999
v 52.070084 29.210016 -0.999999
v 53.086075 29.718018 -0.999999
v 55.118088 31.750019 -0.999999
v 56.388077 35.052017 -0.999999
v 56.388077 38.608025 -0.999999
v 54.864075 41.910027 -0.999999
v 52.832077 43.688026 -0.999999
v 49.784088 44.704025 -0.999999
v 47.752083 44.704025 -0.999999
v 44.704079 43.434025 -0.999999
v 42.418076 40.894024 -0.999999
v 41.656075 38.100021 -0.999999
v 41.148071 37.592022 -0.999999
v 40.640076 38.100021 -0.999999
v 41.402077 43.942028 -0.999999

vt 0.662903 -0.795266
vt 0.640323 -0.818935
vt 0.650000 -0.803550
vt 0.640323 -0.835503
vt 0.682258 -0.790533
vt 0.695161 -0.790533
vt 0.714516 -0.796450
vt 0.648387 -0.850888
vt 0.729032 -0.808284
vt 0.733871 -0.821302
vt 0.661290 -0.860355
vt 0.667742 -0.862722
vt 0.679032 -0.865089
vt 0.693548 -0.865089
vt 0.737097 -0.823669
vt 0.740323 -0.821302
vt 0.753226 -0.818935
vt 0.758065 -0.795266
vt 0.735484 -0.794083
vt 0.774194 -0.764497
vt 0.720968 -0.764497
vt 0.719355 -0.764497
vt 0.756452 -0.823669
vt 0.704839 -0.862722
vt 0.714516 -0.857988
vt 0.819355 -0.791716
vt 0.717742 -0.859172
vt 0.704839 -0.872189
vt 0.698387 -0.884024
vt 0.696774 -0.900592
vt 0.835484 -0.797633
vt 0.700000 -0.910059
vt 0.706452 -0.918343
vt 0.775806 -0.859172
vt 0.848387 -0.808284
vt 0.779032 -0.857988
vt 0.800000 -0.865089
vt 0.822581 -0.863905
vt 0.851613 -0.842604
vt 0.832258 -0.860355
vt 0.843548 -0.853254
vt 0.854839 -0.823669
vt 0.800000 -0.790533
vt 0.779032 -0.796450
vt 0.769355 -0.803550
vt 0.793548 -0.879290
vt 0.720968 -0.927811
vt 0.738710 -0.932544
vt 0.796774 -0.887574
vt 0.796774 -0.902959
vt 0.793548 -0.911243
vt 0.775806 -0.926627
vt 0.783871 -0.921893
vt 0.754839 -0.932544

usemtl Mat_0
f 3916/1908 3914/1909 3915/1910
f 3969/1910 3915/1910 3914/1909
f 3968/1909 3969/1910 3914/1909
f 3968/1909 3914/1909 3913/1911
f 3917/1912 3913/1911 3914/1909
f 3913/1911 3917/1912 3918/1913
f 3972/1913 3918/1913 3917/1912
f 3971/1912 3972/1913 3917/1912
f 3971/1912 3917/1912 3916/1908
f 3970/1908 3971/1912 3916/1908
f 3971/1912 3970/1908 3968/1909
f 3971/1912 3968/1909 3967/1911
f 3967/1911 3972/1913 3971/1912
f 3973/1914 3972/1913 3967/1911
f 3973/1914 3967/1911 3966/1915
f 3966/1915 3967/1911 3912/1915
f 3967/1911 3913/1911 3912/1915
f 3919/1914 3912/1915 3913/1911
f 3920/1916 3912/1915 3919/1914
f 3974/1916 3920/1916 3919/1914
f 3973/1914 3974/1916 3919/1914
f 3973/1914 3919/1914 3918/1913
f 3974/1916 3975/1917 3920/1916
f 3975/1917 3921/1917 3920/1916
f 3921/1917 3911/1918 3920/1916
f 3911/1918 3921/1917 3910/1919
f 3921/1917 3909/1920 3910/1919
f 3964/1919 3910/1919 3909/1920
f 3963/1920 3964/1919 3909/1920
f 3963/1920 3909/1920 3908/1921
f 3922/1922 3908/1921 3909/1920
f 3908/1921 3922/1922 3923/1923
f 3977/1923 3923/1923 3922/1922
f 3976/1922 3977/1923 3922/1922
f 3976/1922 3922/1922 3921/1917
f 3962/1921 3977/1923 3976/1922
f 3976/1922 3963/1920 3962/1921
f 3976/1922 3975/1917 3963/1920
f 3962/1921 3929/1924 3977/1923
f 3929/1924 3928/1925 3977/1923
f 3928/1925 3978/1926 3977/1923
f 3928/1925 3927/1927 3978/1926
f 3978/1926 3927/1927 3926/1928
f 3926/1928 3927/1927 3872/1928
f 3927/1927 3873/1927 3872/1928
f 3924/1926 3872/1928 3873/1927
f 3874/1925 3924/1926 3873/1927
f 3928/1925 3874/1925 3873/1927
f 3874/1925 3923/1923 3924/1926
f 3978/1926 3924/1926 3923/1923
f 3978/1926 3925/1929 3924/1926
f 3925/1929 3871/1929 3924/1926
f 3925/1929 3926/1928 3871/1929
f 3875/1924 3923/1923 3874/1925
f 3929/1924 3875/1924 3874/1925
f 3929/1924 3930/1930 3875/1924
f 3930/1930 3876/1930 3875/1924
f 3876/1930 3908/1921 3875/1924
f 3876/1930 3907/1931 3908/1921
f 3962/1921 3908/1921 3907/1931
f 3961/1931 3962/1921 3907/1931
f 3961/1931 3907/1931 3906/1932
f 3907/1931 3880/1933 3906/1932
f 3906/1932 3880/1933 3905/1934
f 3905/1934 3880/1933 3904/1935
f 3880/1933 3903/1936 3904/1935
f 3958/1935 3904/1935 3903/1936
f 3957/1936 3958/1935 3903/1936
f 3957/1936 3903/1936 3902/1937
f 3903/1936 3881/1938 3902/1937
f 3881/1938 3901/1939 3902/1937
f 3956/1937 3902/1937 3901/1939
f 3955/1939 3956/1937 3901/1939
f 3955/1939 3901/1939 3900/1940
f 3890/1941 3900/1940 3901/1939
f 3901/1939 3882/1942 3890/1941
f 3890/1941 3882/1942 3889/1943
f 3882/1942 3888/1944 3889/1943
f 3943/1943 3889/1943 3888/1944
f 3942/1944 3943/1943 3888/1944
f 3942/1944 3888/1944 3887/1945
f 3888/1944 3884/1946 3887/1945
f 3884/1946 3886/1947 3887/1945
f 3941/1945 3887/1945 3886/1947
f 3940/1947 3941/1945 3886/1947
f 3940/1947 3886/1947 3885/1948
f 3939/1948 3940/1947 3885/1948
f 3939/1948 3885/1948 3884/1946
f 3938/1946 3939/1948 3884/1946
f 3938/1946 3884/1946 3883/1949
f 3937/1949 3938/1946 3883/1949
f 3937/1949 3883/1949 3882/1942
f 3936/1942 3937/1949 3882/1942
f 3936/1942 3882/1942 3881/1938
f 3935/1938 3936/1942 3881/1938
f 3935/1938 3881/1938 3880/1933
f 3934/1933 3935/1938 3880/1933
f 3934/1933 3880/1933 3879/1950
f 3880/1933 3876/1930 3879/1950
f 3876/1930 3878/1951 3879/1950
f 3933/1950 3879/1950 3878/1951
f 3932/1951 3933/1950 3878/1951
f 3932/1951 3878/1951 3877/1952
f 3931/1952 3932/1951 3877/1952
f 3931/1952 3877/1952 3876/1930
f 3932/1951 3931/1952 3930/1930
f 3930/1930 3933/1950 3932/1951
f 3934/1933 3933/1950 3930/1930
f 3930/1930 3961/1931 3934/1933
f 3961/1931 3960/1932 3934/1933
f 3960/1932 3959/1934 3934/1933
f 3959/1934 3958/1935 3934/1933
f 3959/1934 3960/1932 3905/1934
f 3878/1951 3876/1930 3877/1952
f 3933/1950 3934/1933 3879/1950
f 3935/1938 3934/1933 3957/1936
f 3957/1936 3956/1937 3935/1938
f 3936/1942 3935/1938 3955/1939
f 3955/1939 3944/1941 3936/1942
f 3944/1941 3943/1943 3936/1942
f 3944/1941 3955/1939 3954/1940
f 3945/1953 3944/1941 3954/1940
f 3954/1940 3953/1954 3945/1953
f 3945/1953 3953/1954 3952/1955
f 3952/1955 3953/1954 3898/1955
f 3953/1954 3899/1954 3898/1955
f 3891/1953 3898/1955 3899/1954
f 3900/1940 3891/1953 3899/1954
f 3954/1940 3900/1940 3899/1954
f 3898/1955 3891/1953 3892/1956
f 3946/1956 3892/1956 3891/1953
f 3945/1953 3946/1956 3891/1953
f 3945/1953 3891/1953 3890/1941
f 3946/1956 3947/1957 3892/1956
f 3947/1957 3893/1957 3892/1956
f 3947/1957 3948/1958 3893/1957
f 3948/1958 3894/1958 3893/1957
f 3896/1959 3893/1957 3894/1958
f 3895/1960 3896/1959 3894/1958
f 3949/1960 3895/1960 3894/1958
f 3949/1960 3950/1959 3895/1960
f 3949/1960 3948/1958 3950/1959
f 3950/1959 3896/1959 3895/1960
f 3950/1959 3951/1961 3896/1959
f 3951/1961 3897/1961 3896/1959
f 3951/1961 3952/1955 3897/1961
f 3952/1955 3951/1961 3947/1957
f 3947/1957 3951/1961 3950/1959
f 3893/1957 3896/1959 3897/1961
f 3898/1955 3893/1957 3897/1961
f 3948/1958 3949/1960 3894/1958
f 3950/1959 3948/1958 3947/1957
f 3947/1957 3946/1956 3952/1955
f 3893/1957 3898/1955 3892/1956
f 3952/1955 3898/1955 3897/1961
f 3952/1955 3946/1956 3945/1953
f 3953/1954 3954/1940 3899/1954
f 3944/1941 3945/1953 3890/1941
f 3942/1944 3937/1949 3936/1942
f 3938/1946 3937/1949 3942/1944
f 3942/1944 3941/1945 3938/1946
f 3939/1948 3938/1946 3940/1947
f 3938/1946 3941/1945 3940/1947
f 3885/1948 3886/1947 3884/1946
f 3884/1946 3888/1944 3883/1949
f 3941/1945 3942/1944 3887/1945
f 3936/1942 3943/1943 3942/1944
f 3943/1943 3944/1941 3889/1943
f 3888/1944 3882/1942 3883/1949
f 3944/1941 3890/1941 3889/1943
f 3891/1953 3900/1940 3890/1941
f 3954/1940 3955/1939 3900/1940
f 3935/1938 3956/1937 3955/1939
f 3882/1942 3901/1939 3881/1938
f 3956/1937 3957/1936 3902/1937
f 3934/1933 3958/1935 3957/1936
f 3958/1935 3959/1934 3904/1935
f 3881/1938 3903/1936 3880/1933
f 3959/1934 3905/1934 3904/1935
f 3960/1932 3906/1932 3905/1934
f 3960/1932 3961/1931 3906/1932
f 3930/1930 3962/1921 3961/1931
f 3876/1930 3880/1933 3907/1931
f 3930/1930 3931/1952 3876/1930
f 3872/1928 3924/1926 3871/1929
f 3926/1928 3872/1928 3871/1929
f 3926/1928 3925/1929 3978/1926
f 3927/1927 3928/1925 3873/1927
f 3928/1925 3929/1924 3874/1925
f 3930/1930 3929/1924 3962/1921
f 3977/1923 3978/1926 3923/1923
f 3908/1921 3923/1923 3875/1924
f 3962/1921 3963/1920 3908/1921
f 3975/1917 3964/1919 3963/1920
f 3965/1918 3964/1919 3975/1917
f 3964/1919 3965/1918 3910/1919
f 3922/1922 3909/1920 3921/1917
f 3965/1918 3911/1918 3910/1919
f 3965/1918 3966/1915 3911/1918
f 3974/1916 3966/1915 3965/1918
f 3975/1917 3976/1922 3921/1917
f 3975/1917 3974/1916 3965/1918
f 3920/1916 3911/1918 3912/1915
f 3966/1915 3912/1915 3911/1918
f 3974/1916 3973/1914 3966/1915
f 3972/1913 3973/1914 3918/1913
f 3919/1914 3913/1911 3918/1913
f 3967/1911 3968/1909 3913/1911
f 3970/1908 3969/1910 3968/1909
f 3969/1910 3970/1908 3915/1910
f 3970/1908 3916/1908 3915/1910
f 3917/1912 3914/1909 3916/1908


o Object.11
v 32.512077 79.502045 0.999999
v 32.258072 79.502045 0.999999
v 31.242073 79.248047 0.999999
v 30.480072 78.232048 0.999999
v 31.750076 78.994049 0.999999
v 32.512077 78.994049 0.999999
v 32.512077 79.502045 -0.999999
v 32.258072 79.502045 -0.999999
v 31.242073 79.248047 -0.999999
v 30.480072 78.232048 -0.999999
v 31.750076 78.994049 -0.999999
v 32.512077 78.994049 -0.999999

vt 0.793548 -0.628402
vt 0.791935 -0.630769
vt 0.791935 -0.628402
vt 0.796774 -0.630769
vt 0.800000 -0.629586
vt 0.804839 -0.634320

usemtl Mat_0
f 3980/1962 3984/1963 3979/1964
f 3985/1964 3979/1964 3984/1963
f 3990/1963 3985/1964 3984/1963
f 3990/1963 3984/1963 3983/1965
f 3984/1963 3981/1966 3983/1965
f 3981/1966 3982/1967 3983/1965
f 3989/1965 3983/1965 3982/1967
f 3988/1967 3989/1965 3982/1967
f 3987/1966 3989/1965 3988/1967
f 3987/1966 3988/1967 3981/1966
f 3987/1966 3981/1966 3980/1962
f 3986/1962 3987/1966 3980/1962
f 3987/1966 3986/1962 3990/1963
f 3990/1963 3989/1965 3987/1966
f 3988/1967 3982/1967 3981/1966
f 3989/1965 3990/1963 3983/1965
f 3986/1962 3985/1964 3990/1963
f 3985/1964 3986/1962 3979/1964
f 3986/1962 3980/1962 3979/1964
f 3981/1966 3984/1963 3980/1962


o Object.12
v 86.106049 47.498028 0.999999
v 85.852051 47.498028 0.999999
v 83.820045 46.990028 0.999999
v 81.280045 46.990028 0.999999
v 79.756050 47.498028 0.999999
v 81.534050 46.482025 0.999999
v 84.328049 46.482025 0.999999
v 85.852051 46.990028 0.999999
v 86.106049 47.498028 -0.999999
v 85.852051 47.498028 -0.999999
v 83.820045 46.990028 -0.999999
v 81.280045 46.990028 -0.999999
v 79.756050 47.498028 -0.999999
v 81.534050 46.482025 -0.999999
v 84.328049 46.482025 -0.999999
v 85.852051 46.990028 -0.999999

vt 0.453226 -0.777515
vt 0.453226 -0.779882
vt 0.451613 -0.777515
vt 0.462903 -0.782248
vt 0.466129 -0.779882
vt 0.480645 -0.782248
vt 0.491935 -0.777515
vt 0.482258 -0.779882

usemtl Mat_0
f 3992/1968 3998/1969 3991/1970
f 3999/1970 3991/1970 3998/1969
f 4006/1969 3999/1970 3998/1969
f 4006/1969 3998/1969 3997/1971
f 3998/1969 3993/1972 3997/1971
f 3993/1972 3996/1973 3997/1971
f 4005/1971 3997/1971 3996/1973
f 4004/1973 4005/1971 3996/1973
f 4004/1973 3996/1973 3995/1974
f 3995/1974 3996/1973 3994/1975
f 4003/1974 3995/1974 3994/1975
f 4002/1975 4003/1974 3994/1975
f 4002/1975 3994/1975 3993/1972
f 4001/1972 4002/1975 3993/1972
f 4001/1972 3993/1972 3992/1968
f 4000/1968 4001/1972 3992/1968
f 4001/1972 4000/1968 4006/1969
f 4006/1969 4005/1971 4001/1972
f 4004/1973 4002/1975 4001/1972
f 4003/1974 4002/1975 4004/1973
f 4003/1974 4004/1973 3995/1974
f 4001/1972 4005/1971 4004/1973
f 3996/1973 3993/1972 3994/1975
f 4005/1971 4006/1969 3997/1971
f 4000/1968 3999/1970 4006/1969
f 3999/1970 4000/1968 3991/1970
f 4000/1968 3992/1968 3991/1970
f 3993/1972 3998/1969 3992/1968


o Object.13
v 83.820045 45.720028 0.999999
v 83.566048 45.720028 0.999999
v 81.788048 45.720028 0.999999
v 80.264046 44.704025 0.999999
v 81.788048 45.212029 0.999999
v 84.836044 44.704025 0.999999
v 85.090042 44.958027 0.999999
v 83.820045 45.720028 -0.999999
v 83.566048 45.720028 -0.999999
v 81.788048 45.720028 -0.999999
v 80.264046 44.704025 -0.999999
v 81.788048 45.212029 -0.999999
v 84.836044 44.704025 -0.999999
v 85.090042 44.958027 -0.999999

vt 0.466129 -0.785799
vt 0.459677 -0.790533
vt 0.458065 -0.789349
vt 0.479032 -0.788166
vt 0.488710 -0.790533
vt 0.479032 -0.785799
vt 0.467742 -0.785799

usemtl Mat_0
f 4007/1976 4012/1977 4013/1978
f 4020/1978 4013/1978 4012/1977
f 4019/1977 4020/1978 4012/1977
f 4019/1977 4012/1977 4011/1979
f 4018/1979 4019/1977 4011/1979
f 4018/1979 4011/1979 4010/1980
f 4010/1980 4011/1979 4009/1981
f 4011/1979 4008/1982 4009/1981
f 4016/1981 4009/1981 4008/1982
f 4015/1982 4016/1981 4008/1982
f 4015/1982 4008/1982 4007/1976
f 4014/1976 4015/1982 4007/1976
f 4018/1979 4015/1982 4014/1976
f 4018/1979 4016/1981 4015/1982
f 4017/1980 4016/1981 4018/1979
f 4016/1981 4017/1980 4009/1981
f 4011/1979 4007/1976 4008/1982
f 4017/1980 4010/1980 4009/1981
f 4017/1980 4018/1979 4010/1980
f 4014/1976 4019/1977 4018/1979
f 4014/1976 4020/1978 4019/1977
f 4020/1978 4014/1976 4013/1978
f 4014/1976 4007/1976 4013/1978
f 4007/1976 4011/1979 4012/1977


o Object.14
v 78.486038 44.196026 0.999999
v 78.232040 44.196026 0.999999
v 77.724045 42.164028 0.999999
v 82.296051 42.164028 0.999999
v 83.058044 41.656025 0.999999
v 86.106049 41.910027 0.999999
v 87.376053 41.148022 0.999999
v 87.884048 43.688026 0.999999
v 85.090042 43.180027 0.999999
v 83.312042 43.942028 0.999999
v 79.248047 43.688026 0.999999
v 78.486038 44.196026 -0.999999
v 78.232040 44.196026 -0.999999
v 77.724045 42.164028 -0.999999
v 82.296051 42.164028 -0.999999
v 83.058044 41.656025 -0.999999
v 86.106049 41.910027 -0.999999
v 87.376053 41.148022 -0.999999
v 87.884048 43.688026 -0.999999
v 85.090042 43.180027 -0.999999
v 83.312042 43.942028 -0.999999
v 79.248047 43.688026 -0.999999

vt 0.458065 -0.797633
vt 0.443548 -0.807101
vt 0.440323 -0.795266
vt 0.451613 -0.803550
vt 0.470968 -0.804734
vt 0.469355 -0.794083
vt 0.475806 -0.802367
vt 0.504839 -0.802367
vt 0.495161 -0.795266
vt 0.500000 -0.792899
vt 0.501613 -0.792899

usemtl Mat_0
f 4029/1983 4027/1984 4028/1985
f 4039/1985 4028/1985 4027/1984
f 4038/1984 4039/1985 4027/1984
f 4038/1984 4027/1984 4026/1986
f 4037/1986 4038/1984 4026/1986
f 4037/1986 4026/1986 4025/1987
f 4030/1988 4025/1987 4026/1986
f 4030/1988 4026/1986 4029/1983
f 4041/1988 4030/1988 4029/1983
f 4040/1983 4041/1988 4029/1983
f 4041/1988 4040/1983 4037/1986
f 4041/1988 4037/1986 4036/1987
f 4035/1989 4041/1988 4036/1987
f 4035/1989 4036/1987 4024/1989
f 4036/1987 4025/1987 4024/1989
f 4035/1989 4024/1989 4023/1990
f 4031/1991 4023/1990 4024/1989
f 4031/1991 4024/1989 4030/1988
f 4042/1991 4031/1991 4030/1988
f 4042/1991 4032/1992 4031/1991
f 4032/1992 4021/1992 4031/1991
f 4032/1992 4033/1993 4021/1992
f 4033/1993 4022/1993 4021/1992
f 4023/1990 4021/1992 4022/1993
f 4034/1990 4023/1990 4022/1993
f 4033/1993 4034/1990 4022/1993
f 4034/1990 4033/1993 4032/1992
f 4034/1990 4032/1992 4042/1991
f 4042/1991 4035/1989 4034/1990
f 4023/1990 4031/1991 4021/1992
f 4034/1990 4035/1989 4023/1990
f 4042/1991 4041/1988 4035/1989
f 4041/1988 4042/1991 4030/1988
f 4024/1989 4025/1987 4030/1988
f 4036/1987 4037/1986 4025/1987
f 4040/1983 4038/1984 4037/1986
f 4040/1983 4039/1985 4038/1984
f 4039/1985 4040/1983 4028/1985
f 4040/1983 4029/1983 4028/1985
f 4029/1983 4026/1986 4027/1984


o Object.15
v 85.090042 38.608025 0.999999
v 84.836044 38.608025 0.999999
v 83.058044 37.846024 0.999999
v 81.280045 37.846024 0.999999
v 80.772049 37.338024 0.999999
v 80.772049 36.576023 0.999999
v 81.788040 36.068024 0.999999
v 84.328049 37.592022 0.999999
v 85.344040 37.592022 0.999999
v 85.852051 37.084023 0.999999
v 85.852051 36.322021 0.999999
v 84.836044 35.052017 0.999999
v 85.852051 35.306023 0.999999
v 86.614044 36.576023 0.999999
v 86.360046 37.846024 0.999999
v 85.090042 38.608025 -0.999999
v 84.836044 38.608025 -0.999999
v 83.058044 37.846024 -0.999999
v 81.280045 37.846024 -0.999999
v 80.772049 37.338024 -0.999999
v 80.772049 36.576023 -0.999999
v 81.788040 36.068024 -0.999999
v 84.328049 37.592022 -0.999999
v 85.344040 37.592022 -0.999999
v 85.852051 37.084023 -0.999999
v 85.852051 36.322021 -0.999999
v 84.836044 35.052017 -0.999999
v 85.852051 35.306023 -0.999999
v 86.614044 36.576023 -0.999999
v 86.360046 37.846024 -0.999999

vt 0.448387 -0.828402
vt 0.458065 -0.818935
vt 0.459677 -0.818935
vt 0.450000 -0.822485
vt 0.453226 -0.834320
vt 0.453226 -0.826035
vt 0.456452 -0.823669
vt 0.462903 -0.823669
vt 0.470968 -0.822485
vt 0.479032 -0.830769
vt 0.485484 -0.828402
vt 0.485484 -0.824852
vt 0.482258 -0.822485
vt 0.453226 -0.829586
vt 0.459677 -0.835503

usemtl Mat_0
f 4056/1994 4043/1995 4044/1996
f 4059/1996 4044/1996 4043/1995
f 4058/1995 4059/1996 4043/1995
f 4058/1995 4043/1995 4057/1997
f 4072/1997 4058/1995 4057/1997
f 4072/1997 4057/1997 4056/1994
f 4071/1994 4072/1997 4056/1994
f 4071/1994 4056/1994 4055/1998
f 4052/1999 4055/1998 4056/1994
f 4051/2000 4052/1999 4056/1994
f 4067/1999 4052/1999 4051/2000
f 4066/2000 4067/1999 4051/2000
f 4066/2000 4051/2000 4050/2001
f 4051/2000 4045/2002 4050/2001
f 4045/2002 4049/2003 4050/2001
f 4065/2001 4050/2001 4049/2003
f 4064/2003 4065/2001 4049/2003
f 4064/2003 4049/2003 4048/2004
f 4048/2004 4049/2003 4047/2005
f 4049/2003 4046/2006 4047/2005
f 4062/2005 4047/2005 4046/2006
f 4061/2006 4062/2005 4046/2006
f 4061/2006 4046/2006 4045/2002
f 4060/2002 4061/2006 4045/2002
f 4060/2002 4045/2002 4044/1996
f 4064/2003 4061/2006 4060/2002
f 4064/2003 4062/2005 4061/2006
f 4063/2004 4062/2005 4064/2003
f 4062/2005 4063/2004 4047/2005
f 4063/2004 4048/2004 4047/2005
f 4063/2004 4064/2003 4048/2004
f 4060/2002 4065/2001 4064/2003
f 4066/2000 4065/2001 4060/2002
f 4060/2002 4059/1996 4066/2000
f 4066/2000 4059/1996 4071/1994
f 4049/2003 4045/2002 4046/2006
f 4045/2002 4051/2000 4044/1996
f 4065/2001 4066/2000 4050/2001
f 4066/2000 4071/1994 4067/1999
f 4067/1999 4071/1994 4070/1998
f 4070/1998 4068/2007 4067/1999
f 4069/2008 4068/2007 4070/1998
f 4069/2008 4070/1998 4054/2008
f 4070/1998 4055/1998 4054/2008
f 4054/2008 4055/1998 4053/2007
f 4069/2008 4054/2008 4053/2007
f 4068/2007 4069/2008 4053/2007
f 4068/2007 4053/2007 4052/1999
f 4067/1999 4068/2007 4052/1999
f 4055/1998 4052/1999 4053/2007
f 4070/1998 4071/1994 4055/1998
f 4058/1995 4072/1997 4071/1994
f 4071/1994 4059/1996 4058/1995
f 4059/1996 4060/2002 4044/1996
f 4051/2000 4056/1994 4044/1996
f 4043/1995 4056/1994 4057/1997


o Object.16
v 91.476357 29.645416 0.999999
v 91.643257 29.311617 0.999999
v 91.694061 29.464018 0.999999
v 91.476357 29.645416 -0.999999
v 91.643257 29.311617 -0.999999
v 91.694061 29.464018 -0.999999

vt 0.417512 -0.860693
vt 0.416452 -0.862248
vt 0.416129 -0.861538

usemtl Mat_0
f 4073/2009 4074/2010 4075/2011
f 4078/2011 4075/2011 4074/2010
f 4077/2010 4078/2011 4074/2010
f 4076/2009 4078/2011 4077/2010
f 4076/2009 4077/2010 4073/2009
f 4078/2011 4076/2009 4075/2011
f 4076/2009 4073/2009 4075/2011
f 4077/2010 4074/2010 4073/2009


o Object.17
v 9.398102 34.036018 0.999999
v 9.652100 33.782021 0.999999
v 9.144104 33.782021 0.999999
v 9.144104 42.164028 0.999999
v 8.890106 42.164028 0.999999
v 5.842102 42.164028 0.999999
v 6.858109 39.370022 0.999999
v 6.858109 37.084023 0.999999
v 6.096100 38.608025 0.999999
v 4.318100 39.878021 0.999999
v 3.048096 39.878021 0.999999
v 2.032104 39.370022 0.999999
v 0.762100 37.592022 0.999999
v 1.016098 34.798019 0.999999
v 2.286102 33.528019 0.999999
v 5.588104 33.528019 0.999999
v 4.318100 31.496019 0.999999
v 4.318100 29.718018 0.999999
v 5.334106 27.940018 0.999999
v 7.112106 27.178015 0.999999
v 9.144104 27.686018 0.999999
v 10.414108 29.210016 0.999999
v 10.414108 32.004021 0.999999
v 9.398102 33.528019 0.999999
v 9.906097 33.782021 0.999999
v 10.668106 33.274017 0.999999
v 11.938095 33.274017 0.999999
v 12.954102 33.782021 0.999999
v 13.716095 34.544018 0.999999
v 14.224106 36.322021 0.999999
v 13.970108 38.100021 0.999999
v 12.954102 39.370022 0.999999
v 11.938095 39.878021 0.999999
v 10.414108 39.878021 0.999999
v 9.398102 39.370022 0.999999
v 8.382095 37.338024 0.999999
v 7.874100 37.338024 0.999999
v 8.128098 39.878021 0.999999
v 9.398102 34.036018 -0.999999
v 9.652100 33.782021 -0.999999
v 9.144104 33.782021 -0.999999
v 9.144104 42.164028 -0.999999
v 8.890106 42.164028 -0.999999
v 5.842102 42.164028 -0.999999
v 6.858109 39.370022 -0.999999
v 6.858109 37.084023 -0.999999
v 6.096100 38.608025 -0.999999
v 4.318100 39.878021 -0.999999
v 3.048096 39.878021 -0.999999
v 2.032104 39.370022 -0.999999
v 0.762100 37.592022 -0.999999
v 1.016098 34.798019 -0.999999
v 2.286102 33.528019 -0.999999
v 5.588104 33.528019 -0.999999
v 4.318100 31.496019 -0.999999
v 4.318100 29.718018 -0.999999
v 5.334106 27.940018 -0.999999
v 7.112106 27.178015 -0.999999
v 9.144104 27.686018 -0.999999
v 10.414108 29.210016 -0.999999
v 10.414108 32.004021 -0.999999
v 9.398102 33.528019 -0.999999
v 9.906097 33.782021 -0.999999
v 10.668106 33.274017 -0.999999
v 11.938095 33.274017 -0.999999
v 12.954102 33.782021 -0.999999
v 13.716095 34.544018 -0.999999
v 14.224106 36.322021 -0.999999
v 13.970108 38.100021 -0.999999
v 12.954102 39.370022 -0.999999
v 11.938095 39.878021 -0.999999
v 10.414108 39.878021 -0.999999
v 9.398102 39.370022 -0.999999
v 8.382095 37.338024 -0.999999
v 7.874100 37.338024 -0.999999
v 8.128098 39.878021 -0.999999

vt 0.979032 -0.813018
vt 0.991935 -0.836686
vt 0.970968 -0.813018
vt 0.959677 -0.818935
vt 0.954839 -0.826035
vt 0.962903 -0.842604
vt 0.948387 -0.824852
vt 0.945161 -0.824852
vt 0.938710 -0.815385
vt 0.932258 -0.813018
vt 0.922581 -0.813018
vt 0.970968 -0.860355
vt 0.970968 -0.852071
vt 0.983871 -0.842604
vt 0.993548 -0.823669
vt 0.985484 -0.815385
vt 0.946774 -0.813018
vt 0.940323 -0.802367
vt 0.941935 -0.802367
vt 0.954839 -0.815385
vt 0.961290 -0.802367
vt 0.964516 -0.868639
vt 0.940323 -0.841420
vt 0.938710 -0.842604
vt 0.937097 -0.841420
vt 0.916129 -0.815385
vt 0.938710 -0.840237
vt 0.909677 -0.821302
vt 0.908064 -0.829586
vt 0.930645 -0.843787
vt 0.935484 -0.841420
vt 0.932258 -0.849704
vt 0.953226 -0.872189
vt 0.932258 -0.862722
vt 0.940323 -0.869823
vt 0.922581 -0.843787
vt 0.916129 -0.841420
vt 0.911290 -0.837870

usemtl Mat_0
f 4089/2012 4092/2013 4088/2014
f 4092/2013 4087/2015 4088/2014
f 4126/2014 4088/2014 4087/2015
f 4125/2015 4126/2014 4087/2015
f 4125/2015 4087/2015 4086/2016
f 4087/2015 4094/2017 4086/2016
f 4086/2016 4094/2017 4115/2018
f 4094/2017 4114/2019 4115/2018
f 4153/2018 4115/2018 4114/2019
f 4152/2019 4153/2018 4114/2019
f 4152/2019 4114/2019 4113/2020
f 4114/2019 4112/2021 4113/2020
f 4151/2020 4113/2020 4112/2021
f 4150/2021 4151/2020 4112/2021
f 4150/2021 4112/2021 4111/2022
f 4096/2023 4111/2022 4112/2021
f 4096/2023 4112/2021 4095/2024
f 4134/2023 4096/2023 4095/2024
f 4133/2024 4134/2023 4095/2024
f 4133/2024 4095/2024 4094/2017
f 4132/2017 4133/2024 4094/2017
f 4132/2017 4094/2017 4093/2025
f 4131/2025 4132/2017 4093/2025
f 4131/2025 4093/2025 4092/2013
f 4130/2013 4131/2025 4092/2013
f 4130/2013 4092/2013 4091/2026
f 4092/2013 4090/2027 4091/2026
f 4129/2026 4091/2026 4090/2027
f 4128/2027 4129/2026 4090/2027
f 4128/2027 4090/2027 4089/2012
f 4127/2012 4128/2027 4089/2012
f 4128/2027 4127/2012 4130/2013
f 4127/2012 4126/2014 4130/2013
f 4130/2013 4129/2026 4128/2027
f 4129/2026 4130/2013 4091/2026
f 4125/2015 4131/2025 4130/2013
f 4132/2017 4131/2025 4125/2015
f 4125/2015 4124/2016 4132/2017
f 4124/2016 4153/2018 4132/2017
f 4124/2016 4154/2028 4153/2018
f 4120/2029 4154/2028 4124/2016
f 4121/2030 4120/2029 4124/2016
f 4124/2016 4123/2031 4121/2030
f 4123/2031 4122/2032 4121/2030
f 4121/2030 4122/2032 4083/2030
f 4122/2032 4084/2032 4083/2030
f 4085/2031 4083/2030 4084/2032
f 4123/2031 4085/2031 4084/2032
f 4086/2016 4083/2030 4085/2031
f 4124/2016 4086/2016 4085/2031
f 4083/2030 4086/2016 4082/2029
f 4082/2029 4086/2016 4116/2028
f 4120/2029 4082/2029 4116/2028
f 4121/2030 4083/2030 4082/2029
f 4122/2032 4123/2031 4084/2032
f 4123/2031 4124/2016 4085/2031
f 4120/2029 4121/2030 4082/2029
f 4154/2028 4120/2029 4116/2028
f 4154/2028 4116/2028 4115/2018
f 4133/2024 4132/2017 4152/2019
f 4150/2021 4133/2024 4152/2019
f 4134/2023 4133/2024 4150/2021
f 4134/2023 4150/2021 4149/2022
f 4135/2033 4134/2023 4149/2022
f 4149/2022 4119/2034 4135/2033
f 4135/2033 4119/2034 4140/2035
f 4140/2035 4119/2034 4118/2036
f 4118/2036 4119/2034 4080/2036
f 4119/2034 4081/2034 4080/2036
f 4102/2035 4080/2036 4081/2034
f 4097/2033 4102/2035 4081/2034
f 4111/2022 4097/2033 4081/2034
f 4111/2022 4081/2034 4110/2037
f 4081/2034 4079/2038 4110/2037
f 4079/2038 4109/2039 4110/2037
f 4148/2037 4110/2037 4109/2039
f 4147/2039 4148/2037 4109/2039
f 4147/2039 4109/2039 4108/2040
f 4104/2041 4108/2040 4109/2039
f 4104/2041 4109/2039 4103/2042
f 4109/2039 4080/2036 4103/2042
f 4142/2041 4104/2041 4103/2042
f 4141/2042 4142/2041 4103/2042
f 4141/2042 4103/2042 4102/2035
f 4140/2035 4141/2042 4102/2035
f 4140/2035 4102/2035 4101/2043
f 4102/2035 4098/2044 4101/2043
f 4098/2044 4100/2045 4101/2043
f 4139/2043 4101/2043 4100/2045
f 4138/2045 4139/2043 4100/2045
f 4138/2045 4100/2045 4099/2046
f 4137/2046 4138/2045 4099/2046
f 4137/2046 4099/2046 4098/2044
f 4136/2044 4137/2046 4098/2044
f 4136/2044 4098/2044 4097/2033
f 4135/2033 4136/2044 4097/2033
f 4135/2033 4097/2033 4096/2023
f 4138/2045 4137/2046 4136/2044
f 4136/2044 4139/2043 4138/2045
f 4140/2035 4139/2043 4136/2044
f 4100/2045 4098/2044 4099/2046
f 4139/2043 4140/2035 4101/2043
f 4142/2041 4141/2042 4147/2039
f 4147/2039 4141/2042 4118/2036
f 4147/2039 4118/2036 4117/2038
f 4117/2038 4118/2036 4079/2038
f 4142/2041 4147/2039 4146/2040
f 4146/2040 4143/2047 4142/2041
f 4144/2048 4143/2047 4146/2040
f 4144/2048 4146/2040 4145/2049
f 4145/2049 4146/2040 4107/2049
f 4146/2040 4108/2040 4107/2049
f 4106/2048 4107/2049 4108/2040
f 4106/2048 4108/2040 4105/2047
f 4144/2048 4106/2048 4105/2047
f 4145/2049 4107/2049 4106/2048
f 4144/2048 4145/2049 4106/2048
f 4143/2047 4144/2048 4105/2047
f 4143/2047 4105/2047 4104/2041
f 4142/2041 4143/2047 4104/2041
f 4108/2040 4104/2041 4105/2047
f 4146/2040 4147/2039 4108/2040
f 4117/2038 4148/2037 4147/2039
f 4119/2034 4148/2037 4117/2038
f 4148/2037 4149/2022 4110/2037
f 4109/2039 4079/2038 4080/2036
f 4117/2038 4079/2038 4081/2034
f 4149/2022 4111/2022 4110/2037
f 4098/2044 4102/2035 4097/2033
f 4103/2042 4080/2036 4102/2035
f 4119/2034 4117/2038 4081/2034
f 4118/2036 4080/2036 4079/2038
f 4141/2042 4140/2035 4118/2036
f 4136/2044 4135/2033 4140/2035
f 4149/2022 4148/2037 4119/2034
f 4134/2023 4135/2033 4096/2023
f 4097/2033 4111/2022 4096/2023
f 4149/2022 4150/2021 4111/2022
f 4152/2019 4151/2020 4150/2021
f 4112/2021 4114/2019 4095/2024
f 4151/2020 4152/2019 4113/2020
f 4132/2017 4153/2018 4152/2019
f 4153/2018 4154/2028 4115/2018
f 4095/2024 4114/2019 4094/2017
f 4086/2016 4115/2018 4116/2028
f 4094/2017 4087/2015 4093/2025
f 4124/2016 4125/2015 4086/2016
f 4130/2013 4126/2014 4125/2015
f 4126/2014 4127/2012 4088/2014
f 4087/2015 4092/2013 4093/2025
f 4127/2012 4089/2012 4088/2014
f 4090/2027 4092/2013 4089/2012


o Object.18
v 10.160095 18.288012 0.999999
v 10.160095 18.034012 0.999999
v 9.906097 4.826003 0.999999
v 8.382095 3.048002 0.999999
v 6.858109 2.793992 0.999999
v 5.080109 4.064003 0.999999
v 4.572098 5.842003 0.999999
v 4.572098 14.224009 0.999999
v 7.112106 15.748010 0.999999
v 9.652100 18.288012 0.999999
v 6.604095 22.352013 0.999999
v 8.128098 22.098013 0.999999
v 8.382095 22.098013 0.999999
v 8.890106 21.590014 0.999999
v 8.636108 20.828012 0.999999
v 6.350098 18.288012 0.999999
v 4.826096 17.272009 0.999999
v 4.826096 20.828012 0.999999
v 14.986099 24.638016 0.999999
v 14.732101 24.638016 0.999999
v 12.954102 24.638016 0.999999
v 10.922104 23.622013 0.999999
v 8.636108 24.638016 0.999999
v 5.588104 24.638016 0.999999
v 4.318100 24.130014 0.999999
v 3.048096 22.860014 0.999999
v 2.286102 21.336014 0.999999
v 2.032104 16.764009 0.999999
v 0.000107 16.510010 0.999999
v 0.000107 13.716008 0.999999
v 2.032104 13.462008 0.999999
v 2.540100 3.302002 0.999999
v 4.572098 0.761999 0.999999
v 6.096100 0.000000 0.999999
v 9.398102 0.253991 0.999999
v 11.430099 1.778001 0.999999
v 12.446106 3.556002 0.999999
v 12.700104 6.858004 0.999999
v 12.192108 21.336014 0.999999
v 12.954102 21.844013 0.999999
v 14.986099 22.098013 0.999999
v 10.160095 18.288012 -0.999999
v 10.160095 18.034012 -0.999999
v 9.906097 4.826003 -0.999999
v 8.382095 3.048002 -0.999999
v 6.858109 2.793992 -0.999999
v 5.080109 4.064003 -0.999999
v 4.572098 5.842003 -0.999999
v 4.572098 14.224009 -0.999999
v 7.112106 15.748010 -0.999999
v 9.652100 18.288012 -0.999999
v 6.604095 22.352013 -0.999999
v 8.128098 22.098013 -0.999999
v 8.382095 22.098013 -0.999999
v 8.890106 21.590014 -0.999999
v 8.636108 20.828012 -0.999999
v 6.350098 18.288012 -0.999999
v 4.826096 17.272009 -0.999999
v 4.826096 20.828012 -0.999999
v 14.986099 24.638016 -0.999999
v 14.732101 24.638016 -0.999999
v 12.954102 24.638016 -0.999999
v 10.922104 23.622013 -0.999999
v 8.636108 24.638016 -0.999999
v 5.588104 24.638016 -0.999999
v 4.318100 24.130014 -0.999999
v 3.048096 22.860014 -0.999999
v 2.286102 21.336014 -0.999999
v 2.032104 16.764009 -0.999999
v 0.000107 16.510010 -0.999999
v 0.000107 13.716008 -0.999999
v 2.032104 13.462008 -0.999999
v 2.540100 3.302002 -0.999999
v 4.572098 0.761999 -0.999999
v 6.096100 0.000000 -0.999999
v 9.398102 0.253991 -0.999999
v 11.430099 1.778001 -0.999999
v 12.446106 3.556002 -0.999999
v 12.700104 6.858004 -0.999999
v 12.192108 21.336014 -0.999999
v 12.954102 21.844013 -0.999999
v 14.986099 22.098013 -0.999999

vt 0.919355 -0.982248
vt 0.938710 -0.997633
vt 0.925806 -0.990533
vt 0.959677 -0.998817
vt 0.969355 -0.995266
vt 0.945161 -0.984615
vt 0.917742 -0.966864
vt 0.954839 -0.985799
vt 0.966129 -0.979882
vt 0.982258 -0.983432
vt 0.985484 -0.936095
vt 0.969355 -0.971598
vt 0.969355 -0.932544
vt 0.916129 -0.884024
vt 0.904839 -0.884024
vt 0.903226 -0.884024
vt 0.929032 -0.888757
vt 0.943548 -0.901775
vt 0.958065 -0.913609
vt 0.941935 -0.898225
vt 0.945161 -0.895858
vt 0.943548 -0.884024
vt 0.946774 -0.895858
vt 0.956452 -0.894675
vt 0.967742 -0.901775
vt 0.967742 -0.918343
vt 0.998387 -0.934911
vt 0.985484 -0.920710
vt 0.983871 -0.899408
vt 0.979032 -0.892308
vt 0.970968 -0.886391
vt 0.962903 -0.884024
vt 0.998387 -0.921893
vt 0.920968 -0.899408
vt 0.916129 -0.897041
vt 0.935484 -0.976331
vt 0.933871 -0.914793
vt 0.933871 -0.913609
vt 0.937097 -0.913609
vt 0.953226 -0.925444
vt 0.903226 -0.895858

usemtl Mat_0
f 4191/2050 4189/2051 4190/2052
f 4231/2052 4190/2052 4189/2051
f 4230/2051 4231/2052 4189/2051
f 4230/2051 4189/2051 4188/2053
f 4229/2053 4230/2051 4188/2053
f 4229/2053 4188/2053 4187/2054
f 4158/2055 4187/2054 4188/2053
f 4192/2056 4158/2055 4188/2053
f 4192/2056 4188/2053 4191/2050
f 4233/2056 4192/2056 4191/2050
f 4232/2050 4233/2056 4191/2050
f 4233/2056 4232/2050 4229/2053
f 4233/2056 4229/2053 4199/2055
f 4199/2055 4229/2053 4228/2054
f 4228/2054 4200/2057 4199/2055
f 4199/2055 4200/2057 4158/2055
f 4200/2057 4159/2057 4158/2055
f 4200/2057 4201/2058 4159/2057
f 4201/2058 4160/2058 4159/2057
f 4160/2058 4187/2054 4159/2057
f 4160/2058 4186/2059 4187/2054
f 4228/2054 4187/2054 4186/2059
f 4227/2059 4228/2054 4186/2059
f 4227/2059 4186/2059 4185/2060
f 4161/2061 4185/2060 4186/2059
f 4185/2060 4161/2061 4162/2062
f 4203/2062 4162/2062 4161/2061
f 4202/2061 4203/2062 4161/2061
f 4202/2061 4161/2061 4160/2058
f 4226/2060 4203/2062 4202/2061
f 4202/2061 4227/2059 4226/2060
f 4202/2061 4201/2058 4227/2059
f 4226/2060 4216/2063 4203/2062
f 4216/2063 4215/2064 4203/2062
f 4203/2062 4215/2064 4214/2065
f 4214/2065 4215/2064 4173/2065
f 4215/2064 4174/2064 4173/2065
f 4162/2062 4173/2065 4174/2064
f 4175/2063 4162/2062 4174/2064
f 4216/2063 4175/2063 4174/2064
f 4216/2063 4217/2066 4175/2063
f 4217/2066 4176/2066 4175/2063
f 4176/2066 4169/2067 4175/2063
f 4169/2067 4185/2060 4175/2063
f 4185/2060 4169/2067 4170/2068
f 4211/2068 4170/2068 4169/2067
f 4210/2067 4211/2068 4169/2067
f 4210/2067 4169/2067 4168/2069
f 4209/2069 4210/2067 4168/2069
f 4209/2069 4168/2069 4167/2070
f 4168/2069 4177/2071 4167/2070
f 4167/2070 4177/2071 4166/2072
f 4166/2072 4177/2071 4165/2073
f 4177/2071 4172/2074 4165/2073
f 4206/2073 4165/2073 4172/2074
f 4213/2074 4206/2073 4172/2074
f 4213/2074 4172/2074 4171/2075
f 4172/2074 4184/2076 4171/2075
f 4184/2076 4170/2068 4171/2075
f 4212/2075 4171/2075 4170/2068
f 4184/2076 4172/2074 4182/2077
f 4172/2074 4181/2078 4182/2077
f 4223/2077 4182/2077 4181/2078
f 4222/2078 4223/2077 4181/2078
f 4222/2078 4181/2078 4180/2079
f 4179/2080 4180/2079 4181/2078
f 4179/2080 4181/2078 4178/2081
f 4220/2080 4179/2080 4178/2081
f 4219/2081 4220/2080 4178/2081
f 4219/2081 4178/2081 4177/2071
f 4218/2071 4219/2081 4177/2071
f 4218/2071 4177/2071 4176/2066
f 4219/2081 4218/2071 4213/2074
f 4222/2078 4219/2081 4213/2074
f 4220/2080 4219/2081 4222/2078
f 4220/2080 4222/2078 4221/2079
f 4220/2080 4221/2079 4179/2080
f 4221/2079 4180/2079 4179/2080
f 4221/2079 4222/2078 4180/2079
f 4213/2074 4223/2077 4222/2078
f 4225/2076 4223/2077 4213/2074
f 4213/2074 4212/2075 4225/2076
f 4225/2076 4212/2075 4211/2068
f 4211/2068 4226/2060 4225/2076
f 4225/2076 4226/2060 4184/2076
f 4226/2060 4185/2060 4184/2076
f 4225/2076 4184/2076 4183/2082
f 4224/2082 4225/2076 4183/2082
f 4224/2082 4183/2082 4182/2077
f 4223/2077 4225/2076 4224/2082
f 4223/2077 4224/2082 4182/2077
f 4181/2078 4172/2074 4178/2081
f 4182/2077 4183/2082 4184/2076
f 4212/2075 4213/2074 4171/2075
f 4218/2071 4206/2073 4213/2074
f 4207/2072 4206/2073 4218/2071
f 4208/2070 4207/2072 4218/2071
f 4209/2069 4208/2070 4218/2071
f 4218/2071 4217/2066 4209/2069
f 4207/2072 4208/2070 4166/2072
f 4206/2073 4207/2072 4165/2073
f 4178/2081 4172/2074 4177/2071
f 4207/2072 4166/2072 4165/2073
f 4208/2070 4167/2070 4166/2072
f 4177/2071 4168/2069 4176/2066
f 4208/2070 4209/2069 4167/2070
f 4217/2066 4210/2067 4209/2069
f 4226/2060 4211/2068 4210/2067
f 4211/2068 4212/2075 4170/2068
f 4170/2068 4184/2076 4185/2060
f 4176/2066 4168/2069 4169/2067
f 4217/2066 4218/2071 4176/2066
f 4217/2066 4216/2063 4210/2067
f 4162/2062 4193/2083 4173/2065
f 4194/2084 4173/2065 4193/2083
f 4235/2084 4194/2084 4193/2083
f 4234/2083 4235/2084 4193/2083
f 4234/2083 4193/2083 4192/2056
f 4193/2083 4157/2085 4192/2056
f 4157/2085 4193/2083 4156/2086
f 4156/2086 4193/2083 4155/2087
f 4155/2087 4193/2083 4164/2088
f 4164/2088 4193/2083 4163/2089
f 4205/2088 4164/2088 4163/2089
f 4204/2089 4205/2088 4163/2089
f 4204/2089 4163/2089 4162/2062
f 4205/2088 4204/2089 4234/2083
f 4234/2083 4204/2089 4203/2062
f 4196/2087 4205/2088 4234/2083
f 4197/2086 4196/2087 4234/2083
f 4198/2085 4197/2086 4234/2083
f 4234/2083 4233/2056 4198/2085
f 4197/2086 4198/2085 4156/2086
f 4196/2087 4197/2086 4155/2087
f 4205/2088 4196/2087 4164/2088
f 4196/2087 4155/2087 4164/2088
f 4197/2086 4156/2086 4155/2087
f 4198/2085 4157/2085 4156/2086
f 4198/2085 4199/2055 4157/2085
f 4235/2084 4234/2083 4214/2065
f 4214/2065 4236/2090 4235/2084
f 4236/2090 4214/2065 4195/2090
f 4236/2090 4195/2090 4194/2084
f 4235/2084 4236/2090 4194/2084
f 4173/2065 4194/2084 4195/2090
f 4193/2083 4162/2062 4163/2089
f 4214/2065 4173/2065 4195/2090
f 4203/2062 4214/2065 4234/2083
f 4215/2064 4216/2063 4174/2064
f 4210/2067 4216/2063 4226/2060
f 4203/2062 4204/2089 4162/2062
f 4185/2060 4162/2062 4175/2063
f 4226/2060 4227/2059 4185/2060
f 4201/2058 4228/2054 4227/2059
f 4161/2061 4186/2059 4160/2058
f 4201/2058 4202/2061 4160/2058
f 4199/2055 4158/2055 4157/2085
f 4201/2058 4200/2057 4228/2054
f 4198/2085 4233/2056 4199/2055
f 4233/2056 4234/2083 4192/2056
f 4157/2085 4158/2055 4192/2056
f 4187/2054 4158/2055 4159/2057
f 4228/2054 4229/2053 4187/2054
f 4232/2050 4230/2051 4229/2053
f 4232/2050 4231/2052 4230/2051
f 4231/2052 4232/2050 4190/2052
f 4232/2050 4191/2050 4190/2052
f 4191/2050 4188/2053 4189/2051


o Object.19
v 4.572003 196.850128 4.999998
v 4.572003 196.596115 4.999998
v 4.572003 194.310120 4.999998
v 6.096004 192.278122 4.999998
v 7.874005 192.024124 4.999998
v 9.144006 192.786118 4.999998
v 6.350004 196.088120 4.999998
v 5.334003 196.850128 4.999998
v 6.350004 211.328125 4.999998
v 5.334003 210.566116 4.999998
v 4.572003 208.280121 4.999998
v 4.572003 200.152115 4.999998
v 8.128005 197.866119 4.999998
v 9.906006 195.834122 4.999998
v 10.160006 208.534119 4.999998
v 9.652006 210.058121 4.999998
v 8.382005 211.328125 4.999998
v 6.604004 211.328125 4.999998
v 6.350004 214.376129 4.999998
v 6.604004 214.376129 4.999998
v 8.636004 214.376129 4.999998
v 10.668007 213.360123 4.999998
v 12.446008 210.820129 4.999998
v 12.700007 201.168121 4.999998
v 12.192008 193.040115 4.999998
v 12.954008 192.532120 4.999998
v 14.986009 192.278122 4.999998
v 14.986009 189.738113 4.999998
v 12.954008 189.738113 4.999998
v 10.668007 190.754105 4.999998
v 10.160006 190.246109 4.999998
v 7.112004 189.484100 4.999998
v 4.826003 189.992111 4.999998
v 3.048002 191.516113 4.999998
v 2.032001 194.564117 4.999998
v 2.032001 197.612122 4.999998
v 0.000000 197.866119 4.999998
v 0.000000 200.660126 4.999998
v 2.032001 200.914124 4.999998
v 2.286001 209.804123 4.999998
v 2.794002 211.582123 4.999998
v 4.572003 213.614120 4.999998
v 4.572003 196.850128 3.000000
v 4.572003 196.596115 3.000000
v 4.572003 194.310120 3.000000
v 6.096004 192.278122 3.000000
v 7.874005 192.024124 3.000000
v 9.144006 192.786118 3.000000
v 6.350004 196.088120 3.000000
v 5.334003 196.850128 3.000000
v 6.350004 211.328125 3.000000
v 5.334003 210.566116 3.000000
v 4.572003 208.280121 3.000000
v 4.572003 200.152115 3.000000
v 8.128005 197.866119 3.000000
v 9.906006 195.834122 3.000000
v 10.160006 208.534119 3.000000
v 9.652006 210.058121 3.000000
v 8.382005 211.328125 3.000000
v 6.604004 211.328125 3.000000
v 6.350004 214.376129 3.000000
v 6.604004 214.376129 3.000000
v 8.636004 214.376129 3.000000
v 10.668007 213.360123 3.000000
v 12.446008 210.820129 3.000000
v 12.700007 201.168121 3.000000
v 12.192008 193.040115 3.000000
v 12.954008 192.532120 3.000000
v 14.986009 192.278122 3.000000
v 14.986009 189.738113 3.000000
v 12.954008 189.738113 3.000000
v 10.668007 190.754105 3.000000
v 10.160006 190.246109 3.000000
v 7.112004 189.484100 3.000000
v 4.826003 189.992111 3.000000
v 3.048002 191.516113 3.000000
v 2.032001 194.564117 3.000000
v 2.032001 197.612122 3.000000
v 0.000000 197.866119 3.000000
v 0.000000 200.660126 3.000000
v 2.032001 200.914124 3.000000
v 2.286001 209.804123 3.000000
v 2.794002 211.582123 3.000000
v 4.572003 213.614120 3.000000

vt 0.030645 -0.113609
vt 0.012903 -0.092308
vt 0.019355 -0.106509
vt 0.045161 -0.115976
vt 0.064516 -0.112426
vt 0.038710 -0.102959
vt 0.012903 -0.078107
vt 0.029032 -0.093491
vt 0.029032 -0.082840
vt 0.029032 -0.081657
vt 0.012903 -0.062722
vt 0.033871 -0.081657
vt 0.040323 -0.085207
vt 0.082258 -0.114793
vt 0.095161 -0.114793
vt 0.095161 -0.102959
vt 0.082258 -0.101775
vt 0.077419 -0.099408
vt 0.029032 -0.066272
vt 0.051613 -0.076923
vt 0.029032 -0.028402
vt 0.014516 -0.021302
vt 0.000000 -0.063905
vt 0.000000 -0.076923
vt 0.050000 -0.104142
vt 0.058065 -0.100592
vt 0.067742 -0.110059
vt 0.080645 -0.061538
vt 0.062903 -0.086391
vt 0.064516 -0.027219
vt 0.079032 -0.016568
vt 0.067742 -0.004734
vt 0.054839 -0.000000
vt 0.041935 -0.000000
vt 0.040323 -0.000000
vt 0.029032 -0.003550
vt 0.053226 -0.014201
vt 0.041935 -0.014201
vt 0.061290 -0.020118
vt 0.040323 -0.014201
vt 0.033871 -0.017752
vt 0.017742 -0.013018

usemtl Mat_0
f 4269/2091 4271/2092 4270/2093
f 4270/2093 4312/2093 4269/2091
f 4312/2093 4311/2091 4269/2091
f 4269/2091 4311/2091 4268/2094
f 4311/2091 4310/2094 4268/2094
f 4268/2094 4310/2094 4267/2095
f 4267/2095 4240/2096 4268/2094
f 4272/2097 4268/2094 4240/2096
f 4272/2097 4240/2096 4239/2098
f 4238/2099 4272/2097 4239/2098
f 4239/2098 4281/2098 4238/2099
f 4281/2098 4280/2099 4238/2099
f 4238/2099 4280/2099 4237/2100
f 4275/2101 4238/2099 4237/2100
f 4275/2101 4237/2100 4244/2102
f 4275/2101 4244/2102 4243/2103
f 4275/2101 4243/2103 4265/2104
f 4264/2105 4275/2101 4265/2104
f 4265/2104 4307/2104 4264/2105
f 4307/2104 4306/2105 4264/2105
f 4264/2105 4306/2105 4263/2106
f 4263/2106 4262/2107 4264/2105
f 4262/2107 4261/2108 4264/2105
f 4264/2105 4261/2108 4248/2109
f 4261/2108 4249/2110 4248/2109
f 4249/2110 4291/2110 4248/2109
f 4291/2110 4290/2109 4248/2109
f 4248/2109 4290/2109 4247/2111
f 4247/2111 4276/2112 4248/2109
f 4248/2109 4276/2112 4275/2101
f 4276/2112 4318/2112 4275/2101
f 4318/2112 4317/2101 4275/2101
f 4275/2101 4317/2101 4274/2113
f 4317/2101 4316/2113 4274/2113
f 4274/2113 4316/2113 4273/2114
f 4272/2097 4274/2113 4273/2114
f 4273/2114 4315/2114 4272/2097
f 4315/2114 4314/2097 4272/2097
f 4272/2097 4314/2097 4271/2092
f 4314/2097 4313/2092 4271/2092
f 4313/2092 4314/2097 4310/2094
f 4282/2096 4310/2094 4314/2097
f 4281/2098 4282/2096 4314/2097
f 4310/2094 4282/2096 4309/2095
f 4283/2115 4309/2095 4282/2096
f 4283/2115 4282/2096 4240/2096
f 4241/2115 4283/2115 4240/2096
f 4284/2116 4283/2115 4241/2115
f 4242/2116 4284/2116 4241/2115
f 4267/2095 4242/2116 4241/2115
f 4242/2116 4267/2095 4266/2117
f 4265/2104 4242/2116 4266/2117
f 4266/2117 4308/2117 4265/2104
f 4309/2095 4308/2117 4266/2117
f 4308/2117 4309/2095 4284/2116
f 4308/2117 4284/2116 4307/2104
f 4285/2103 4307/2104 4284/2116
f 4307/2104 4285/2103 4317/2101
f 4285/2103 4286/2102 4317/2101
f 4286/2102 4279/2100 4317/2101
f 4279/2100 4280/2099 4317/2101
f 4279/2100 4286/2102 4244/2102
f 4286/2102 4285/2103 4243/2103
f 4243/2103 4285/2103 4242/2116
f 4267/2095 4309/2095 4266/2117
f 4285/2103 4284/2116 4242/2116
f 4283/2115 4284/2116 4309/2095
f 4315/2114 4316/2113 4314/2097
f 4316/2113 4280/2099 4314/2097
f 4316/2113 4315/2114 4273/2114
f 4316/2113 4317/2101 4280/2099
f 4317/2101 4318/2112 4290/2109
f 4290/2109 4306/2105 4317/2101
f 4290/2109 4303/2108 4306/2105
f 4306/2105 4303/2108 4304/2107
f 4306/2105 4304/2107 4305/2106
f 4305/2106 4304/2107 4262/2107
f 4304/2107 4303/2108 4261/2108
f 4261/2108 4303/2108 4260/2118
f 4260/2118 4250/2119 4261/2108
f 4260/2118 4251/2120 4250/2119
f 4251/2120 4293/2120 4250/2119
f 4293/2120 4292/2119 4250/2119
f 4250/2119 4292/2119 4249/2110
f 4292/2119 4293/2120 4302/2118
f 4303/2108 4292/2119 4302/2118
f 4292/2119 4303/2108 4291/2110
f 4302/2118 4293/2120 4301/2121
f 4302/2118 4301/2121 4259/2121
f 4260/2118 4302/2118 4259/2121
f 4259/2121 4301/2121 4258/2122
f 4259/2121 4258/2122 4257/2123
f 4256/2124 4259/2121 4257/2123
f 4257/2123 4299/2123 4256/2124
f 4299/2123 4298/2124 4256/2124
f 4256/2124 4298/2124 4255/2125
f 4298/2124 4297/2125 4255/2125
f 4255/2125 4297/2125 4278/2126
f 4253/2127 4255/2125 4278/2126
f 4253/2127 4278/2126 4254/2128
f 4254/2128 4296/2128 4253/2127
f 4296/2128 4295/2127 4253/2127
f 4253/2127 4295/2127 4252/2129
f 4295/2127 4294/2129 4252/2129
f 4252/2129 4294/2129 4251/2120
f 4251/2120 4259/2121 4252/2129
f 4252/2129 4259/2121 4255/2125
f 4294/2129 4295/2127 4297/2125
f 4297/2125 4301/2121 4294/2129
f 4320/2126 4297/2125 4295/2127
f 4296/2128 4320/2126 4295/2127
f 4296/2128 4287/2130 4320/2126
f 4287/2130 4288/2131 4320/2126
f 4319/2132 4320/2126 4288/2131
f 4289/2111 4319/2132 4288/2131
f 4289/2111 4288/2131 4246/2131
f 4247/2111 4289/2111 4246/2131
f 4246/2131 4277/2132 4247/2111
f 4246/2131 4278/2126 4277/2132
f 4278/2126 4320/2126 4277/2132
f 4278/2126 4246/2131 4245/2130
f 4246/2131 4288/2131 4245/2130
f 4318/2112 4319/2132 4289/2111
f 4320/2126 4319/2132 4277/2132
f 4277/2132 4319/2132 4276/2112
f 4288/2131 4287/2130 4245/2130
f 4245/2130 4287/2130 4254/2128
f 4287/2130 4296/2128 4254/2128
f 4278/2126 4245/2130 4254/2128
f 4255/2125 4253/2127 4252/2129
f 4297/2125 4320/2126 4278/2126
f 4298/2124 4301/2121 4297/2125
f 4299/2123 4301/2121 4298/2124
f 4299/2123 4300/2122 4301/2121
f 4300/2122 4299/2123 4257/2123
f 4255/2125 4259/2121 4256/2124
f 4258/2122 4300/2122 4257/2123
f 4301/2121 4300/2122 4258/2122
f 4294/2129 4301/2121 4293/2120
f 4294/2129 4293/2120 4251/2120
f 4259/2121 4251/2120 4260/2118
f 4303/2108 4302/2118 4260/2118
f 4290/2109 4318/2112 4289/2111
f 4319/2132 4318/2112 4276/2112
f 4247/2111 4277/2132 4276/2112
f 4290/2109 4289/2111 4247/2111
f 4290/2109 4291/2110 4303/2108
f 4292/2119 4291/2110 4249/2110
f 4249/2110 4261/2108 4250/2119
f 4262/2107 4304/2107 4261/2108
f 4263/2106 4305/2106 4262/2107
f 4306/2105 4305/2106 4263/2106
f 4307/2104 4317/2101 4306/2105
f 4308/2117 4307/2104 4265/2104
f 4275/2101 4264/2105 4248/2109
f 4242/2116 4265/2104 4243/2103
f 4244/2102 4286/2102 4243/2103
f 4237/2100 4279/2100 4244/2102
f 4238/2099 4275/2101 4274/2113
f 4280/2099 4279/2100 4237/2100
f 4281/2098 4314/2097 4280/2099
f 4282/2096 4281/2098 4239/2098
f 4272/2097 4238/2099 4274/2113
f 4240/2096 4282/2096 4239/2098
f 4268/2094 4272/2097 4271/2092
f 4240/2096 4267/2095 4241/2115
f 4310/2094 4309/2095 4267/2095
f 4311/2091 4313/2092 4310/2094
f 4312/2093 4313/2092 4311/2091
f 4313/2092 4312/2093 4270/2093
f 4271/2092 4313/2092 4270/2093
f 4268/2094 4271/2092 4269/2091


o Object.20
v 7.366004 187.198105 4.999998
v 7.620005 187.198105 4.999998
v 9.144006 186.690109 4.999998
v 10.414006 185.166107 4.999998
v 10.668007 183.388107 4.999998
v 9.398005 180.848114 4.999998
v 9.906006 180.594101 4.999998
v 10.668007 181.102112 4.999998
v 11.938006 181.102112 4.999998
v 12.954008 180.594101 4.999998
v 13.716008 179.832108 4.999998
v 14.224009 178.308105 4.999998
v 13.716008 175.768112 4.999998
v 11.938006 174.498108 4.999998
v 10.414006 174.498108 4.999998
v 9.398005 175.006104 4.999998
v 8.382005 177.038101 4.999998
v 7.874005 177.038101 4.999998
v 8.382005 173.736099 4.999998
v 9.144006 172.212112 4.999998
v 5.842003 172.212112 4.999998
v 6.858004 174.752106 4.999998
v 6.858004 177.292114 4.999998
v 6.350004 176.022110 4.999998
v 4.572003 174.498108 4.999998
v 3.048002 174.498108 4.999998
v 2.032001 175.006104 4.999998
v 0.762001 176.784103 4.999998
v 0.762001 178.562103 4.999998
v 2.032001 180.594101 4.999998
v 3.048002 181.102112 4.999998
v 4.318002 181.102112 4.999998
v 5.080003 180.594101 4.999998
v 5.588003 180.848114 4.999998
v 4.572003 182.372101 4.999998
v 4.318002 184.404114 4.999998
v 4.826003 185.674103 4.999998
v 5.842003 186.690109 4.999998
v 7.366004 187.198105 3.000000
v 7.620005 187.198105 3.000000
v 9.144006 186.690109 3.000000
v 10.414006 185.166107 3.000000
v 10.668007 183.388107 3.000000
v 9.398005 180.848114 3.000000
v 9.906006 180.594101 3.000000
v 10.668007 181.102112 3.000000
v 11.938006 181.102112 3.000000
v 12.954008 180.594101 3.000000
v 13.716008 179.832108 3.000000
v 14.224009 178.308105 3.000000
v 13.716008 175.768112 3.000000
v 11.938006 174.498108 3.000000
v 10.414006 174.498108 3.000000
v 9.398005 175.006104 3.000000
v 8.382005 177.038101 3.000000
v 7.874005 177.038101 3.000000
v 8.382005 173.736099 3.000000
v 9.144006 172.212112 3.000000
v 5.842003 172.212112 3.000000
v 6.858004 174.752106 3.000000
v 6.858004 177.292114 3.000000
v 6.350004 176.022110 3.000000
v 4.572003 174.498108 3.000000
v 3.048002 174.498108 3.000000
v 2.032001 175.006104 3.000000
v 0.762001 176.784103 3.000000
v 0.762001 178.562103 3.000000
v 2.032001 180.594101 3.000000
v 3.048002 181.102112 3.000000
v 4.318002 181.102112 3.000000
v 5.080003 180.594101 3.000000
v 5.588003 180.848114 3.000000
v 4.572003 182.372101 3.000000
v 4.318002 184.404114 3.000000
v 4.826003 185.674103 3.000000
v 5.842003 186.690109 3.000000

vt 0.027419 -0.139645
vt 0.037097 -0.128994
vt 0.030645 -0.133728
vt 0.029032 -0.149112
vt 0.046774 -0.126627
vt 0.048387 -0.126627
vt 0.058065 -0.128994
vt 0.035484 -0.156213
vt 0.066129 -0.136095
vt 0.067742 -0.144379
vt 0.012903 -0.183432
vt 0.019355 -0.185799
vt 0.029032 -0.185799
vt 0.059677 -0.156213
vt 0.043548 -0.172781
vt 0.062903 -0.157396
vt 0.040323 -0.178698
vt 0.043548 -0.184615
vt 0.050000 -0.173965
vt 0.053226 -0.189349
vt 0.053226 -0.173965
vt 0.075806 -0.155030
vt 0.059677 -0.183432
vt 0.066129 -0.185799
vt 0.087097 -0.160947
vt 0.082258 -0.157396
vt 0.067742 -0.155030
vt 0.090323 -0.168047
vt 0.075806 -0.185799
vt 0.087097 -0.179882
vt 0.037097 -0.196450
vt 0.058065 -0.196450
vt 0.004839 -0.175148
vt 0.032258 -0.157396
vt 0.027419 -0.155030
vt 0.019355 -0.155030
vt 0.012903 -0.157396
vt 0.004839 -0.166864

usemtl Mat_0
f 4356/2133 4358/2134 4357/2135
f 4357/2135 4395/2135 4356/2133
f 4395/2135 4394/2133 4356/2133
f 4356/2133 4394/2133 4355/2136
f 4355/2136 4321/2137 4356/2133
f 4321/2137 4355/2136 4322/2138
f 4322/2138 4360/2138 4321/2137
f 4360/2138 4359/2137 4321/2137
f 4321/2137 4359/2137 4358/2134
f 4359/2137 4396/2134 4358/2134
f 4396/2134 4359/2137 4394/2133
f 4394/2133 4359/2137 4393/2136
f 4360/2138 4393/2136 4359/2137
f 4360/2138 4361/2139 4393/2136
f 4393/2136 4361/2139 4392/2140
f 4393/2136 4392/2140 4354/2140
f 4355/2136 4393/2136 4354/2140
f 4354/2140 4323/2139 4355/2136
f 4354/2140 4324/2141 4323/2139
f 4324/2141 4362/2141 4323/2139
f 4362/2141 4361/2139 4323/2139
f 4323/2139 4361/2139 4322/2138
f 4363/2142 4362/2141 4324/2141
f 4325/2142 4363/2142 4324/2141
f 4347/2143 4325/2142 4324/2141
f 4346/2144 4325/2142 4347/2143
f 4347/2143 4385/2143 4346/2144
f 4385/2143 4384/2144 4346/2144
f 4346/2144 4384/2144 4345/2145
f 4345/2145 4326/2146 4346/2144
f 4326/2146 4345/2145 4343/2147
f 4343/2147 4327/2148 4326/2146
f 4327/2148 4365/2148 4326/2146
f 4365/2148 4364/2146 4326/2146
f 4326/2146 4364/2146 4325/2142
f 4364/2146 4365/2148 4381/2147
f 4381/2147 4383/2145 4364/2146
f 4384/2144 4364/2146 4383/2145
f 4363/2142 4364/2146 4384/2144
f 4381/2147 4382/2149 4383/2145
f 4383/2145 4382/2149 4344/2149
f 4345/2145 4383/2145 4344/2149
f 4344/2149 4382/2149 4343/2147
f 4382/2149 4381/2147 4343/2147
f 4343/2147 4381/2147 4342/2150
f 4342/2150 4338/2151 4343/2147
f 4342/2150 4339/2152 4338/2151
f 4339/2152 4377/2152 4338/2151
f 4377/2152 4376/2151 4338/2151
f 4338/2151 4376/2151 4337/2153
f 4329/2154 4338/2151 4337/2153
f 4336/2155 4329/2154 4337/2153
f 4337/2153 4375/2153 4336/2155
f 4375/2153 4374/2155 4336/2155
f 4336/2155 4374/2155 4335/2156
f 4335/2156 4331/2157 4336/2155
f 4336/2155 4331/2157 4330/2158
f 4331/2157 4369/2157 4330/2158
f 4369/2157 4368/2158 4330/2158
f 4330/2158 4368/2158 4329/2154
f 4368/2158 4367/2154 4329/2154
f 4329/2154 4367/2154 4328/2159
f 4367/2154 4366/2159 4328/2159
f 4328/2159 4366/2159 4327/2148
f 4327/2148 4338/2151 4328/2159
f 4366/2159 4367/2154 4376/2151
f 4366/2159 4376/2151 4365/2148
f 4375/2153 4376/2151 4367/2154
f 4368/2158 4374/2155 4367/2154
f 4368/2158 4369/2157 4374/2155
f 4374/2155 4369/2157 4373/2156
f 4369/2157 4370/2160 4373/2156
f 4373/2156 4370/2160 4372/2161
f 4373/2156 4372/2161 4334/2161
f 4335/2156 4373/2156 4334/2161
f 4334/2161 4332/2160 4335/2156
f 4334/2161 4333/2162 4332/2160
f 4333/2162 4371/2162 4332/2160
f 4371/2162 4370/2160 4332/2160
f 4332/2160 4370/2160 4331/2157
f 4372/2161 4371/2162 4333/2162
f 4334/2161 4372/2161 4333/2162
f 4370/2160 4371/2162 4372/2161
f 4370/2160 4369/2157 4331/2157
f 4335/2156 4332/2160 4331/2157
f 4374/2155 4373/2156 4335/2156
f 4375/2153 4367/2154 4374/2155
f 4329/2154 4336/2155 4330/2158
f 4338/2151 4329/2154 4328/2159
f 4376/2151 4375/2153 4337/2153
f 4376/2151 4377/2152 4380/2150
f 4381/2147 4376/2151 4380/2150
f 4379/2163 4380/2150 4377/2152
f 4379/2163 4377/2152 4378/2164
f 4379/2163 4378/2164 4340/2164
f 4341/2163 4379/2163 4340/2164
f 4340/2164 4339/2152 4341/2163
f 4340/2164 4378/2164 4339/2152
f 4380/2150 4379/2163 4341/2163
f 4342/2150 4380/2150 4341/2163
f 4378/2164 4377/2152 4339/2152
f 4339/2152 4342/2150 4341/2163
f 4381/2147 4380/2150 4342/2150
f 4381/2147 4365/2148 4376/2151
f 4366/2159 4365/2148 4327/2148
f 4338/2151 4327/2148 4343/2147
f 4345/2145 4344/2149 4343/2147
f 4384/2144 4383/2145 4345/2145
f 4385/2143 4363/2142 4384/2144
f 4386/2165 4385/2143 4347/2143
f 4348/2165 4386/2165 4347/2143
f 4347/2143 4353/2166 4348/2165
f 4348/2165 4353/2166 4352/2167
f 4351/2168 4348/2165 4352/2167
f 4352/2167 4390/2167 4351/2168
f 4390/2167 4389/2168 4351/2168
f 4351/2168 4389/2168 4350/2169
f 4349/2170 4351/2168 4350/2169
f 4350/2169 4388/2169 4349/2170
f 4388/2169 4387/2170 4349/2170
f 4349/2170 4387/2170 4348/2165
f 4388/2169 4389/2168 4387/2170
f 4387/2170 4389/2168 4386/2165
f 4389/2168 4388/2169 4350/2169
f 4390/2167 4386/2165 4389/2168
f 4390/2167 4391/2166 4386/2165
f 4391/2166 4390/2167 4352/2167
f 4348/2165 4351/2168 4349/2170
f 4353/2166 4391/2166 4352/2167
f 4392/2140 4391/2166 4353/2166
f 4392/2140 4385/2143 4391/2166
f 4362/2141 4385/2143 4392/2140
f 4353/2166 4347/2143 4354/2140
f 4387/2170 4386/2165 4348/2165
f 4386/2165 4391/2166 4385/2143
f 4346/2144 4326/2146 4325/2142
f 4364/2146 4363/2142 4325/2142
f 4362/2141 4363/2142 4385/2143
f 4354/2140 4347/2143 4324/2141
f 4354/2140 4392/2140 4353/2166
f 4361/2139 4362/2141 4392/2140
f 4361/2139 4360/2138 4322/2138
f 4355/2136 4323/2139 4322/2138
f 4394/2133 4393/2136 4355/2136
f 4395/2135 4396/2134 4394/2133
f 4396/2134 4395/2135 4357/2135
f 4358/2134 4396/2134 4357/2135
f 4356/2133 4321/2137 4358/2134


o Object.21
v 64.770035 10.668007 4.999998
v 64.770035 10.414006 4.999998
v 65.024040 8.890006 4.999998
v 66.294037 9.144006 4.999998
v 66.040039 9.906006 4.999998
v 65.278038 10.668007 4.999998
v 83.566055 11.938006 4.999998
v 83.312050 11.684007 4.999998
v 82.296043 9.397996 4.999998
v 82.804047 8.890006 4.999998
v 83.566055 8.890006 4.999998
v 84.074051 9.397996 4.999998
v 84.074051 11.938006 4.999998
v 64.770035 13.716008 4.999998
v 64.262039 13.462008 4.999998
v 64.262039 13.208008 4.999998
v 64.262039 12.446008 4.999998
v 67.056038 9.144006 4.999998
v 68.326035 9.144006 4.999998
v 67.310036 11.176006 4.999998
v 83.820053 15.494010 4.999998
v 83.566055 15.240009 4.999998
v 82.296043 13.716008 4.999998
v 80.518044 10.414006 4.999998
v 80.264046 9.397996 4.999998
v 81.280045 8.890006 4.999998
v 82.550049 11.684007 4.999998
v 84.074051 13.716008 4.999998
v 84.328056 15.494010 4.999998
v 60.198036 15.494010 4.999998
v 60.452034 15.240009 4.999998
v 60.706036 15.494010 4.999998
v 60.452034 14.986009 4.999998
v 62.992039 10.160006 4.999998
v 63.500038 9.652006 4.999998
v 64.008041 10.160006 4.999998
v 63.754040 11.430007 4.999998
v 62.230038 13.970009 4.999998
v 60.960037 15.240009 4.999998
v 60.706036 15.494010 4.999998
v 64.262039 16.510010 4.999998
v 63.500038 16.256010 4.999998
v 63.500038 16.002010 4.999998
v 64.008041 14.986009 4.999998
v 67.818039 11.430007 4.999998
v 69.596039 8.890006 4.999998
v 70.612045 9.144006 4.999998
v 70.104034 10.922007 4.999998
v 67.818039 13.970009 4.999998
v 65.278038 16.002010 4.999998
v 83.820053 19.050011 4.999998
v 83.566055 18.796011 4.999998
v 81.534042 16.764009 4.999998
v 79.248047 13.208008 4.999998
v 77.978043 9.652006 4.999998
v 78.740044 8.890006 4.999998
v 79.248047 9.144006 4.999998
v 79.756042 9.652006 4.999998
v 81.026047 13.208008 4.999998
v 84.328056 17.018009 4.999998
v 84.582054 18.796011 4.999998
v 63.246037 19.050011 4.999998
v 62.992039 18.796011 4.999998
v 63.754040 17.272009 4.999998
v 65.532036 16.510010 4.999998
v 67.818039 14.732009 4.999998
v 70.358040 11.430007 4.999998
v 71.120049 9.652006 4.999998
v 71.882050 8.890006 4.999998
v 72.898048 8.890006 4.999998
v 73.152046 9.652006 4.999998
v 72.136047 11.684007 4.999998
v 69.596039 14.986009 4.999998
v 66.040039 18.034012 4.999998
v 64.262039 19.050011 4.999998
v 62.484039 21.336014 4.999998
v 62.484039 21.082014 4.999998
v 62.992039 20.066011 4.999998
v 65.786041 18.796011 4.999998
v 68.326035 17.018009 4.999998
v 71.374046 13.716008 4.999998
v 73.406044 9.652006 4.999998
v 74.168045 8.890006 4.999998
v 74.930046 9.397996 4.999998
v 74.422043 11.176006 4.999998
v 72.136047 14.986009 4.999998
v 68.580040 18.796011 4.999998
v 63.754040 21.336014 4.999998
v 84.074051 21.590014 4.999998
v 83.566055 21.336014 4.999998
v 83.312050 21.082014 4.999998
v 79.502045 17.526009 4.999998
v 77.724045 14.732009 4.999998
v 75.946045 10.160006 4.999998
v 75.946045 9.397996 4.999998
v 76.454048 8.890006 4.999998
v 77.216049 8.890006 4.999998
v 77.978043 11.938006 4.999998
v 79.756042 15.240009 4.999998
v 82.296043 18.542011 4.999998
v 84.328056 20.320011 4.999998
v 84.582054 21.082014 4.999998
v 56.388035 22.860014 4.999998
v 56.642033 22.606014 4.999998
v 56.896034 22.860014 4.999998
v 56.642033 22.098013 4.999998
v 57.150036 21.082014 4.999998
v 60.198036 16.764009 4.999998
v 62.484039 14.478008 4.999998
v 62.992039 14.732009 4.999998
v 62.992039 15.240009 4.999998
v 62.230038 16.764009 4.999998
v 57.150036 22.606014 4.999998
v 56.896034 22.860014 4.999998
v 84.074051 23.114014 4.999998
v 83.820053 22.860014 4.999998
v 84.328056 22.860014 4.999998
v 76.708046 26.924015 4.999998
v 76.708046 26.670015 4.999998
v 76.962044 24.892015 4.999998
v 78.994049 23.368013 4.999998
v 82.550049 23.368013 4.999998
v 84.582054 24.638016 4.999998
v 84.328056 26.670015 4.999998
v 83.312050 25.908016 4.999998
v 80.264046 25.654015 4.999998
v 77.470047 26.924015 4.999998
v 63.754040 27.940018 4.999998
v 62.738037 27.686018 4.999998
v 62.992039 27.432016 4.999998
v 65.278038 26.162016 4.999998
v 69.088036 25.908016 4.999998
v 70.358040 26.416016 4.999998
v 71.374046 27.686018 4.999998
v 70.612045 27.940018 4.999998
v 68.072037 26.924015 4.999998
v 64.770035 27.432016 4.999998
v 83.820053 28.448017 4.999998
v 83.566055 28.194017 4.999998
v 82.042046 27.432016 4.999998
v 79.502045 27.432016 4.999998
v 77.724045 27.940018 4.999998
v 77.470047 27.432016 4.999998
v 78.486046 26.670015 4.999998
v 81.534042 25.908016 4.999998
v 83.312050 26.416016 4.999998
v 84.582054 27.686018 4.999998
v 84.582054 28.448017 4.999998
v 53.340031 28.448017 4.999998
v 53.594032 28.194017 4.999998
v 53.848030 28.448017 4.999998
v 53.594032 27.940018 4.999998
v 54.356030 26.416016 4.999998
v 58.928036 21.336014 4.999998
v 61.722038 18.542011 4.999998
v 62.230038 18.796011 4.999998
v 61.976040 19.812012 4.999998
v 56.388035 26.162016 4.999998
v 54.102032 28.194017 4.999998
v 53.848030 28.448017 4.999998
v 70.358040 29.972017 4.999998
v 70.612045 29.718018 4.999998
v 71.120049 29.972017 4.999998
v 77.724045 30.480019 4.999998
v 77.470047 30.226017 4.999998
v 77.216049 29.464018 4.999998
v 77.724045 28.956017 4.999998
v 78.486046 29.210016 4.999998
v 78.994049 30.480019 4.999998
v 83.566055 30.988020 4.999998
v 82.804047 30.734018 4.999998
v 83.058044 30.480019 4.999998
v 83.566055 29.972017 4.999998
v 84.074051 30.480019 4.999998
v 68.580040 30.988020 4.999998
v 67.310036 30.734018 4.999998
v 67.056038 30.734018 4.999998
v 65.749741 29.645416 4.999998
v 66.040039 30.226017 4.999998
v 65.024040 30.226017 4.999998
v 64.770035 30.226017 4.999998
v 63.754040 29.464018 4.999998
v 64.008041 28.956017 4.999998
v 65.532036 29.210016 4.999998
v 65.582840 29.311617 4.999998
v 65.786041 28.702017 4.999998
v 66.294037 28.702017 4.999998
v 67.818039 29.972017 4.999998
v 68.580040 29.972017 4.999998
v 69.850037 28.956017 4.999998
v 70.612045 29.210016 4.999998
v 69.596039 30.480019 4.999998
v 80.010048 31.242020 4.999998
v 78.994049 29.972017 4.999998
v 79.248047 28.956017 4.999998
v 81.026047 30.480019 4.999998
v 82.550049 29.210016 4.999998
v 83.058044 29.464018 4.999998
v 83.058044 29.972017 4.999998
v 81.788048 31.242020 4.999998
v 80.264046 31.242020 4.999998
v 50.292030 34.290020 4.999998
v 50.292030 34.036018 4.999998
v 51.308029 32.004021 4.999998
v 58.674034 24.638016 4.999998
v 60.452034 22.352013 4.999998
v 61.468037 22.352013 4.999998
v 60.706036 24.384016 4.999998
v 57.658035 27.940018 4.999998
v 52.832031 32.766018 4.999998
v 50.800030 34.290020 4.999998
v 48.006031 39.624023 4.999998
v 47.498028 39.370022 4.999998
v 47.752026 39.116024 4.999998
v 48.768032 37.084023 4.999998
v 54.356030 32.004021 4.999998
v 60.198036 25.908016 4.999998
v 60.198036 27.686018 4.999998
v 57.150036 31.242020 4.999998
v 50.038029 38.100021 4.999998
v 18.542011 42.164028 4.999998
v 18.542011 41.910027 4.999998
v 18.542011 9.144006 4.999998
v 27.432016 8.890006 4.999998
v 27.940018 10.922007 4.999998
v 27.686018 18.796011 4.999998
v 25.908016 28.194017 4.999998
v 22.352013 37.084023 4.999998
v 19.812012 41.148022 4.999998
v 19.050011 42.164028 4.999998
v 45.466026 44.450027 4.999998
v 44.958027 44.196026 4.999998
v 45.212029 43.942028 4.999998
v 45.974026 42.164028 4.999998
v 52.070030 37.084023 4.999998
v 59.182034 29.972017 4.999998
v 59.182034 31.242020 4.999998
v 56.134033 35.052017 4.999998
v 49.276031 41.656025 4.999998
v 42.672028 48.768032 4.999998
v 42.672028 48.514030 4.999998
v 43.434025 46.990028 4.999998
v 44.958027 45.466026 4.999998
v 50.546032 41.402023 4.999998
v 57.658035 34.036018 4.999998
v 58.166035 34.290020 4.999998
v 57.658035 35.560024 4.999998
v 55.880035 37.846024 4.999998
v 50.546032 43.180027 4.999998
v 44.958027 47.752026 4.999998
v 43.434025 48.768032 4.999998
v 52.070030 50.038029 4.999998
v 52.070030 49.784031 4.999998
v 54.610035 44.450027 4.999998
v 55.118034 44.196026 4.999998
v 58.928036 47.752026 4.999998
v 62.230038 50.038029 4.999998
v 70.612045 53.086029 4.999998
v 68.326035 52.578030 4.999998
v 62.738037 49.530029 4.999998
v 58.420033 46.228027 4.999998
v 55.372036 43.180027 4.999998
v 60.706036 29.210016 4.999998
v 62.484039 29.464018 4.999998
v 66.040039 31.242020 4.999998
v 68.326035 31.242020 4.999998
v 71.120049 30.480019 4.999998
v 71.374046 30.988020 4.999998
v 68.072037 34.290020 4.999998
v 69.596039 33.528019 4.999998
v 71.882050 31.242020 4.999998
v 71.882050 28.194017 4.999998
v 72.390045 27.432016 4.999998
v 69.342041 25.400015 4.999998
v 67.056038 25.146015 4.999998
v 64.516037 25.908016 4.999998
v 61.468037 28.194017 4.999998
v 61.214039 26.416016 4.999998
v 61.976040 24.130014 4.999998
v 63.754040 23.368013 4.999998
v 68.326035 22.860014 4.999998
v 71.882050 23.876013 4.999998
v 72.390045 23.622013 4.999998
v 71.628044 22.606014 4.999998
v 69.342041 21.844013 4.999998
v 66.294037 22.098013 4.999998
v 62.738037 23.368013 4.999998
v 62.230038 23.114014 4.999998
v 62.230038 22.606014 4.999998
v 62.738037 22.098013 4.999998
v 63.500038 22.098013 4.999998
v 66.802040 20.574011 4.999998
v 69.088036 19.050011 4.999998
v 72.136047 16.002010 4.999998
v 75.184044 11.176006 4.999998
v 75.692047 11.430007 4.999998
v 76.200043 13.208008 4.999998
v 78.486046 17.018009 4.999998
v 84.074051 22.606014 4.999998
v 83.312050 22.860014 4.999998
v 82.296043 22.352013 4.999998
v 79.248047 22.352013 4.999998
v 77.978043 22.860014 4.999998
v 76.708046 24.130014 4.999998
v 76.454048 29.210016 4.999998
v 78.232048 34.798019 4.999998
v 78.486046 36.830025 4.999998
v 76.454048 38.862022 4.999998
v 76.200043 40.386024 4.999998
v 76.454048 39.624023 4.999998
v 78.232048 38.608025 4.999998
v 79.248047 37.338024 4.999998
v 77.978043 33.020020 4.999998
v 78.232048 32.766018 4.999998
v 80.772049 34.036018 4.999998
v 78.740044 32.512020 4.999998
v 78.232048 31.496019 4.999998
v 83.566055 31.496019 4.999998
v 83.820053 34.798019 4.999998
v 81.534042 44.450027 4.999998
v 78.486046 50.546032 4.999998
v 76.454048 52.578030 4.999998
v 75.438049 53.086029 4.999998
v 70.866043 53.086029 4.999998
v 40.386024 53.086029 4.999998
v 40.386024 52.832031 4.999998
v 41.148022 51.308029 4.999998
v 42.418026 50.038029 4.999998
v 48.514030 45.720028 4.999998
v 55.372036 39.116024 4.999998
v 55.880035 39.116024 4.999998
v 55.880035 40.132023 4.999998
v 55.118034 41.402023 4.999998
v 51.054031 45.466026 4.999998
v 43.942028 51.308029 4.999998
v 41.656025 52.832031 4.999998
v 38.354023 57.658035 4.999998
v 37.846024 57.404034 4.999998
v 37.846024 57.150036 4.999998
v 39.624023 54.610035 4.999998
v 48.006031 48.768032 4.999998
v 53.594032 43.688026 4.999998
v 54.102032 43.942028 4.999998
v 53.086029 46.228027 4.999998
v 47.244026 51.562031 4.999998
v 39.878021 56.896034 4.999998
v 36.830025 61.214039 4.999998
v 36.068024 60.960037 4.999998
v 36.322021 60.706036 4.999998
v 37.338024 58.674034 4.999998
v 41.656025 56.388035 4.999998
v 45.720028 53.594032 4.999998
v 50.038029 50.038029 4.999998
v 51.562031 48.260029 4.999998
v 52.070030 48.768032 4.999998
v 51.308029 50.292030 4.999998
v 48.514030 53.086029 4.999998
v 41.656025 58.420033 4.999998
v 34.036018 64.770035 4.999998
v 34.290020 64.516037 4.999998
v 35.814022 62.230038 4.999998
v 41.148022 59.436035 4.999998
v 48.768032 53.340031 4.999998
v 49.022030 54.102032 4.999998
v 47.244026 56.896034 4.999998
v 45.212029 58.674034 4.999998
v 37.592022 63.500038 4.999998
v 35.306023 64.770035 4.999998
v 32.004021 68.580040 4.999998
v 31.496019 68.326035 4.999998
v 31.750019 68.072037 4.999998
v 33.274017 66.040039 4.999998
v 40.386024 62.484039 4.999998
v 45.212029 59.182034 4.999998
v 45.720028 59.436035 4.999998
v 45.466026 59.182034 4.999998
v 45.974026 59.182034 4.999998
v 45.720028 59.436035 4.999998
v 45.212029 60.706036 4.999998
v 42.164028 63.246037 4.999998
v 38.862022 65.278038 4.999998
v 33.274017 68.072037 4.999998
v 18.288012 71.120049 4.999998
v 18.288012 70.866043 4.999998
v 18.542011 44.958027 4.999998
v 21.082014 44.196026 4.999998
v 27.686018 44.450027 4.999998
v 31.242020 45.720028 4.999998
v 33.782021 47.498028 4.999998
v 19.304012 70.358040 4.999998
v 18.796011 71.120049 4.999998
v 28.702017 72.136047 4.999998
v 27.940018 71.882050 4.999998
v 28.194017 71.628044 4.999998
v 30.734018 69.596039 4.999998
v 38.354023 66.040039 4.999998
v 41.656025 64.008041 4.999998
v 41.910027 64.516037 4.999998
v 40.894024 65.786041 4.999998
v 38.608025 67.818039 4.999998
v 33.020020 70.612045 4.999998
v 18.796011 73.406044 4.999998
v 18.542011 73.152046 4.999998
v 18.542011 72.136047 4.999998
v 21.844013 72.136047 4.999998
v 26.416016 70.612045 4.999998
v 27.940018 69.596039 4.999998
v 31.750019 65.532036 4.999998
v 61.468037 9.906006 4.999998
v 62.484039 8.890006 4.999998
v 62.738037 9.144006 4.999998
v 60.960037 12.700007 4.999998
v 55.118034 23.368013 4.999998
v 48.006031 37.592022 4.999998
v 40.132023 51.562031 4.999998
v 35.052017 61.722038 4.999998
v 30.988020 68.072037 4.999998
v 26.416016 72.136047 4.999998
v 22.860014 73.406044 4.999998
v 25.400015 75.184044 4.999998
v 22.098013 74.930046 4.999998
v 21.844013 74.930046 4.999998
v 19.050011 74.676048 4.999998
v 19.050011 74.168045 4.999998
v 22.606014 73.914047 4.999998
v 29.464018 72.390045 4.999998
v 37.084023 69.088036 4.999998
v 37.592022 69.342041 4.999998
v 37.338024 69.088036 4.999998
v 37.846024 69.088036 4.999998
v 37.592022 69.342041 4.999998
v 35.814022 71.120049 4.999998
v 30.226017 74.168045 4.999998
v 86.614052 77.470047 4.999998
v 84.836052 77.216049 4.999998
v 84.836052 76.962044 4.999998
v 85.344055 75.692047 4.999998
v 83.820053 76.454048 4.999998
v 83.058044 76.200043 4.999998
v 82.042046 74.930046 4.999998
v 82.042046 74.168045 4.999998
v 83.058044 72.898048 4.999998
v 84.582054 73.406044 4.999998
v 84.074051 71.374046 4.999998
v 84.836052 70.358040 4.999998
v 86.614052 70.358040 4.999998
v 87.630051 71.628044 4.999998
v 86.868050 73.152046 4.999998
v 88.646057 72.898048 4.999998
v 89.662056 74.422043 4.999998
v 89.408051 75.438049 4.999998
v 88.392052 76.200043 4.999998
v 87.122055 76.200043 4.999998
v 86.360054 75.438049 4.999998
v 54.356030 77.470047 4.999998
v 52.324032 77.216049 4.999998
v 52.578030 76.962044 4.999998
v 53.086029 75.438049 4.999998
v 52.070030 76.200043 4.999998
v 50.800030 76.200043 4.999998
v 49.784031 74.930046 4.999998
v 49.784031 73.660049 4.999998
v 50.546032 72.898048 4.999998
v 51.308029 72.644043 4.999998
v 52.324032 73.152046 4.999998
v 51.562031 72.136047 4.999998
v 51.562031 71.120049 4.999998
v 52.578030 70.104034 4.999998
v 54.102032 70.104034 4.999998
v 55.118034 71.120049 4.999998
v 55.118034 72.390045 4.999998
v 54.356030 73.152046 4.999998
v 56.134033 72.644043 4.999998
v 57.150036 73.660049 4.999998
v 57.150036 75.184044 4.999998
v 56.388035 75.946045 4.999998
v 55.372036 76.200043 4.999998
v 54.102032 75.438049 4.999998
v 40.640022 77.724045 4.999998
v 38.862022 77.470047 4.999998
v 38.862022 77.216049 4.999998
v 39.370022 75.692047 4.999998
v 38.608025 76.454048 4.999998
v 37.592022 76.708046 4.999998
v 36.068024 75.184044 4.999998
v 36.068024 74.168045 4.999998
v 36.830025 73.152046 4.999998
v 38.608025 73.406044 4.999998
v 37.846024 72.136047 4.999998
v 38.608025 70.612045 4.999998
v 40.640022 70.612045 4.999998
v 41.402023 71.374046 4.999998
v 41.402023 72.644043 4.999998
v 40.894024 73.406044 4.999998
v 42.418026 72.898048 4.999998
v 43.180027 73.406044 4.999998
v 43.688026 74.422043 4.999998
v 43.688026 75.184044 4.999998
v 42.418026 76.454048 4.999998
v 40.386024 75.946045 4.999998
v 40.894024 77.216049 4.999998
v 129.540070 82.042046 4.999998
v 128.778076 81.788048 4.999998
v 128.524078 81.788048 4.999998
v 126.746078 81.534042 4.999998
v 127.762077 79.756042 4.999998
v 128.016083 77.724045 4.999998
v 128.524078 77.216049 4.999998
v 129.794083 77.470047 4.999998
v 131.064072 78.740044 4.999998
v 131.064072 79.756042 4.999998
v 130.302078 81.280045 4.999998
v 127.508080 84.074051 4.999998
v 126.492073 83.820053 4.999998
v 126.238075 83.566055 4.999998
v 126.238075 83.058044 4.999998
v 127.254074 82.042046 4.999998
v 128.270081 82.042046 4.999998
v 128.778076 83.058044 4.999998
v 131.064072 85.344055 4.999998
v 130.048080 85.090050 4.999998
v 129.794083 84.836052 4.999998
v 128.524078 84.836052 4.999998
v 128.270081 84.074051 4.999998
v 129.540070 83.058044 4.999998
v 131.318069 80.010048 4.999998
v 131.826080 79.756042 4.999998
v 133.096069 81.280045 4.999998
v 133.096069 82.296043 4.999998
v 61.468037 85.598053 4.999998
v 60.198036 85.344055 4.999998
v 60.960037 83.566055 4.999998
v 59.944035 84.328056 4.999998
v 58.928036 84.328056 4.999998
v 57.404034 82.804047 4.999998
v 57.658035 81.788048 4.999998
v 58.420033 81.026047 4.999998
v 59.690033 80.772049 4.999998
v 60.452034 81.280045 4.999998
v 59.690033 80.264046 4.999998
v 59.690033 79.248047 4.999998
v 61.214039 78.232048 4.999998
v 61.976040 78.232048 4.999998
v 63.246037 79.756042 4.999998
v 63.246037 80.518044 4.999998
v 62.230038 81.534042 4.999998
v 62.992039 81.026047 4.999998
v 64.008041 81.026047 4.999998
v 65.024040 82.042046 4.999998
v 65.024040 83.312050 4.999998
v 63.754040 84.582054 4.999998
v 62.484039 84.328056 4.999998
v 61.722038 83.566055 4.999998
v 62.230038 85.090050 4.999998
v 62.230038 85.598053 4.999998
v 61.722038 85.598053 4.999998
v 127.762077 86.868050 4.999998
v 127.508080 85.852051 4.999998
v 128.270081 85.090050 4.999998
v 129.540070 85.090050 4.999998
v 130.048080 85.852051 4.999998
v 129.032074 86.868050 4.999998
v 128.016083 86.868050 4.999998
v 131.064072 87.630051 4.999998
v 130.810074 87.376053 4.999998
v 130.556076 86.360054 4.999998
v 133.096069 83.566055 4.999998
v 133.858078 84.582054 4.999998
v 133.858078 85.344055 4.999998
v 132.080078 87.630051 4.999998
v 130.048080 88.900055 4.999998
v 129.032074 88.646057 4.999998
v 128.778076 88.392052 4.999998
v 128.524078 87.884056 4.999998
v 129.286072 87.122055 4.999998
v 130.302078 87.122055 4.999998
v 130.810074 88.138054 4.999998
v 107.696060 89.662056 4.999998
v 106.680061 89.408051 4.999998
v 106.426064 89.154053 4.999998
v 106.426064 87.884056 4.999998
v 107.696060 87.630051 4.999998
v 108.458061 88.392052 4.999998
v 108.204063 89.154053 4.999998
v 110.744072 90.170052 4.999998
v 109.982071 89.916054 4.999998
v 109.728065 89.662056 4.999998
v 109.474068 88.392052 4.999998
v 110.744072 87.884056 4.999998
v 111.506065 88.646057 4.999998
v 111.506065 89.408051 4.999998
v 99.314064 90.170052 4.999998
v 99.060059 89.916054 4.999998
v 96.520058 87.376053 4.999998
v 94.742050 84.074051 4.999998
v 93.980057 81.026047 4.999998
v 93.980057 76.200043 4.999998
v 94.996056 72.644043 4.999998
v 96.520058 70.104034 4.999998
v 97.536064 69.088036 4.999998
v 99.314064 69.088036 4.999998
v 99.314064 69.850037 4.999998
v 98.044060 71.374046 4.999998
v 96.774063 73.914047 4.999998
v 96.012062 76.454048 4.999998
v 96.012062 81.280045 4.999998
v 96.774063 83.820053 4.999998
v 98.044060 86.106056 4.999998
v 100.584061 88.900055 4.999998
v 99.822060 90.170052 4.999998
v 132.334076 90.424057 4.999998
v 131.572083 90.170052 4.999998
v 131.318069 89.916054 4.999998
v 130.810074 88.900055 4.999998
v 132.842072 87.122055 4.999998
v 133.604080 87.122055 4.999998
v 133.858078 88.392052 4.999998
v 133.350082 89.408051 4.999998
v 130.556076 91.440056 4.999998
v 130.048080 91.186050 4.999998
v 129.794083 91.186050 4.999998
v 129.286072 90.424057 4.999998
v 130.048080 89.662056 4.999998
v 130.810074 89.662056 4.999998
v 131.318069 90.170052 4.999998
v 131.318069 90.678055 4.999998
v 109.982071 91.694054 4.999998
v 110.236069 91.440056 4.999998
v 110.490067 91.694054 4.999998
v 87.630051 92.202057 4.999998
v 87.630051 91.948051 4.999998
v 88.138054 90.424057 4.999998
v 87.122055 91.186050 4.999998
v 85.852051 91.186050 4.999998
v 84.836052 90.170052 4.999998
v 84.836052 88.900055 4.999998
v 85.598053 87.884056 4.999998
v 86.360054 87.630051 4.999998
v 87.376053 88.138054 4.999998
v 86.868050 87.376053 4.999998
v 86.868050 86.106056 4.999998
v 87.376053 85.344055 4.999998
v 89.154053 85.090050 4.999998
v 89.916054 85.598053 4.999998
v 90.170052 87.376053 4.999998
v 89.408051 88.392052 4.999998
v 90.932053 87.630051 4.999998
v 92.202057 88.646057 4.999998
v 92.202057 90.170052 4.999998
v 91.440056 90.932053 4.999998
v 89.916054 91.186050 4.999998
v 88.900055 90.424057 4.999998
v 89.662056 92.202057 4.999998
v 108.458061 92.710052 4.999998
v 107.188065 92.456055 4.999998
v 106.934059 92.202057 4.999998
v 106.934059 91.186050 4.999998
v 107.442062 90.678055 4.999998
v 108.458061 90.678055 4.999998
v 108.966072 91.186050 4.999998
v 108.966072 92.202057 4.999998
v 128.270081 93.472054 4.999998
v 127.762077 93.218056 4.999998
v 127.508080 92.964050 4.999998
v 117.856071 85.090050 4.999998
v 117.856071 84.328056 4.999998
v 120.396072 81.026047 4.999998
v 125.476074 76.962044 4.999998
v 127.000076 76.454048 4.999998
v 127.508080 77.216049 4.999998
v 127.508080 78.994049 4.999998
v 126.238075 81.280045 4.999998
v 123.190079 83.820053 4.999998
v 123.190079 85.090050 4.999998
v 124.206078 88.392052 4.999998
v 123.952080 84.074051 4.999998
v 125.222076 83.058044 4.999998
v 126.746078 84.836052 4.999998
v 127.000076 86.360054 4.999998
v 128.270081 87.884056 4.999998
v 128.270081 88.646057 4.999998
v 129.032074 89.408051 4.999998
v 129.032074 90.678055 4.999998
v 130.048080 91.948051 4.999998
v 99.314064 93.980057 4.999998
v 99.060059 93.726051 4.999998
v 98.298058 92.964050 4.999998
v 108.458061 79.756042 4.999998
v 109.474068 78.994049 4.999998
v 110.744072 80.264046 4.999998
v 100.330063 93.472054 4.999998
v 113.030067 97.028061 4.999998
v 112.522072 96.774063 4.999998
v 112.268066 96.520058 4.999998
v 110.236069 91.948051 4.999998
v 111.506065 91.694054 4.999998
v 116.078072 92.456055 4.999998
v 116.332069 92.710052 4.999998
v 115.062065 93.726051 4.999998
v 115.570068 95.504051 4.999998
v 113.792068 95.758057 4.999998
v 117.856071 98.044060 4.999998
v 116.586067 97.790062 4.999998
v 116.332069 97.536064 4.999998
v 116.332069 96.520058 4.999998
v 116.840065 96.012062 4.999998
v 118.110069 96.266060 4.999998
v 118.364067 97.536064 4.999998
v 120.904068 98.552063 4.999998
v 119.888069 98.298058 4.999998
v 119.634071 98.044060 4.999998
v 119.634071 97.028061 4.999998
v 120.650070 96.266060 4.999998
v 121.158066 96.520058 4.999998
v 121.666077 97.028061 4.999998
v 121.666077 97.790062 4.999998
v 118.872070 101.346062 4.999998
v 117.856071 101.092064 4.999998
v 117.602066 100.838058 4.999998
v 117.348068 99.822060 4.999998
v 117.856071 99.314064 4.999998
v 118.872070 99.314064 4.999998
v 119.380066 99.822060 4.999998
v 119.380066 100.838058 4.999998
v 20.066011 101.600060 4.999998
v 19.050011 101.346062 4.999998
v 18.796011 101.092064 4.999998
v 18.542011 100.330063 4.999998
v 19.304012 99.568062 4.999998
v 20.320011 99.568062 4.999998
v 20.828012 100.076057 4.999998
v 20.828012 100.838058 4.999998
v 138.176071 102.108063 4.999998
v 137.922073 101.854057 4.999998
v 128.778076 94.234055 4.999998
v 130.556076 92.710052 4.999998
v 131.318069 93.726051 4.999998
v 131.826080 95.758057 4.999998
v 132.588074 96.520058 4.999998
v 134.112076 96.774063 4.999998
v 134.366074 96.266060 4.999998
v 134.112076 93.472054 4.999998
v 133.350082 91.440056 4.999998
v 133.350082 90.424057 4.999998
v 134.366074 88.392052 4.999998
v 134.112076 83.312050 4.999998
v 133.604080 82.550049 4.999998
v 133.604080 81.026047 4.999998
v 131.318069 77.978043 4.999998
v 129.032074 76.708046 4.999998
v 133.096069 74.676048 4.999998
v 134.620071 72.898048 4.999998
v 135.382080 70.866043 4.999998
v 134.874069 67.818039 4.999998
v 128.778076 71.120049 4.999998
v 127.000076 72.898048 4.999998
v 125.730080 75.438049 4.999998
v 123.444077 71.120049 4.999998
v 123.952080 70.612045 4.999998
v 126.238075 70.612045 4.999998
v 126.238075 67.818039 4.999998
v 127.254074 66.294037 4.999998
v 127.254074 64.516037 4.999998
v 125.984077 62.992039 4.999998
v 125.984077 60.198036 4.999998
v 123.190079 60.198036 4.999998
v 121.666077 59.182034 4.999998
v 120.396072 59.182034 4.999998
v 118.618065 60.452034 4.999998
v 116.078072 60.452034 4.999998
v 116.332069 62.738037 4.999998
v 114.808067 64.516037 4.999998
v 114.808067 66.548035 4.999998
v 116.332069 68.326035 4.999998
v 116.332069 70.612045 4.999998
v 118.618065 70.612045 4.999998
v 119.888069 71.628044 4.999998
v 120.904068 71.882050 4.999998
v 121.666077 72.644043 4.999998
v 122.682076 74.930046 4.999998
v 122.682076 75.438049 4.999998
v 122.174080 75.692047 4.999998
v 121.158066 74.930046 4.999998
v 119.380066 74.422043 4.999998
v 111.252068 74.422043 4.999998
v 112.014069 76.200043 4.999998
v 113.538071 77.724045 4.999998
v 116.586067 78.994049 4.999998
v 121.158066 79.502045 4.999998
v 117.348068 84.328056 4.999998
v 116.586067 84.074051 4.999998
v 110.744072 79.248047 4.999998
v 107.950058 76.454048 4.999998
v 104.902061 72.136047 4.999998
v 105.664063 68.072037 4.999998
v 105.664063 61.976040 4.999998
v 104.648064 56.896034 4.999998
v 101.346062 49.022030 4.999998
v 93.472054 37.084023 4.999998
v 89.916054 29.972017 4.999998
v 87.884056 23.876013 4.999998
v 86.360054 17.272009 4.999998
v 86.106056 9.144006 4.999998
v 138.684082 8.890006 4.999998
v 138.938080 102.108063 4.999998
v 69.088036 102.870064 4.999998
v 67.818039 102.616058 4.999998
v 67.818039 102.362061 4.999998
v 66.294037 97.790062 4.999998
v 63.500038 92.710052 4.999998
v 60.960037 89.408051 4.999998
v 56.134033 85.090050 4.999998
v 49.022030 81.534042 4.999998
v 42.672028 80.264046 4.999998
v 35.560024 80.264046 4.999998
v 34.798019 79.248047 4.999998
v 36.068024 78.740044 4.999998
v 38.862022 78.486046 4.999998
v 45.466026 78.994049 4.999998
v 52.070030 81.026047 4.999998
v 57.404034 84.074051 4.999998
v 62.230038 88.392052 4.999998
v 65.786041 93.218056 4.999998
v 67.818039 97.282059 4.999998
v 69.342041 101.854057 4.999998
v 125.730080 104.648064 4.999998
v 125.476074 104.394058 4.999998
v 125.984077 104.394058 4.999998
v 122.936073 105.410065 4.999998
v 122.936073 105.156059 4.999998
v 120.142067 100.076057 4.999998
v 120.650070 99.822060 4.999998
v 126.492073 101.346062 4.999998
v 125.476074 102.616058 4.999998
v 125.730080 104.140060 4.999998
v 123.952080 104.140060 4.999998
v 123.698074 105.410065 4.999998
v 128.016083 106.680061 4.999998
v 127.000076 106.426064 4.999998
v 126.746078 106.172058 4.999998
v 126.492073 105.410065 4.999998
v 127.508080 104.394058 4.999998
v 128.270081 104.648064 4.999998
v 128.778076 105.156059 4.999998
v 128.778076 105.918060 4.999998
v 26.416016 106.680061 4.999998
v 25.908016 106.426064 4.999998
v 25.654015 106.426064 4.999998
v 19.812012 104.902061 4.999998
v 21.336014 103.886063 4.999998
v 21.082014 102.362061 4.999998
v 22.606014 102.108063 4.999998
v 23.876013 100.584061 4.999998
v 24.384016 100.838058 4.999998
v 26.670015 105.918060 4.999998
v 130.556076 106.934059 4.999998
v 130.048080 106.680061 4.999998
v 129.794083 106.426064 4.999998
v 129.540070 105.410065 4.999998
v 130.302078 104.648064 4.999998
v 130.810074 104.648064 4.999998
v 131.572083 105.410065 4.999998
v 131.572083 106.172058 4.999998
v 28.956017 107.188065 4.999998
v 28.194017 106.934059 4.999998
v 27.940018 106.680061 4.999998
v 27.686018 105.410065 4.999998
v 28.956017 104.902061 4.999998
v 29.718018 105.664063 4.999998
v 29.718018 106.426064 4.999998
v 130.556076 108.458061 4.999998
v 130.810074 108.204063 4.999998
v 131.064072 108.458061 4.999998
v 138.430069 108.966072 4.999998
v 138.176071 108.712059 4.999998
v 109.982071 85.598053 4.999998
v 108.458061 84.074051 4.999998
v 109.728065 82.550049 4.999998
v 110.744072 83.312050 4.999998
v 138.684082 106.680061 4.999998
v 138.938080 108.966072 4.999998
v 128.778076 109.474068 4.999998
v 127.762077 109.220070 4.999998
v 127.508080 108.966072 4.999998
v 127.508080 107.950058 4.999998
v 128.270081 107.188065 4.999998
v 129.032074 107.442062 4.999998
v 129.540070 107.950058 4.999998
v 129.540070 108.712059 4.999998
v 27.178015 109.982071 4.999998
v 25.908016 109.728065 4.999998
v 25.654015 109.474068 4.999998
v 25.654015 108.458061 4.999998
v 26.162016 107.950058 4.999998
v 27.178015 107.950058 4.999998
v 27.686018 109.474068 4.999998
v 29.972017 110.236069 4.999998
v 28.956017 109.982071 4.999998
v 28.702017 109.728065 4.999998
v 28.448017 108.712059 4.999998
v 29.464018 107.950058 4.999998
v 30.226017 108.204063 4.999998
v 30.734018 108.966072 4.999998
v 30.480019 109.728065 4.999998
v 133.096069 114.046066 4.999998
v 133.096069 113.792068 4.999998
v 130.810074 108.712059 4.999998
v 132.080078 108.458061 4.999998
v 136.144073 109.474068 4.999998
v 136.906082 109.982071 4.999998
v 135.636078 111.252068 4.999998
v 136.398071 112.776070 4.999998
v 134.366074 113.030067 4.999998
v 133.604080 114.046066 4.999998
v 36.322021 115.062065 4.999998
v 35.306023 114.808067 4.999998
v 35.052017 114.808067 4.999998
v 30.480019 114.046066 4.999998
v 31.496019 113.030067 4.999998
v 30.988020 110.998070 4.999998
v 33.020020 110.744072 4.999998
v 33.782021 109.220070 4.999998
v 36.576023 114.554070 4.999998
v 137.922073 115.316071 4.999998
v 136.652069 115.062065 4.999998
v 136.398071 114.808067 4.999998
v 136.398071 113.792068 4.999998
v 136.906082 113.284065 4.999998
v 137.922073 113.284065 4.999998
v 138.430069 113.792068 4.999998
v 138.430069 114.808067 4.999998
v 39.370022 115.570068 4.999998
v 38.100021 115.316071 4.999998
v 37.846024 115.062065 4.999998
v 37.846024 114.046066 4.999998
v 38.354023 113.538071 4.999998
v 39.370022 113.538071 4.999998
v 39.878021 115.062065 4.999998
v 37.084023 118.618065 4.999998
v 36.068024 118.364067 4.999998
v 36.068024 118.110069 4.999998
v 35.814022 117.094070 4.999998
v 36.576023 116.332069 4.999998
v 37.846024 117.094070 4.999998
v 37.846024 117.856071 4.999998
v 40.386024 118.872070 4.999998
v 39.370022 118.618065 4.999998
v 39.116024 118.364067 4.999998
v 38.862022 117.348068 4.999998
v 39.878021 116.586067 4.999998
v 40.386024 116.840065 4.999998
v 40.894024 117.348068 4.999998
v 40.894024 118.364067 4.999998
v 45.466026 123.190079 4.999998
v 41.402023 122.174080 4.999998
v 42.418026 120.904068 4.999998
v 41.910027 119.380066 4.999998
v 43.942028 119.126068 4.999998
v 44.704025 117.602066 4.999998
v 47.244026 123.190079 4.999998
v 45.720028 123.190079 4.999998
v 138.176071 123.444077 4.999998
v 102.616058 93.726051 4.999998
v 101.600060 92.710052 4.999998
v 102.870064 91.186050 4.999998
v 137.668076 120.142067 4.999998
v 138.938080 121.412071 4.999998
v 138.938080 123.444077 4.999998
v 138.430069 123.444077 4.999998
v 54.610035 123.698074 4.999998
v 54.102032 123.444077 4.999998
v 53.848030 123.190079 4.999998
v 19.050011 94.488052 4.999998
v 18.542011 93.980057 4.999998
v 18.796011 91.948051 4.999998
v 53.340031 120.142067 4.999998
v 55.626034 122.174080 4.999998
v 49.784031 123.952080 4.999998
v 48.768032 123.698074 4.999998
v 48.514030 123.444077 4.999998
v 48.260029 122.428078 4.999998
v 49.276031 121.666077 4.999998
v 50.038029 121.920074 4.999998
v 50.546032 122.682076 4.999998
v 50.292030 123.444077 4.999998
v 27.178015 125.476074 4.999998
v 26.416016 125.222076 4.999998
v 26.162016 125.222076 4.999998
v 25.908016 124.206078 4.999998
v 26.416016 123.698074 4.999998
v 27.178015 123.698074 4.999998
v 27.686018 124.206078 4.999998
v 27.686018 124.968079 4.999998
v 47.498028 126.746078 4.999998
v 46.482025 126.492073 4.999998
v 46.228027 126.238075 4.999998
v 45.974026 125.476074 4.999998
v 46.736027 124.714073 4.999998
v 47.498028 124.714073 4.999998
v 48.260029 125.476074 4.999998
v 48.260029 125.984077 4.999998
v 49.530029 127.000076 4.999998
v 49.022030 126.492073 4.999998
v 49.022030 125.730080 4.999998
v 49.784031 124.968079 4.999998
v 50.546032 124.968079 4.999998
v 51.308029 125.984077 4.999998
v 50.800030 127.000076 4.999998
v 49.784031 127.000076 4.999998
v 27.940018 128.016083 4.999998
v 26.924015 127.762077 4.999998
v 26.670015 127.508080 4.999998
v 26.416016 127.000076 4.999998
v 27.940018 125.984077 4.999998
v 28.702017 126.746078 4.999998
v 28.702017 127.254074 4.999998
v 23.622013 128.016083 4.999998
v 23.622013 127.762077 4.999998
v 23.622013 126.492073 4.999998
v 24.638016 124.968079 4.999998
v 25.400015 124.968079 4.999998
v 26.670015 125.984077 4.999998
v 24.130014 128.016083 4.999998
v 69.088036 129.794083 4.999998
v 67.310036 129.540070 4.999998
v 67.056038 129.540070 4.999998
v 66.294037 128.270081 4.999998
v 67.564041 126.492073 4.999998
v 65.786041 127.254074 4.999998
v 64.516037 126.238075 4.999998
v 64.516037 124.968079 4.999998
v 65.532036 123.698074 4.999998
v 66.802040 123.698074 4.999998
v 67.818039 124.460075 4.999998
v 67.310036 122.428078 4.999998
v 69.342041 122.682076 4.999998
v 68.834038 123.444077 4.999998
v 68.834038 124.460075 4.999998
v 69.342041 123.698074 4.999998
v 70.866043 123.698074 4.999998
v 71.882050 124.714073 4.999998
v 71.882050 126.238075 4.999998
v 71.120049 127.000076 4.999998
v 70.358040 127.254074 4.999998
v 69.342041 126.746078 4.999998
v 70.104034 128.016083 4.999998
v 69.850037 129.032074 4.999998
v 29.210016 130.048080 4.999998
v 28.194017 129.794083 4.999998
v 27.940018 129.794083 4.999998
v 27.686018 129.032074 4.999998
v 28.956017 128.016083 4.999998
v 29.972017 129.032074 4.999998
v 23.876013 131.572083 4.999998
v 23.622013 131.318069 4.999998
v 23.876013 129.032074 4.999998
v 25.908016 127.254074 4.999998
v 26.416016 128.016083 4.999998
v 26.924015 128.016083 4.999998
v 27.178015 128.524078 4.999998
v 25.146015 130.302078 4.999998
v 24.384016 131.572083 4.999998
v 47.244026 132.080078 4.999998
v 46.990028 131.826080 4.999998
v 18.796011 108.966072 4.999998
v 18.542011 106.426064 4.999998
v 19.050011 106.172058 4.999998
v 22.860014 109.220070 4.999998
v 48.768032 130.302078 4.999998
v 49.022030 130.556076 4.999998
v 48.260029 131.572083 4.999998
v 28.956017 132.334076 4.999998
v 28.956017 132.080078 4.999998
v 30.226017 130.810074 4.999998
v 30.734018 131.318069 4.999998
v 30.480019 132.334076 4.999998
v 25.654015 134.620071 4.999998
v 24.892015 134.366074 4.999998
v 24.892015 134.112076 4.999998
v 24.892015 131.826080 4.999998
v 26.670015 129.540070 4.999998
v 28.956017 130.556076 4.999998
v 114.554070 135.636078 4.999998
v 111.506065 135.382080 4.999998
v 105.156059 133.350082 4.999998
v 100.584061 130.810074 4.999998
v 97.282059 128.270081 4.999998
v 93.980057 124.714073 4.999998
v 91.440056 120.904068 4.999998
v 89.408051 116.586067 4.999998
v 88.392052 113.538071 4.999998
v 88.392052 111.760071 4.999998
v 89.408051 111.760071 4.999998
v 90.170052 112.522072 4.999998
v 90.170052 113.538071 4.999998
v 91.440056 117.094070 4.999998
v 94.742050 122.936073 4.999998
v 100.584061 128.778076 4.999998
v 105.156059 131.572083 4.999998
v 109.982071 133.350082 4.999998
v 116.586067 134.366074 4.999998
v 121.666077 134.112076 4.999998
v 122.428078 135.128082 4.999998
v 121.666077 135.636078 4.999998
v 114.808067 135.636078 4.999998
v 47.498028 135.636078 4.999998
v 47.244026 135.382080 4.999998
v 46.482025 134.620071 4.999998
v 57.150036 121.666077 4.999998
v 58.166035 120.904068 4.999998
v 59.182034 122.174080 4.999998
v 49.276031 134.366074 4.999998
v 48.006031 135.636078 4.999998
v 94.742050 136.906082 4.999998
v 93.726051 135.636078 4.999998
v 94.742050 133.858078 4.999998
v 92.964050 134.366074 4.999998
v 91.948051 132.842072 4.999998
v 92.202057 131.572083 4.999998
v 93.472054 130.810074 4.999998
v 95.250053 131.826080 4.999998
v 94.742050 129.794083 4.999998
v 96.520058 129.794083 4.999998
v 96.774063 130.302078 4.999998
v 96.266060 131.826080 4.999998
v 97.282059 131.064072 4.999998
v 98.298058 131.064072 4.999998
v 99.568062 132.842072 4.999998
v 98.298058 134.620071 4.999998
v 96.774063 134.112076 4.999998
v 97.282059 134.874069 4.999998
v 97.282059 136.144073 4.999998
v 96.520058 136.906082 4.999998
v 94.996056 136.906082 4.999998
v 28.702017 137.160080 4.999998
v 26.924015 136.906082 4.999998
v 26.670015 136.906082 4.999998
v 26.162016 136.398071 4.999998
v 26.162016 135.128082 4.999998
v 27.178015 133.350082 4.999998
v 27.940018 132.842072 4.999998
v 30.480019 132.842072 4.999998
v 30.734018 133.350082 4.999998
v 29.464018 134.874069 4.999998
v 29.210016 136.652069 4.999998
v 30.226017 137.668076 4.999998
v 30.226017 137.414078 4.999998
v 30.988020 136.398071 4.999998
v 32.766018 135.636078 4.999998
v 32.004021 135.382080 4.999998
v 30.226017 136.398071 4.999998
v 29.718018 136.144073 4.999998
v 29.718018 135.636078 4.999998
v 33.020020 132.842072 4.999998
v 33.528019 131.572083 4.999998
v 33.782021 128.778076 4.999998
v 33.528019 128.524078 4.999998
v 33.274017 129.286072 4.999998
v 32.766018 132.334076 4.999998
v 32.004021 133.096069 4.999998
v 31.496019 132.842072 4.999998
v 31.496019 131.572083 4.999998
v 30.226017 130.048080 4.999998
v 30.226017 128.270081 4.999998
v 28.956017 127.254074 4.999998
v 28.956017 126.492073 4.999998
v 27.940018 125.222076 4.999998
v 28.194017 124.460075 4.999998
v 27.432016 123.190079 4.999998
v 28.702017 121.666077 4.999998
v 39.624023 130.302078 4.999998
v 35.306023 135.382080 4.999998
v 34.290020 135.636078 4.999998
v 31.496019 137.668076 4.999998
v 137.922073 141.224091 4.999998
v 138.176071 140.970093 4.999998
v 138.430069 141.224091 4.999998
v 120.142067 145.034088 4.999998
v 120.396072 144.780090 4.999998
v 123.190079 142.494095 4.999998
v 125.984077 140.970093 4.999998
v 128.524078 140.208069 4.999998
v 131.064072 139.700073 4.999998
v 135.382080 139.700073 4.999998
v 137.922073 140.970093 4.999998
v 129.032074 141.986084 4.999998
v 121.158066 144.780090 4.999998
v 120.904068 145.034088 4.999998
v 120.396072 144.780090 4.999998
v 120.650070 145.034088 4.999998
v 117.856071 145.034088 4.999998
v 116.078072 144.780090 4.999998
v 115.824066 144.526093 4.999998
v 115.316071 144.018097 4.999998
v 115.570068 142.240097 4.999998
v 114.300072 142.494095 4.999998
v 113.284065 141.224091 4.999998
v 113.538071 139.700073 4.999998
v 114.808067 138.938080 4.999998
v 116.586067 139.700073 4.999998
v 116.078072 138.176071 4.999998
v 116.332069 137.668076 4.999998
v 118.110069 137.922073 4.999998
v 117.602066 139.700073 4.999998
v 118.618065 138.938080 4.999998
v 119.888069 138.938080 4.999998
v 120.904068 140.208069 4.999998
v 120.650070 141.478088 4.999998
v 119.634071 142.494095 4.999998
v 118.364067 142.240097 4.999998
v 118.872070 143.002090 4.999998
v 118.872070 144.018097 4.999998
v 70.866043 145.034088 4.999998
v 69.596039 144.780090 4.999998
v 69.342041 144.780090 4.999998
v 68.326035 143.510086 4.999998
v 69.088036 141.986084 4.999998
v 67.564041 142.494095 4.999998
v 66.294037 140.716080 4.999998
v 66.548035 139.954071 4.999998
v 67.818039 138.938080 4.999998
v 68.580040 138.938080 4.999998
v 69.850037 139.700073 4.999998
v 69.342041 137.668076 4.999998
v 71.628044 137.922073 4.999998
v 70.612045 139.700073 4.999998
v 71.882050 138.938080 4.999998
v 72.644043 138.938080 4.999998
v 73.914047 140.208069 4.999998
v 73.914047 141.478088 4.999998
v 72.898048 142.494095 4.999998
v 71.374046 141.986084 4.999998
v 72.136047 143.510086 4.999998
v 71.882050 144.272095 4.999998
v 119.634071 145.288086 4.999998
v 119.888069 145.034088 4.999998
v 120.142067 145.288086 4.999998
v 103.378059 145.288086 4.999998
v 101.854057 145.034088 4.999998
v 101.600060 144.780090 4.999998
v 100.838058 144.018097 4.999998
v 100.838058 143.256088 4.999998
v 101.600060 142.240097 4.999998
v 100.584061 142.748093 4.999998
v 99.568062 142.494095 4.999998
v 98.806061 141.478088 4.999998
v 99.060059 139.954071 4.999998
v 100.076057 139.192078 4.999998
v 101.600060 139.446075 4.999998
v 102.108063 139.954071 4.999998
v 101.600060 137.922073 4.999998
v 103.632065 138.176071 4.999998
v 103.124062 139.954071 4.999998
v 104.140060 139.192078 4.999998
v 105.664063 139.446075 4.999998
v 106.426064 140.462082 4.999998
v 106.172058 141.986084 4.999998
v 105.156059 142.748093 4.999998
v 103.886063 142.494095 4.999998
v 104.394058 143.256088 4.999998
v 104.394058 144.272095 4.999998
v 59.944035 146.304092 4.999998
v 57.658035 146.050095 4.999998
v 57.912033 145.796097 4.999998
v 59.690033 143.510086 4.999998
v 60.960037 140.970093 4.999998
v 61.722038 137.922073 4.999998
v 61.722038 134.874069 4.999998
v 60.198036 130.302078 4.999998
v 56.896034 126.238075 4.999998
v 56.896034 125.730080 4.999998
v 57.912033 124.714073 4.999998
v 60.452034 127.000076 4.999998
v 62.230038 129.540070 4.999998
v 63.754040 134.620071 4.999998
v 63.500038 139.192078 4.999998
v 61.468037 144.272095 4.999998
v 115.062065 150.876099 4.999998
v 115.062065 150.622086 4.999998
v 117.094070 148.082092 4.999998
v 121.666077 145.288086 4.999998
v 127.762077 143.002090 4.999998
v 129.794083 142.494095 4.999998
v 131.064072 142.748093 4.999998
v 128.016083 144.780090 4.999998
v 123.698074 146.304092 4.999998
v 116.586067 150.368088 4.999998
v 113.030067 155.194092 4.999998
v 112.522072 154.940094 4.999998
v 113.030067 153.924088 4.999998
v 114.808067 152.146088 4.999998
v 118.110069 149.860092 4.999998
v 125.730080 146.050095 4.999998
v 126.492073 146.304092 4.999998
v 125.222076 147.828094 4.999998
v 123.952080 149.098099 4.999998
v 119.888069 150.876099 4.999998
v 113.284065 154.940094 4.999998
v 112.014069 155.448090 4.999998
v 112.268066 155.194092 4.999998
v 112.776070 155.194092 4.999998
v 112.522072 155.448090 4.999998
v 108.712059 161.036087 4.999998
v 108.966072 160.782089 4.999998
v 109.220070 161.036087 4.999998
v 108.966072 160.528091 4.999998
v 109.474068 159.512085 4.999998
v 111.506065 156.972092 4.999998
v 122.682076 150.114090 4.999998
v 123.190079 150.622086 4.999998
v 122.428078 152.146088 4.999998
v 116.332069 155.702087 4.999998
v 109.474068 160.782089 4.999998
v 109.220070 161.036087 4.999998
v 106.172058 166.116089 4.999998
v 106.172058 165.862091 4.999998
v 107.188065 163.576096 4.999998
v 111.252068 160.020096 4.999998
v 118.110069 155.194092 4.999998
v 120.904068 153.670090 4.999998
v 121.412071 153.924088 4.999998
v 121.158066 153.670090 4.999998
v 121.666077 153.670090 4.999998
v 121.412071 153.924088 4.999998
v 120.142067 156.210098 4.999998
v 112.776070 160.782089 4.999998
v 106.680061 166.116089 4.999998
v 135.636078 170.180099 4.999998
v 130.302078 169.926102 4.999998
v 130.048080 169.926102 4.999998
v 126.746078 169.164108 4.999998
v 124.714073 168.148102 4.999998
v 124.460075 167.386108 4.999998
v 138.684082 144.526093 4.999998
v 138.938080 169.418106 4.999998
v 138.430069 169.926102 4.999998
v 102.362061 170.180099 4.999998
v 102.108063 169.926102 4.999998
v 95.504051 164.846085 4.999998
v 105.664063 164.592087 4.999998
v 105.918060 164.846085 4.999998
v 103.124062 170.180099 4.999998
v 103.378059 171.704102 4.999998
v 103.378059 171.450104 4.999998
v 104.394058 169.164108 4.999998
v 108.712059 164.846085 4.999998
v 115.570068 159.512085 4.999998
v 118.364067 157.734085 4.999998
v 119.634071 157.480087 4.999998
v 118.110069 160.274094 4.999998
v 111.506065 164.592087 4.999998
v 103.886063 171.704102 4.999998
v 101.600060 176.276108 4.999998
v 101.600060 176.022110 4.999998
v 102.108063 174.498108 4.999998
v 108.204063 168.402100 4.999998
v 114.046066 163.576096 4.999998
v 116.332069 162.052094 4.999998
v 117.348068 161.798096 4.999998
v 116.586067 163.830093 4.999998
v 115.824066 164.592087 4.999998
v 109.474068 169.164108 4.999998
v 102.108063 176.276108 4.999998
v 99.822060 180.848114 4.999998
v 99.822060 180.594101 4.999998
v 101.092064 178.054108 4.999998
v 107.950058 171.196106 4.999998
v 113.792068 166.370087 4.999998
v 115.316071 165.354095 4.999998
v 115.824066 165.608093 4.999998
v 114.046066 168.656113 4.999998
v 113.030067 169.672104 4.999998
v 108.966072 172.466110 4.999998
v 100.330063 180.848114 4.999998
v 73.914047 185.166107 4.999998
v 73.914047 184.912109 4.999998
v 74.168045 184.404114 4.999998
v 74.676048 184.404114 4.999998
v 74.676048 184.912109 4.999998
v 98.298058 185.420105 4.999998
v 98.298058 185.166107 4.999998
v 98.806061 183.642105 4.999998
v 105.156059 176.784103 4.999998
v 111.506065 171.196106 4.999998
v 112.522072 171.196106 4.999998
v 111.760071 173.228104 4.999998
v 103.886063 180.086105 4.999998
v 98.806061 185.420105 4.999998
v 86.868050 185.674103 4.999998
v 86.614052 185.420105 4.999998
v 87.122055 184.912109 4.999998
v 87.376053 185.674103 4.999998
v 80.264046 185.928101 4.999998
v 79.502045 185.674103 4.999998
v 79.248047 185.420105 4.999998
v 78.740044 184.404114 4.999998
v 79.756042 184.404114 4.999998
v 80.772049 185.420105 4.999998
v 74.930046 185.928101 4.999998
v 74.676048 185.420105 4.999998
v 75.946045 183.896103 4.999998
v 77.978043 184.150101 4.999998
v 78.740044 185.166107 4.999998
v 78.740044 185.928101 4.999998
v 78.232048 185.928101 4.999998
v 77.978043 185.674103 4.999998
v 77.470047 184.912109 4.999998
v 76.454048 184.658112 4.999998
v 93.726051 186.436111 4.999998
v 92.710052 186.182114 4.999998
v 92.456055 185.928101 4.999998
v 91.948051 184.912109 4.999998
v 93.472054 184.912109 4.999998
v 94.234055 185.928101 4.999998
v 91.694054 186.436111 4.999998
v 90.424057 185.166107 4.999998
v 89.408051 184.912109 4.999998
v 88.138054 186.182114 4.999998
v 87.630051 186.182114 4.999998
v 87.630051 185.928101 4.999998
v 89.408051 184.150101 4.999998
v 90.932053 184.404114 4.999998
v 91.948051 185.674103 4.999998
v 77.216049 189.230103 4.999998
v 75.438049 188.976105 4.999998
v 75.184044 188.976105 4.999998
v 73.914047 187.960114 4.999998
v 73.914047 186.944107 4.999998
v 75.692047 187.452103 4.999998
v 80.264046 187.706100 4.999998
v 97.028061 189.484100 4.999998
v 97.028061 189.230103 4.999998
v 97.536064 187.706100 4.999998
v 99.822060 185.166107 4.999998
v 108.458061 176.784103 4.999998
v 109.728065 175.768112 4.999998
v 110.236069 176.022110 4.999998
v 108.966072 178.562103 4.999998
v 106.172058 180.848114 4.999998
v 97.536064 189.484100 4.999998
v 90.932053 189.484100 4.999998
v 89.662056 189.230103 4.999998
v 89.408051 189.230103 4.999998
v 87.630051 188.722107 4.999998
v 87.122055 188.214111 4.999998
v 87.376053 187.706100 4.999998
v 93.980057 187.706100 4.999998
v 93.980057 188.214111 4.999998
v 92.456055 188.976105 4.999998
v 78.994049 191.516113 4.999998
v 75.184044 191.262100 4.999998
v 74.930046 191.262100 4.999998
v 73.660049 190.246109 4.999998
v 73.914047 188.976105 4.999998
v 75.692047 189.484100 4.999998
v 77.724045 189.484100 4.999998
v 80.772049 187.960114 4.999998
v 81.026047 189.738113 4.999998
v 80.010048 191.008102 4.999998
v 96.012062 193.548126 4.999998
v 96.012062 193.294128 4.999998
v 96.520058 191.516113 4.999998
v 101.346062 186.436111 4.999998
v 106.934059 181.102112 4.999998
v 107.442062 181.356110 4.999998
v 105.918060 184.150101 4.999998
v 96.520058 193.548126 4.999998
v 95.758057 197.358124 4.999998
v 95.250053 197.104126 4.999998
v 95.250053 196.850128 4.999998
v 95.504051 195.580124 4.999998
v 99.060059 191.770111 4.999998
v 103.886063 186.944107 4.999998
v 104.394058 187.198105 4.999998
v 103.124062 189.738113 4.999998
v 94.488052 201.168121 4.999998
v 94.488052 200.914124 4.999998
v 94.488052 199.898117 4.999998
v 94.996056 199.136124 4.999998
v 101.092064 192.786118 4.999998
v 101.600060 192.786118 4.999998
v 101.346062 192.532120 4.999998
v 101.854057 192.532120 4.999998
v 101.600060 192.786118 4.999998
v 98.806061 197.104126 4.999998
v 94.996056 201.168121 4.999998
v 82.550049 204.216125 4.999998
v 82.550049 203.962128 4.999998
v 80.264046 199.136124 4.999998
v 78.994049 197.358124 4.999998
v 76.962044 195.072128 4.999998
v 73.406044 192.278122 4.999998
v 73.660049 191.770111 4.999998
v 76.200043 192.786118 4.999998
v 78.994049 192.532120 4.999998
v 80.772049 191.262100 4.999998
v 81.534042 189.484100 4.999998
v 81.534042 185.928101 4.999998
v 79.756042 180.340103 4.999998
v 79.502045 178.308105 4.999998
v 81.534042 176.276108 4.999998
v 81.788048 174.498108 4.999998
v 81.534042 175.260101 4.999998
v 78.740044 177.800110 4.999998
v 78.740044 179.070114 4.999998
v 79.756042 182.118103 4.999998
v 78.994049 182.372101 4.999998
v 76.454048 181.102112 4.999998
v 79.248047 182.880112 4.999998
v 79.756042 183.642105 4.999998
v 78.994049 183.896103 4.999998
v 77.724045 183.388107 4.999998
v 74.168045 183.388107 4.999998
v 74.168045 180.086105 4.999998
v 74.930046 175.768112 4.999998
v 77.216049 167.894104 4.999998
v 78.486046 165.354095 4.999998
v 80.010048 163.322098 4.999998
v 81.788048 161.798096 4.999998
v 83.058044 161.290085 4.999998
v 86.106056 161.290085 4.999998
v 90.170052 162.560089 4.999998
v 94.488052 164.846085 4.999998
v 99.060059 168.148102 4.999998
v 102.362061 171.196106 4.999998
v 97.536064 185.166107 4.999998
v 96.774063 185.928101 4.999998
v 95.758057 185.928101 4.999998
v 93.218056 184.404114 4.999998
v 90.424057 183.642105 4.999998
v 86.868050 184.404114 4.999998
v 86.614052 183.896103 4.999998
v 90.678055 180.086105 4.999998
v 88.138054 181.610107 4.999998
v 86.360054 183.388107 4.999998
v 85.852051 184.404114 4.999998
v 85.852051 188.214111 4.999998
v 88.392052 189.738113 4.999998
v 92.456055 189.738113 4.999998
v 93.980057 188.976105 4.999998
v 96.266060 186.944107 4.999998
v 96.774063 187.198105 4.999998
v 96.774063 188.214111 4.999998
v 96.012062 189.992111 4.999998
v 93.980057 191.516113 4.999998
v 89.662056 192.024124 4.999998
v 86.106056 191.008102 4.999998
v 85.344055 191.262100 4.999998
v 85.598053 192.024124 4.999998
v 88.392052 193.040115 4.999998
v 92.456055 192.786118 4.999998
v 95.250053 191.516113 4.999998
v 95.504051 192.532120 4.999998
v 94.996056 193.040115 4.999998
v 90.932053 194.564117 4.999998
v 88.138054 196.596115 4.999998
v 85.344055 199.644119 4.999998
v 83.058044 204.216125 4.999998
v 95.758057 204.978119 4.999998
v 96.012062 204.724121 4.999998
v 120.904068 156.210098 4.999998
v 124.206078 150.114090 4.999998
v 126.238075 147.320099 4.999998
v 129.032074 144.780090 4.999998
v 133.096069 142.494095 4.999998
v 136.144073 141.732086 4.999998
v 138.176071 141.732086 4.999998
v 138.938080 142.494095 4.999998
v 132.080078 144.272095 4.999998
v 129.286072 146.050095 4.999998
v 126.746078 148.844086 4.999998
v 112.522072 175.260101 4.999998
v 97.282059 204.978119 4.999998
v 93.980057 204.978119 4.999998
v 93.980057 204.724121 4.999998
v 94.234055 202.946121 4.999998
v 97.282059 199.390121 4.999998
v 98.298058 198.882126 4.999998
v 95.250053 204.978119 4.999998
v 83.566055 204.978119 4.999998
v 83.566055 204.724121 4.999998
v 85.344055 200.660126 4.999998
v 89.154053 196.596115 4.999998
v 92.964050 194.310120 4.999998
v 94.234055 193.802124 4.999998
v 94.996056 194.056122 4.999998
v 94.996056 194.818115 4.999998
v 94.234055 195.580124 4.999998
v 91.694054 196.596115 4.999998
v 89.916054 197.866119 4.999998
v 86.360054 201.676117 4.999998
v 84.582054 204.978119 4.999998
v 76.454048 204.978119 4.999998
v 76.200043 204.724121 4.999998
v 74.930046 201.930115 4.999998
v 73.406044 200.152115 4.999998
v 73.406044 199.136124 4.999998
v 73.914047 198.882126 4.999998
v 75.438049 200.406128 4.999998
v 77.470047 203.708115 4.999998
v 77.724045 204.978119 4.999998
v 130.048080 205.232117 4.999998
v 130.048080 204.978119 4.999998
v 129.794083 196.850128 4.999998
v 131.318069 187.198105 4.999998
v 132.842072 182.626114 4.999998
v 135.128082 177.546112 4.999998
v 138.430069 172.212112 4.999998
v 138.938080 172.212112 4.999998
v 138.938080 205.232117 4.999998
v 91.186050 205.232117 4.999998
v 89.916054 204.978119 4.999998
v 90.170052 204.724121 4.999998
v 92.456055 201.930115 4.999998
v 93.472054 201.930115 4.999998
v 93.218056 203.200119 4.999998
v 88.900055 205.232117 4.999998
v 87.630051 204.978119 4.999998
v 87.630051 204.724121 4.999998
v 89.154053 202.438126 4.999998
v 90.932053 200.660126 4.999998
v 93.218056 198.882126 4.999998
v 93.726051 199.136124 4.999998
v 93.726051 200.152115 4.999998
v 90.678055 202.692123 4.999998
v 86.614052 205.232117 4.999998
v 85.598053 204.978119 4.999998
v 85.598053 204.724121 4.999998
v 87.630051 201.168121 4.999998
v 90.932053 197.866119 4.999998
v 92.964050 196.596115 4.999998
v 94.488052 196.596115 4.999998
v 94.488052 197.104126 4.999998
v 93.472054 198.120117 4.999998
v 90.932053 199.644119 4.999998
v 88.900055 201.676117 4.999998
v 81.534042 205.232117 4.999998
v 80.518044 204.978119 4.999998
v 80.264046 204.724121 4.999998
v 79.756042 202.438126 4.999998
v 77.724045 198.882126 4.999998
v 74.930046 195.834122 4.999998
v 73.152046 194.564117 4.999998
v 73.152046 193.802124 4.999998
v 73.660049 193.294128 4.999998
v 74.930046 194.056122 4.999998
v 77.470047 196.596115 4.999998
v 80.010048 200.152115 4.999998
v 82.042046 204.724121 4.999998
v 79.502045 205.232117 4.999998
v 78.486046 204.978119 4.999998
v 78.486046 204.724121 4.999998
v 77.216049 201.676117 4.999998
v 73.406044 197.104126 4.999998
v 73.660049 196.088120 4.999998
v 74.930046 196.596115 4.999998
v 78.486046 201.168121 4.999998
v 79.756042 203.962128 4.999998
v 74.930046 205.486115 4.999998
v 74.422043 205.232117 4.999998
v 74.168045 204.978119 4.999998
v 73.660049 204.216125 4.999998
v 73.660049 202.438126 4.999998
v 74.168045 202.184128 4.999998
v 75.438049 204.724121 4.999998
v 71.374046 205.486115 4.999998
v 18.542011 205.232117 4.999998
v 18.542011 204.978119 4.999998
v 18.796011 113.538071 4.999998
v 28.194017 121.158066 4.999998
v 26.670015 122.682076 4.999998
v 25.908016 121.666077 4.999998
v 25.146015 119.380066 4.999998
v 23.876013 118.364067 4.999998
v 22.860014 118.872070 4.999998
v 23.114014 121.158066 4.999998
v 24.384016 124.206078 4.999998
v 23.114014 126.746078 4.999998
v 23.368013 132.334076 4.999998
v 26.416016 137.414078 4.999998
v 29.210016 137.668076 4.999998
v 29.464018 138.176071 4.999998
v 25.908016 139.700073 4.999998
v 22.860014 141.986084 4.999998
v 22.098013 143.764099 4.999998
v 22.098013 147.574097 4.999998
v 24.638016 145.542099 4.999998
v 28.448017 143.764099 4.999998
v 29.972017 141.986084 4.999998
v 31.242020 139.192078 4.999998
v 33.782021 144.018097 4.999998
v 31.750019 144.272095 4.999998
v 31.750019 146.558090 4.999998
v 30.226017 148.336090 4.999998
v 29.972017 150.114090 4.999998
v 31.496019 152.146088 4.999998
v 31.750019 154.432098 4.999998
v 33.782021 154.686096 4.999998
v 35.052017 155.956085 4.999998
v 37.338024 155.956085 4.999998
v 38.862022 154.686096 4.999998
v 41.402023 154.686096 4.999998
v 41.656025 151.892090 4.999998
v 42.672028 150.368088 4.999998
v 42.672028 148.590088 4.999998
v 41.402023 147.066086 4.999998
v 41.402023 144.272095 4.999998
v 38.862022 144.272095 4.999998
v 37.846024 143.256088 4.999998
v 35.814022 143.002090 4.999998
v 34.290020 139.700073 4.999998
v 35.052017 139.446075 4.999998
v 36.322021 140.208069 4.999998
v 38.608025 140.716080 4.999998
v 46.228027 140.716080 4.999998
v 46.228027 140.208069 4.999998
v 45.720028 139.192078 4.999998
v 43.180027 136.906082 4.999998
v 36.322021 135.382080 4.999998
v 40.386024 131.064072 4.999998
v 44.704025 134.366074 4.999998
v 50.292030 139.954071 4.999998
v 52.324032 142.494095 4.999998
v 51.816032 146.558090 4.999998
v 51.816032 151.384094 4.999998
v 52.324032 155.194092 4.999998
v 54.102032 161.290085 4.999998
v 56.642033 166.624100 4.999998
v 65.024040 179.070114 4.999998
v 68.580040 185.674103 4.999998
v 70.612045 192.278122 4.999998
v 71.628044 199.390121 4.999998
v 17.018009 206.756119 4.999998
v 17.272009 206.756119 4.999998
v 140.462082 206.756119 4.999998
v 140.462082 7.620005 4.999998
v 17.018009 7.620005 4.999998
v 64.770035 10.668007 3.000000
v 64.770035 10.414006 3.000000
v 65.024040 8.890006 3.000000
v 66.294037 9.144006 3.000000
v 66.040039 9.906006 3.000000
v 65.278038 10.668007 3.000000
v 83.566055 11.938006 3.000000
v 83.312050 11.684007 3.000000
v 82.296043 9.397996 3.000000
v 82.804047 8.890006 3.000000
v 83.566055 8.890006 3.000000
v 84.074051 9.397996 3.000000
v 84.074051 11.938006 3.000000
v 64.770035 13.716008 3.000000
v 64.262039 13.462008 3.000000
v 64.262039 13.208008 3.000000
v 64.262039 12.446008 3.000000
v 67.056038 9.144006 3.000000
v 68.326035 9.144006 3.000000
v 67.310036 11.176006 3.000000
v 83.820053 15.494010 3.000000
v 83.566055 15.240009 3.000000
v 82.296043 13.716008 3.000000
v 80.518044 10.414006 3.000000
v 80.264046 9.397996 3.000000
v 81.280045 8.890006 3.000000
v 82.550049 11.684007 3.000000
v 84.074051 13.716008 3.000000
v 84.328056 15.494010 3.000000
v 60.198036 15.494010 3.000000
v 60.452034 15.240009 3.000000
v 60.706036 15.494010 3.000000
v 60.452034 14.986009 3.000000
v 62.992039 10.160006 3.000000
v 63.500038 9.652006 3.000000
v 64.008041 10.160006 3.000000
v 63.754040 11.430007 3.000000
v 62.230038 13.970009 3.000000
v 60.960037 15.240009 3.000000
v 60.706036 15.494010 3.000000
v 64.262039 16.510010 3.000000
v 63.500038 16.256010 3.000000
v 63.500038 16.002010 3.000000
v 64.008041 14.986009 3.000000
v 67.818039 11.430007 3.000000
v 69.596039 8.890006 3.000000
v 70.612045 9.144006 3.000000
v 70.104034 10.922007 3.000000
v 67.818039 13.970009 3.000000
v 65.278038 16.002010 3.000000
v 83.820053 19.050011 3.000000
v 83.566055 18.796011 3.000000
v 81.534042 16.764009 3.000000
v 79.248047 13.208008 3.000000
v 77.978043 9.652006 3.000000
v 78.740044 8.890006 3.000000
v 79.248047 9.144006 3.000000
v 79.756042 9.652006 3.000000
v 81.026047 13.208008 3.000000
v 84.328056 17.018009 3.000000
v 84.582054 18.796011 3.000000
v 63.246037 19.050011 3.000000
v 62.992039 18.796011 3.000000
v 63.754040 17.272009 3.000000
v 65.532036 16.510010 3.000000
v 67.818039 14.732009 3.000000
v 70.358040 11.430007 3.000000
v 71.120049 9.652006 3.000000
v 71.882050 8.890006 3.000000
v 72.898048 8.890006 3.000000
v 73.152046 9.652006 3.000000
v 72.136047 11.684007 3.000000
v 69.596039 14.986009 3.000000
v 66.040039 18.034012 3.000000
v 64.262039 19.050011 3.000000
v 62.484039 21.336014 3.000000
v 62.484039 21.082014 3.000000
v 62.992039 20.066011 3.000000
v 65.786041 18.796011 3.000000
v 68.326035 17.018009 3.000000
v 71.374046 13.716008 3.000000
v 73.406044 9.652006 3.000000
v 74.168045 8.890006 3.000000
v 74.930046 9.397996 3.000000
v 74.422043 11.176006 3.000000
v 72.136047 14.986009 3.000000
v 68.580040 18.796011 3.000000
v 63.754040 21.336014 3.000000
v 84.074051 21.590014 3.000000
v 83.566055 21.336014 3.000000
v 83.312050 21.082014 3.000000
v 79.502045 17.526009 3.000000
v 77.724045 14.732009 3.000000
v 75.946045 10.160006 3.000000
v 75.946045 9.397996 3.000000
v 76.454048 8.890006 3.000000
v 77.216049 8.890006 3.000000
v 77.978043 11.938006 3.000000
v 79.756042 15.240009 3.000000
v 82.296043 18.542011 3.000000
v 84.328056 20.320011 3.000000
v 84.582054 21.082014 3.000000
v 56.388035 22.860014 3.000000
v 56.642033 22.606014 3.000000
v 56.896034 22.860014 3.000000
v 56.642033 22.098013 3.000000
v 57.150036 21.082014 3.000000
v 60.198036 16.764009 3.000000
v 62.484039 14.478008 3.000000
v 62.992039 14.732009 3.000000
v 62.992039 15.240009 3.000000
v 62.230038 16.764009 3.000000
v 57.150036 22.606014 3.000000
v 56.896034 22.860014 3.000000
v 84.074051 23.114014 3.000000
v 83.820053 22.860014 3.000000
v 84.328056 22.860014 3.000000
v 76.708046 26.924015 3.000000
v 76.708046 26.670015 3.000000
v 76.962044 24.892015 3.000000
v 78.994049 23.368013 3.000000
v 82.550049 23.368013 3.000000
v 84.582054 24.638016 3.000000
v 84.328056 26.670015 3.000000
v 83.312050 25.908016 3.000000
v 80.264046 25.654015 3.000000
v 77.470047 26.924015 3.000000
v 63.754040 27.940018 3.000000
v 62.738037 27.686018 3.000000
v 62.992039 27.432016 3.000000
v 65.278038 26.162016 3.000000
v 69.088036 25.908016 3.000000
v 70.358040 26.416016 3.000000
v 71.374046 27.686018 3.000000
v 70.612045 27.940018 3.000000
v 68.072037 26.924015 3.000000
v 64.770035 27.432016 3.000000
v 83.820053 28.448017 3.000000
v 83.566055 28.194017 3.000000
v 82.042046 27.432016 3.000000
v 79.502045 27.432016 3.000000
v 77.724045 27.940018 3.000000
v 77.470047 27.432016 3.000000
v 78.486046 26.670015 3.000000
v 81.534042 25.908016 3.000000
v 83.312050 26.416016 3.000000
v 84.582054 27.686018 3.000000
v 84.582054 28.448017 3.000000
v 53.340031 28.448017 3.000000
v 53.594032 28.194017 3.000000
v 53.848030 28.448017 3.000000
v 53.594032 27.940018 3.000000
v 54.356030 26.416016 3.000000
v 58.928036 21.336014 3.000000
v 61.722038 18.542011 3.000000
v 62.230038 18.796011 3.000000
v 61.976040 19.812012 3.000000
v 56.388035 26.162016 3.000000
v 54.102032 28.194017 3.000000
v 53.848030 28.448017 3.000000
v 70.358040 29.972017 3.000000
v 70.612045 29.718018 3.000000
v 71.120049 29.972017 3.000000
v 77.724045 30.480019 3.000000
v 77.470047 30.226017 3.000000
v 77.216049 29.464018 3.000000
v 77.724045 28.956017 3.000000
v 78.486046 29.210016 3.000000
v 78.994049 30.480019 3.000000
v 83.566055 30.988020 3.000000
v 82.804047 30.734018 3.000000
v 83.058044 30.480019 3.000000
v 83.566055 29.972017 3.000000
v 84.074051 30.480019 3.000000
v 68.580040 30.988020 3.000000
v 67.310036 30.734018 3.000000
v 67.056038 30.734018 3.000000
v 65.749741 29.645416 3.000000
v 66.040039 30.226017 3.000000
v 65.024040 30.226017 3.000000
v 64.770035 30.226017 3.000000
v 63.754040 29.464018 3.000000
v 64.008041 28.956017 3.000000
v 65.532036 29.210016 3.000000
v 65.582840 29.311617 3.000000
v 65.786041 28.702017 3.000000
v 66.294037 28.702017 3.000000
v 67.818039 29.972017 3.000000
v 68.580040 29.972017 3.000000
v 69.850037 28.956017 3.000000
v 70.612045 29.210016 3.000000
v 69.596039 30.480019 3.000000
v 80.010048 31.242020 3.000000
v 78.994049 29.972017 3.000000
v 79.248047 28.956017 3.000000
v 81.026047 30.480019 3.000000
v 82.550049 29.210016 3.000000
v 83.058044 29.464018 3.000000
v 83.058044 29.972017 3.000000
v 81.788048 31.242020 3.000000
v 80.264046 31.242020 3.000000
v 50.292030 34.290020 3.000000
v 50.292030 34.036018 3.000000
v 51.308029 32.004021 3.000000
v 58.674034 24.638016 3.000000
v 60.452034 22.352013 3.000000
v 61.468037 22.352013 3.000000
v 60.706036 24.384016 3.000000
v 57.658035 27.940018 3.000000
v 52.832031 32.766018 3.000000
v 50.800030 34.290020 3.000000
v 48.006031 39.624023 3.000000
v 47.498028 39.370022 3.000000
v 47.752026 39.116024 3.000000
v 48.768032 37.084023 3.000000
v 54.356030 32.004021 3.000000
v 60.198036 25.908016 3.000000
v 60.198036 27.686018 3.000000
v 57.150036 31.242020 3.000000
v 50.038029 38.100021 3.000000
v 18.542011 42.164028 3.000000
v 18.542011 41.910027 3.000000
v 18.542011 9.144006 3.000000
v 27.432016 8.890006 3.000000
v 27.940018 10.922007 3.000000
v 27.686018 18.796011 3.000000
v 25.908016 28.194017 3.000000
v 22.352013 37.084023 3.000000
v 19.812012 41.148022 3.000000
v 19.050011 42.164028 3.000000
v 45.466026 44.450027 3.000000
v 44.958027 44.196026 3.000000
v 45.212029 43.942028 3.000000
v 45.974026 42.164028 3.000000
v 52.070030 37.084023 3.000000
v 59.182034 29.972017 3.000000
v 59.182034 31.242020 3.000000
v 56.134033 35.052017 3.000000
v 49.276031 41.656025 3.000000
v 42.672028 48.768032 3.000000
v 42.672028 48.514030 3.000000
v 43.434025 46.990028 3.000000
v 44.958027 45.466026 3.000000
v 50.546032 41.402023 3.000000
v 57.658035 34.036018 3.000000
v 58.166035 34.290020 3.000000
v 57.658035 35.560024 3.000000
v 55.880035 37.846024 3.000000
v 50.546032 43.180027 3.000000
v 44.958027 47.752026 3.000000
v 43.434025 48.768032 3.000000
v 52.070030 50.038029 3.000000
v 52.070030 49.784031 3.000000
v 54.610035 44.450027 3.000000
v 55.118034 44.196026 3.000000
v 58.928036 47.752026 3.000000
v 62.230038 50.038029 3.000000
v 70.612045 53.086029 3.000000
v 68.326035 52.578030 3.000000
v 62.738037 49.530029 3.000000
v 58.420033 46.228027 3.000000
v 55.372036 43.180027 3.000000
v 60.706036 29.210016 3.000000
v 62.484039 29.464018 3.000000
v 66.040039 31.242020 3.000000
v 68.326035 31.242020 3.000000
v 71.120049 30.480019 3.000000
v 71.374046 30.988020 3.000000
v 68.072037 34.290020 3.000000
v 69.596039 33.528019 3.000000
v 71.882050 31.242020 3.000000
v 71.882050 28.194017 3.000000
v 72.390045 27.432016 3.000000
v 69.342041 25.400015 3.000000
v 67.056038 25.146015 3.000000
v 64.516037 25.908016 3.000000
v 61.468037 28.194017 3.000000
v 61.214039 26.416016 3.000000
v 61.976040 24.130014 3.000000
v 63.754040 23.368013 3.000000
v 68.326035 22.860014 3.000000
v 71.882050 23.876013 3.000000
v 72.390045 23.622013 3.000000
v 71.628044 22.606014 3.000000
v 69.342041 21.844013 3.000000
v 66.294037 22.098013 3.000000
v 62.738037 23.368013 3.000000
v 62.230038 23.114014 3.000000
v 62.230038 22.606014 3.000000
v 62.738037 22.098013 3.000000
v 63.500038 22.098013 3.000000
v 66.802040 20.574011 3.000000
v 69.088036 19.050011 3.000000
v 72.136047 16.002010 3.000000
v 75.184044 11.176006 3.000000
v 75.692047 11.430007 3.000000
v 76.200043 13.208008 3.000000
v 78.486046 17.018009 3.000000
v 84.074051 22.606014 3.000000
v 83.312050 22.860014 3.000000
v 82.296043 22.352013 3.000000
v 79.248047 22.352013 3.000000
v 77.978043 22.860014 3.000000
v 76.708046 24.130014 3.000000
v 76.454048 29.210016 3.000000
v 78.232048 34.798019 3.000000
v 78.486046 36.830025 3.000000
v 76.454048 38.862022 3.000000
v 76.200043 40.386024 3.000000
v 76.454048 39.624023 3.000000
v 78.232048 38.608025 3.000000
v 79.248047 37.338024 3.000000
v 77.978043 33.020020 3.000000
v 78.232048 32.766018 3.000000
v 80.772049 34.036018 3.000000
v 78.740044 32.512020 3.000000
v 78.232048 31.496019 3.000000
v 83.566055 31.496019 3.000000
v 83.820053 34.798019 3.000000
v 81.534042 44.450027 3.000000
v 78.486046 50.546032 3.000000
v 76.454048 52.578030 3.000000
v 75.438049 53.086029 3.000000
v 70.866043 53.086029 3.000000
v 40.386024 53.086029 3.000000
v 40.386024 52.832031 3.000000
v 41.148022 51.308029 3.000000
v 42.418026 50.038029 3.000000
v 48.514030 45.720028 3.000000
v 55.372036 39.116024 3.000000
v 55.880035 39.116024 3.000000
v 55.880035 40.132023 3.000000
v 55.118034 41.402023 3.000000
v 51.054031 45.466026 3.000000
v 43.942028 51.308029 3.000000
v 41.656025 52.832031 3.000000
v 38.354023 57.658035 3.000000
v 37.846024 57.404034 3.000000
v 37.846024 57.150036 3.000000
v 39.624023 54.610035 3.000000
v 48.006031 48.768032 3.000000
v 53.594032 43.688026 3.000000
v 54.102032 43.942028 3.000000
v 53.086029 46.228027 3.000000
v 47.244026 51.562031 3.000000
v 39.878021 56.896034 3.000000
v 36.830025 61.214039 3.000000
v 36.068024 60.960037 3.000000
v 36.322021 60.706036 3.000000
v 37.338024 58.674034 3.000000
v 41.656025 56.388035 3.000000
v 45.720028 53.594032 3.000000
v 50.038029 50.038029 3.000000
v 51.562031 48.260029 3.000000
v 52.070030 48.768032 3.000000
v 51.308029 50.292030 3.000000
v 48.514030 53.086029 3.000000
v 41.656025 58.420033 3.000000
v 34.036018 64.770035 3.000000
v 34.290020 64.516037 3.000000
v 35.814022 62.230038 3.000000
v 41.148022 59.436035 3.000000
v 48.768032 53.340031 3.000000
v 49.022030 54.102032 3.000000
v 47.244026 56.896034 3.000000
v 45.212029 58.674034 3.000000
v 37.592022 63.500038 3.000000
v 35.306023 64.770035 3.000000
v 32.004021 68.580040 3.000000
v 31.496019 68.326035 3.000000
v 31.750019 68.072037 3.000000
v 33.274017 66.040039 3.000000
v 40.386024 62.484039 3.000000
v 45.212029 59.182034 3.000000
v 45.720028 59.436035 3.000000
v 45.466026 59.182034 3.000000
v 45.974026 59.182034 3.000000
v 45.720028 59.436035 3.000000
v 45.212029 60.706036 3.000000
v 42.164028 63.246037 3.000000
v 38.862022 65.278038 3.000000
v 33.274017 68.072037 3.000000
v 18.288012 71.120049 3.000000
v 18.288012 70.866043 3.000000
v 18.542011 44.958027 3.000000
v 21.082014 44.196026 3.000000
v 27.686018 44.450027 3.000000
v 31.242020 45.720028 3.000000
v 33.782021 47.498028 3.000000
v 19.304012 70.358040 3.000000
v 18.796011 71.120049 3.000000
v 28.702017 72.136047 3.000000
v 27.940018 71.882050 3.000000
v 28.194017 71.628044 3.000000
v 30.734018 69.596039 3.000000
v 38.354023 66.040039 3.000000
v 41.656025 64.008041 3.000000
v 41.910027 64.516037 3.000000
v 40.894024 65.786041 3.000000
v 38.608025 67.818039 3.000000
v 33.020020 70.612045 3.000000
v 18.796011 73.406044 3.000000
v 18.542011 73.152046 3.000000
v 18.542011 72.136047 3.000000
v 21.844013 72.136047 3.000000
v 26.416016 70.612045 3.000000
v 27.940018 69.596039 3.000000
v 31.750019 65.532036 3.000000
v 61.468037 9.906006 3.000000
v 62.484039 8.890006 3.000000
v 62.738037 9.144006 3.000000
v 60.960037 12.700007 3.000000
v 55.118034 23.368013 3.000000
v 48.006031 37.592022 3.000000
v 40.132023 51.562031 3.000000
v 35.052017 61.722038 3.000000
v 30.988020 68.072037 3.000000
v 26.416016 72.136047 3.000000
v 22.860014 73.406044 3.000000
v 25.400015 75.184044 3.000000
v 22.098013 74.930046 3.000000
v 21.844013 74.930046 3.000000
v 19.050011 74.676048 3.000000
v 19.050011 74.168045 3.000000
v 22.606014 73.914047 3.000000
v 29.464018 72.390045 3.000000
v 37.084023 69.088036 3.000000
v 37.592022 69.342041 3.000000
v 37.338024 69.088036 3.000000
v 37.846024 69.088036 3.000000
v 37.592022 69.342041 3.000000
v 35.814022 71.120049 3.000000
v 30.226017 74.168045 3.000000
v 86.614052 77.470047 3.000000
v 84.836052 77.216049 3.000000
v 84.836052 76.962044 3.000000
v 85.344055 75.692047 3.000000
v 83.820053 76.454048 3.000000
v 83.058044 76.200043 3.000000
v 82.042046 74.930046 3.000000
v 82.042046 74.168045 3.000000
v 83.058044 72.898048 3.000000
v 84.582054 73.406044 3.000000
v 84.074051 71.374046 3.000000
v 84.836052 70.358040 3.000000
v 86.614052 70.358040 3.000000
v 87.630051 71.628044 3.000000
v 86.868050 73.152046 3.000000
v 88.646057 72.898048 3.000000
v 89.662056 74.422043 3.000000
v 89.408051 75.438049 3.000000
v 88.392052 76.200043 3.000000
v 87.122055 76.200043 3.000000
v 86.360054 75.438049 3.000000
v 54.356030 77.470047 3.000000
v 52.324032 77.216049 3.000000
v 52.578030 76.962044 3.000000
v 53.086029 75.438049 3.000000
v 52.070030 76.200043 3.000000
v 50.800030 76.200043 3.000000
v 49.784031 74.930046 3.000000
v 49.784031 73.660049 3.000000
v 50.546032 72.898048 3.000000
v 51.308029 72.644043 3.000000
v 52.324032 73.152046 3.000000
v 51.562031 72.136047 3.000000
v 51.562031 71.120049 3.000000
v 52.578030 70.104034 3.000000
v 54.102032 70.104034 3.000000
v 55.118034 71.120049 3.000000
v 55.118034 72.390045 3.000000
v 54.356030 73.152046 3.000000
v 56.134033 72.644043 3.000000
v 57.150036 73.660049 3.000000
v 57.150036 75.184044 3.000000
v 56.388035 75.946045 3.000000
v 55.372036 76.200043 3.000000
v 54.102032 75.438049 3.000000
v 40.640022 77.724045 3.000000
v 38.862022 77.470047 3.000000
v 38.862022 77.216049 3.000000
v 39.370022 75.692047 3.000000
v 38.608025 76.454048 3.000000
v 37.592022 76.708046 3.000000
v 36.068024 75.184044 3.000000
v 36.068024 74.168045 3.000000
v 36.830025 73.152046 3.000000
v 38.608025 73.406044 3.000000
v 37.846024 72.136047 3.000000
v 38.608025 70.612045 3.000000
v 40.640022 70.612045 3.000000
v 41.402023 71.374046 3.000000
v 41.402023 72.644043 3.000000
v 40.894024 73.406044 3.000000
v 42.418026 72.898048 3.000000
v 43.180027 73.406044 3.000000
v 43.688026 74.422043 3.000000
v 43.688026 75.184044 3.000000
v 42.418026 76.454048 3.000000
v 40.386024 75.946045 3.000000
v 40.894024 77.216049 3.000000
v 129.540070 82.042046 3.000000
v 128.778076 81.788048 3.000000
v 128.524078 81.788048 3.000000
v 126.746078 81.534042 3.000000
v 127.762077 79.756042 3.000000
v 128.016083 77.724045 3.000000
v 128.524078 77.216049 3.000000
v 129.794083 77.470047 3.000000
v 131.064072 78.740044 3.000000
v 131.064072 79.756042 3.000000
v 130.302078 81.280045 3.000000
v 127.508080 84.074051 3.000000
v 126.492073 83.820053 3.000000
v 126.238075 83.566055 3.000000
v 126.238075 83.058044 3.000000
v 127.254074 82.042046 3.000000
v 128.270081 82.042046 3.000000
v 128.778076 83.058044 3.000000
v 131.064072 85.344055 3.000000
v 130.048080 85.090050 3.000000
v 129.794083 84.836052 3.000000
v 128.524078 84.836052 3.000000
v 128.270081 84.074051 3.000000
v 129.540070 83.058044 3.000000
v 131.318069 80.010048 3.000000
v 131.826080 79.756042 3.000000
v 133.096069 81.280045 3.000000
v 133.096069 82.296043 3.000000
v 61.468037 85.598053 3.000000
v 60.198036 85.344055 3.000000
v 60.960037 83.566055 3.000000
v 59.944035 84.328056 3.000000
v 58.928036 84.328056 3.000000
v 57.404034 82.804047 3.000000
v 57.658035 81.788048 3.000000
v 58.420033 81.026047 3.000000
v 59.690033 80.772049 3.000000
v 60.452034 81.280045 3.000000
v 59.690033 80.264046 3.000000
v 59.690033 79.248047 3.000000
v 61.214039 78.232048 3.000000
v 61.976040 78.232048 3.000000
v 63.246037 79.756042 3.000000
v 63.246037 80.518044 3.000000
v 62.230038 81.534042 3.000000
v 62.992039 81.026047 3.000000
v 64.008041 81.026047 3.000000
v 65.024040 82.042046 3.000000
v 65.024040 83.312050 3.000000
v 63.754040 84.582054 3.000000
v 62.484039 84.328056 3.000000
v 61.722038 83.566055 3.000000
v 62.230038 85.090050 3.000000
v 62.230038 85.598053 3.000000
v 61.722038 85.598053 3.000000
v 127.762077 86.868050 3.000000
v 127.508080 85.852051 3.000000
v 128.270081 85.090050 3.000000
v 129.540070 85.090050 3.000000
v 130.048080 85.852051 3.000000
v 129.032074 86.868050 3.000000
v 128.016083 86.868050 3.000000
v 131.064072 87.630051 3.000000
v 130.810074 87.376053 3.000000
v 130.556076 86.360054 3.000000
v 133.096069 83.566055 3.000000
v 133.858078 84.582054 3.000000
v 133.858078 85.344055 3.000000
v 132.080078 87.630051 3.000000
v 130.048080 88.900055 3.000000
v 129.032074 88.646057 3.000000
v 128.778076 88.392052 3.000000
v 128.524078 87.884056 3.000000
v 129.286072 87.122055 3.000000
v 130.302078 87.122055 3.000000
v 130.810074 88.138054 3.000000
v 107.696060 89.662056 3.000000
v 106.680061 89.408051 3.000000
v 106.426064 89.154053 3.000000
v 106.426064 87.884056 3.000000
v 107.696060 87.630051 3.000000
v 108.458061 88.392052 3.000000
v 108.204063 89.154053 3.000000
v 110.744072 90.170052 3.000000
v 109.982071 89.916054 3.000000
v 109.728065 89.662056 3.000000
v 109.474068 88.392052 3.000000
v 110.744072 87.884056 3.000000
v 111.506065 88.646057 3.000000
v 111.506065 89.408051 3.000000
v 99.314064 90.170052 3.000000
v 99.060059 89.916054 3.000000
v 96.520058 87.376053 3.000000
v 94.742050 84.074051 3.000000
v 93.980057 81.026047 3.000000
v 93.980057 76.200043 3.000000
v 94.996056 72.644043 3.000000
v 96.520058 70.104034 3.000000
v 97.536064 69.088036 3.000000
v 99.314064 69.088036 3.000000
v 99.314064 69.850037 3.000000
v 98.044060 71.374046 3.000000
v 96.774063 73.914047 3.000000
v 96.012062 76.454048 3.000000
v 96.012062 81.280045 3.000000
v 96.774063 83.820053 3.000000
v 98.044060 86.106056 3.000000
v 100.584061 88.900055 3.000000
v 99.822060 90.170052 3.000000
v 132.334076 90.424057 3.000000
v 131.572083 90.170052 3.000000
v 131.318069 89.916054 3.000000
v 130.810074 88.900055 3.000000
v 132.842072 87.122055 3.000000
v 133.604080 87.122055 3.000000
v 133.858078 88.392052 3.000000
v 133.350082 89.408051 3.000000
v 130.556076 91.440056 3.000000
v 130.048080 91.186050 3.000000
v 129.794083 91.186050 3.000000
v 129.286072 90.424057 3.000000
v 130.048080 89.662056 3.000000
v 130.810074 89.662056 3.000000
v 131.318069 90.170052 3.000000
v 131.318069 90.678055 3.000000
v 109.982071 91.694054 3.000000
v 110.236069 91.440056 3.000000
v 110.490067 91.694054 3.000000
v 87.630051 92.202057 3.000000
v 87.630051 91.948051 3.000000
v 88.138054 90.424057 3.000000
v 87.122055 91.186050 3.000000
v 85.852051 91.186050 3.000000
v 84.836052 90.170052 3.000000
v 84.836052 88.900055 3.000000
v 85.598053 87.884056 3.000000
v 86.360054 87.630051 3.000000
v 87.376053 88.138054 3.000000
v 86.868050 87.376053 3.000000
v 86.868050 86.106056 3.000000
v 87.376053 85.344055 3.000000
v 89.154053 85.090050 3.000000
v 89.916054 85.598053 3.000000
v 90.170052 87.376053 3.000000
v 89.408051 88.392052 3.000000
v 90.932053 87.630051 3.000000
v 92.202057 88.646057 3.000000
v 92.202057 90.170052 3.000000
v 91.440056 90.932053 3.000000
v 89.916054 91.186050 3.000000
v 88.900055 90.424057 3.000000
v 89.662056 92.202057 3.000000
v 108.458061 92.710052 3.000000
v 107.188065 92.456055 3.000000
v 106.934059 92.202057 3.000000
v 106.934059 91.186050 3.000000
v 107.442062 90.678055 3.000000
v 108.458061 90.678055 3.000000
v 108.966072 91.186050 3.000000
v 108.966072 92.202057 3.000000
v 128.270081 93.472054 3.000000
v 127.762077 93.218056 3.000000
v 127.508080 92.964050 3.000000
v 117.856071 85.090050 3.000000
v 117.856071 84.328056 3.000000
v 120.396072 81.026047 3.000000
v 125.476074 76.962044 3.000000
v 127.000076 76.454048 3.000000
v 127.508080 77.216049 3.000000
v 127.508080 78.994049 3.000000
v 126.238075 81.280045 3.000000
v 123.190079 83.820053 3.000000
v 123.190079 85.090050 3.000000
v 124.206078 88.392052 3.000000
v 123.952080 84.074051 3.000000
v 125.222076 83.058044 3.000000
v 126.746078 84.836052 3.000000
v 127.000076 86.360054 3.000000
v 128.270081 87.884056 3.000000
v 128.270081 88.646057 3.000000
v 129.032074 89.408051 3.000000
v 129.032074 90.678055 3.000000
v 130.048080 91.948051 3.000000
v 99.314064 93.980057 3.000000
v 99.060059 93.726051 3.000000
v 98.298058 92.964050 3.000000
v 108.458061 79.756042 3.000000
v 109.474068 78.994049 3.000000
v 110.744072 80.264046 3.000000
v 100.330063 93.472054 3.000000
v 113.030067 97.028061 3.000000
v 112.522072 96.774063 3.000000
v 112.268066 96.520058 3.000000
v 110.236069 91.948051 3.000000
v 111.506065 91.694054 3.000000
v 116.078072 92.456055 3.000000
v 116.332069 92.710052 3.000000
v 115.062065 93.726051 3.000000
v 115.570068 95.504051 3.000000
v 113.792068 95.758057 3.000000
v 117.856071 98.044060 3.000000
v 116.586067 97.790062 3.000000
v 116.332069 97.536064 3.000000
v 116.332069 96.520058 3.000000
v 116.840065 96.012062 3.000000
v 118.110069 96.266060 3.000000
v 118.364067 97.536064 3.000000
v 120.904068 98.552063 3.000000
v 119.888069 98.298058 3.000000
v 119.634071 98.044060 3.000000
v 119.634071 97.028061 3.000000
v 120.650070 96.266060 3.000000
v 121.158066 96.520058 3.000000
v 121.666077 97.028061 3.000000
v 121.666077 97.790062 3.000000
v 118.872070 101.346062 3.000000
v 117.856071 101.092064 3.000000
v 117.602066 100.838058 3.000000
v 117.348068 99.822060 3.000000
v 117.856071 99.314064 3.000000
v 118.872070 99.314064 3.000000
v 119.380066 99.822060 3.000000
v 119.380066 100.838058 3.000000
v 20.066011 101.600060 3.000000
v 19.050011 101.346062 3.000000
v 18.796011 101.092064 3.000000
v 18.542011 100.330063 3.000000
v 19.304012 99.568062 3.000000
v 20.320011 99.568062 3.000000
v 20.828012 100.076057 3.000000
v 20.828012 100.838058 3.000000
v 138.176071 102.108063 3.000000
v 137.922073 101.854057 3.000000
v 128.778076 94.234055 3.000000
v 130.556076 92.710052 3.000000
v 131.318069 93.726051 3.000000
v 131.826080 95.758057 3.000000
v 132.588074 96.520058 3.000000
v 134.112076 96.774063 3.000000
v 134.366074 96.266060 3.000000
v 134.112076 93.472054 3.000000
v 133.350082 91.440056 3.000000
v 133.350082 90.424057 3.000000
v 134.366074 88.392052 3.000000
v 134.112076 83.312050 3.000000
v 133.604080 82.550049 3.000000
v 133.604080 81.026047 3.000000
v 131.318069 77.978043 3.000000
v 129.032074 76.708046 3.000000
v 133.096069 74.676048 3.000000
v 134.620071 72.898048 3.000000
v 135.382080 70.866043 3.000000
v 134.874069 67.818039 3.000000
v 128.778076 71.120049 3.000000
v 127.000076 72.898048 3.000000
v 125.730080 75.438049 3.000000
v 123.444077 71.120049 3.000000
v 123.952080 70.612045 3.000000
v 126.238075 70.612045 3.000000
v 126.238075 67.818039 3.000000
v 127.254074 66.294037 3.000000
v 127.254074 64.516037 3.000000
v 125.984077 62.992039 3.000000
v 125.984077 60.198036 3.000000
v 123.190079 60.198036 3.000000
v 121.666077 59.182034 3.000000
v 120.396072 59.182034 3.000000
v 118.618065 60.452034 3.000000
v 116.078072 60.452034 3.000000
v 116.332069 62.738037 3.000000
v 114.808067 64.516037 3.000000
v 114.808067 66.548035 3.000000
v 116.332069 68.326035 3.000000
v 116.332069 70.612045 3.000000
v 118.618065 70.612045 3.000000
v 119.888069 71.628044 3.000000
v 120.904068 71.882050 3.000000
v 121.666077 72.644043 3.000000
v 122.682076 74.930046 3.000000
v 122.682076 75.438049 3.000000
v 122.174080 75.692047 3.000000
v 121.158066 74.930046 3.000000
v 119.380066 74.422043 3.000000
v 111.252068 74.422043 3.000000
v 112.014069 76.200043 3.000000
v 113.538071 77.724045 3.000000
v 116.586067 78.994049 3.000000
v 121.158066 79.502045 3.000000
v 117.348068 84.328056 3.000000
v 116.586067 84.074051 3.000000
v 110.744072 79.248047 3.000000
v 107.950058 76.454048 3.000000
v 104.902061 72.136047 3.000000
v 105.664063 68.072037 3.000000
v 105.664063 61.976040 3.000000
v 104.648064 56.896034 3.000000
v 101.346062 49.022030 3.000000
v 93.472054 37.084023 3.000000
v 89.916054 29.972017 3.000000
v 87.884056 23.876013 3.000000
v 86.360054 17.272009 3.000000
v 86.106056 9.144006 3.000000
v 138.684082 8.890006 3.000000
v 138.938080 102.108063 3.000000
v 69.088036 102.870064 3.000000
v 67.818039 102.616058 3.000000
v 67.818039 102.362061 3.000000
v 66.294037 97.790062 3.000000
v 63.500038 92.710052 3.000000
v 60.960037 89.408051 3.000000
v 56.134033 85.090050 3.000000
v 49.022030 81.534042 3.000000
v 42.672028 80.264046 3.000000
v 35.560024 80.264046 3.000000
v 34.798019 79.248047 3.000000
v 36.068024 78.740044 3.000000
v 38.862022 78.486046 3.000000
v 45.466026 78.994049 3.000000
v 52.070030 81.026047 3.000000
v 57.404034 84.074051 3.000000
v 62.230038 88.392052 3.000000
v 65.786041 93.218056 3.000000
v 67.818039 97.282059 3.000000
v 69.342041 101.854057 3.000000
v 125.730080 104.648064 3.000000
v 125.476074 104.394058 3.000000
v 125.984077 104.394058 3.000000
v 122.936073 105.410065 3.000000
v 122.936073 105.156059 3.000000
v 120.142067 100.076057 3.000000
v 120.650070 99.822060 3.000000
v 126.492073 101.346062 3.000000
v 125.476074 102.616058 3.000000
v 125.730080 104.140060 3.000000
v 123.952080 104.140060 3.000000
v 123.698074 105.410065 3.000000
v 128.016083 106.680061 3.000000
v 127.000076 106.426064 3.000000
v 126.746078 106.172058 3.000000
v 126.492073 105.410065 3.000000
v 127.508080 104.394058 3.000000
v 128.270081 104.648064 3.000000
v 128.778076 105.156059 3.000000
v 128.778076 105.918060 3.000000
v 26.416016 106.680061 3.000000
v 25.908016 106.426064 3.000000
v 25.654015 106.426064 3.000000
v 19.812012 104.902061 3.000000
v 21.336014 103.886063 3.000000
v 21.082014 102.362061 3.000000
v 22.606014 102.108063 3.000000
v 23.876013 100.584061 3.000000
v 24.384016 100.838058 3.000000
v 26.670015 105.918060 3.000000
v 130.556076 106.934059 3.000000
v 130.048080 106.680061 3.000000
v 129.794083 106.426064 3.000000
v 129.540070 105.410065 3.000000
v 130.302078 104.648064 3.000000
v 130.810074 104.648064 3.000000
v 131.572083 105.410065 3.000000
v 131.572083 106.172058 3.000000
v 28.956017 107.188065 3.000000
v 28.194017 106.934059 3.000000
v 27.940018 106.680061 3.000000
v 27.686018 105.410065 3.000000
v 28.956017 104.902061 3.000000
v 29.718018 105.664063 3.000000
v 29.718018 106.426064 3.000000
v 130.556076 108.458061 3.000000
v 130.810074 108.204063 3.000000
v 131.064072 108.458061 3.000000
v 138.430069 108.966072 3.000000
v 138.176071 108.712059 3.000000
v 109.982071 85.598053 3.000000
v 108.458061 84.074051 3.000000
v 109.728065 82.550049 3.000000
v 110.744072 83.312050 3.000000
v 138.684082 106.680061 3.000000
v 138.938080 108.966072 3.000000
v 128.778076 109.474068 3.000000
v 127.762077 109.220070 3.000000
v 127.508080 108.966072 3.000000
v 127.508080 107.950058 3.000000
v 128.270081 107.188065 3.000000
v 129.032074 107.442062 3.000000
v 129.540070 107.950058 3.000000
v 129.540070 108.712059 3.000000
v 27.178015 109.982071 3.000000
v 25.908016 109.728065 3.000000
v 25.654015 109.474068 3.000000
v 25.654015 108.458061 3.000000
v 26.162016 107.950058 3.000000
v 27.178015 107.950058 3.000000
v 27.686018 109.474068 3.000000
v 29.972017 110.236069 3.000000
v 28.956017 109.982071 3.000000
v 28.702017 109.728065 3.000000
v 28.448017 108.712059 3.000000
v 29.464018 107.950058 3.000000
v 30.226017 108.204063 3.000000
v 30.734018 108.966072 3.000000
v 30.480019 109.728065 3.000000
v 133.096069 114.046066 3.000000
v 133.096069 113.792068 3.000000
v 130.810074 108.712059 3.000000
v 132.080078 108.458061 3.000000
v 136.144073 109.474068 3.000000
v 136.906082 109.982071 3.000000
v 135.636078 111.252068 3.000000
v 136.398071 112.776070 3.000000
v 134.366074 113.030067 3.000000
v 133.604080 114.046066 3.000000
v 36.322021 115.062065 3.000000
v 35.306023 114.808067 3.000000
v 35.052017 114.808067 3.000000
v 30.480019 114.046066 3.000000
v 31.496019 113.030067 3.000000
v 30.988020 110.998070 3.000000
v 33.020020 110.744072 3.000000
v 33.782021 109.220070 3.000000
v 36.576023 114.554070 3.000000
v 137.922073 115.316071 3.000000
v 136.652069 115.062065 3.000000
v 136.398071 114.808067 3.000000
v 136.398071 113.792068 3.000000
v 136.906082 113.284065 3.000000
v 137.922073 113.284065 3.000000
v 138.430069 113.792068 3.000000
v 138.430069 114.808067 3.000000
v 39.370022 115.570068 3.000000
v 38.100021 115.316071 3.000000
v 37.846024 115.062065 3.000000
v 37.846024 114.046066 3.000000
v 38.354023 113.538071 3.000000
v 39.370022 113.538071 3.000000
v 39.878021 115.062065 3.000000
v 37.084023 118.618065 3.000000
v 36.068024 118.364067 3.000000
v 36.068024 118.110069 3.000000
v 35.814022 117.094070 3.000000
v 36.576023 116.332069 3.000000
v 37.846024 117.094070 3.000000
v 37.846024 117.856071 3.000000
v 40.386024 118.872070 3.000000
v 39.370022 118.618065 3.000000
v 39.116024 118.364067 3.000000
v 38.862022 117.348068 3.000000
v 39.878021 116.586067 3.000000
v 40.386024 116.840065 3.000000
v 40.894024 117.348068 3.000000
v 40.894024 118.364067 3.000000
v 45.466026 123.190079 3.000000
v 41.402023 122.174080 3.000000
v 42.418026 120.904068 3.000000
v 41.910027 119.380066 3.000000
v 43.942028 119.126068 3.000000
v 44.704025 117.602066 3.000000
v 47.244026 123.190079 3.000000
v 45.720028 123.190079 3.000000
v 138.176071 123.444077 3.000000
v 102.616058 93.726051 3.000000
v 101.600060 92.710052 3.000000
v 102.870064 91.186050 3.000000
v 137.668076 120.142067 3.000000
v 138.938080 121.412071 3.000000
v 138.938080 123.444077 3.000000
v 138.430069 123.444077 3.000000
v 54.610035 123.698074 3.000000
v 54.102032 123.444077 3.000000
v 53.848030 123.190079 3.000000
v 19.050011 94.488052 3.000000
v 18.542011 93.980057 3.000000
v 18.796011 91.948051 3.000000
v 53.340031 120.142067 3.000000
v 55.626034 122.174080 3.000000
v 49.784031 123.952080 3.000000
v 48.768032 123.698074 3.000000
v 48.514030 123.444077 3.000000
v 48.260029 122.428078 3.000000
v 49.276031 121.666077 3.000000
v 50.038029 121.920074 3.000000
v 50.546032 122.682076 3.000000
v 50.292030 123.444077 3.000000
v 27.178015 125.476074 3.000000
v 26.416016 125.222076 3.000000
v 26.162016 125.222076 3.000000
v 25.908016 124.206078 3.000000
v 26.416016 123.698074 3.000000
v 27.178015 123.698074 3.000000
v 27.686018 124.206078 3.000000
v 27.686018 124.968079 3.000000
v 47.498028 126.746078 3.000000
v 46.482025 126.492073 3.000000
v 46.228027 126.238075 3.000000
v 45.974026 125.476074 3.000000
v 46.736027 124.714073 3.000000
v 47.498028 124.714073 3.000000
v 48.260029 125.476074 3.000000
v 48.260029 125.984077 3.000000
v 49.530029 127.000076 3.000000
v 49.022030 126.492073 3.000000
v 49.022030 125.730080 3.000000
v 49.784031 124.968079 3.000000
v 50.546032 124.968079 3.000000
v 51.308029 125.984077 3.000000
v 50.800030 127.000076 3.000000
v 49.784031 127.000076 3.000000
v 27.940018 128.016083 3.000000
v 26.924015 127.762077 3.000000
v 26.670015 127.508080 3.000000
v 26.416016 127.000076 3.000000
v 27.940018 125.984077 3.000000
v 28.702017 126.746078 3.000000
v 28.702017 127.254074 3.000000
v 23.622013 128.016083 3.000000
v 23.622013 127.762077 3.000000
v 23.622013 126.492073 3.000000
v 24.638016 124.968079 3.000000
v 25.400015 124.968079 3.000000
v 26.670015 125.984077 3.000000
v 24.130014 128.016083 3.000000
v 69.088036 129.794083 3.000000
v 67.310036 129.540070 3.000000
v 67.056038 129.540070 3.000000
v 66.294037 128.270081 3.000000
v 67.564041 126.492073 3.000000
v 65.786041 127.254074 3.000000
v 64.516037 126.238075 3.000000
v 64.516037 124.968079 3.000000
v 65.532036 123.698074 3.000000
v 66.802040 123.698074 3.000000
v 67.818039 124.460075 3.000000
v 67.310036 122.428078 3.000000
v 69.342041 122.682076 3.000000
v 68.834038 123.444077 3.000000
v 68.834038 124.460075 3.000000
v 69.342041 123.698074 3.000000
v 70.866043 123.698074 3.000000
v 71.882050 124.714073 3.000000
v 71.882050 126.238075 3.000000
v 71.120049 127.000076 3.000000
v 70.358040 127.254074 3.000000
v 69.342041 126.746078 3.000000
v 70.104034 128.016083 3.000000
v 69.850037 129.032074 3.000000
v 29.210016 130.048080 3.000000
v 28.194017 129.794083 3.000000
v 27.940018 129.794083 3.000000
v 27.686018 129.032074 3.000000
v 28.956017 128.016083 3.000000
v 29.972017 129.032074 3.000000
v 23.876013 131.572083 3.000000
v 23.622013 131.318069 3.000000
v 23.876013 129.032074 3.000000
v 25.908016 127.254074 3.000000
v 26.416016 128.016083 3.000000
v 26.924015 128.016083 3.000000
v 27.178015 128.524078 3.000000
v 25.146015 130.302078 3.000000
v 24.384016 131.572083 3.000000
v 47.244026 132.080078 3.000000
v 46.990028 131.826080 3.000000
v 18.796011 108.966072 3.000000
v 18.542011 106.426064 3.000000
v 19.050011 106.172058 3.000000
v 22.860014 109.220070 3.000000
v 48.768032 130.302078 3.000000
v 49.022030 130.556076 3.000000
v 48.260029 131.572083 3.000000
v 28.956017 132.334076 3.000000
v 28.956017 132.080078 3.000000
v 30.226017 130.810074 3.000000
v 30.734018 131.318069 3.000000
v 30.480019 132.334076 3.000000
v 25.654015 134.620071 3.000000
v 24.892015 134.366074 3.000000
v 24.892015 134.112076 3.000000
v 24.892015 131.826080 3.000000
v 26.670015 129.540070 3.000000
v 28.956017 130.556076 3.000000
v 114.554070 135.636078 3.000000
v 111.506065 135.382080 3.000000
v 105.156059 133.350082 3.000000
v 100.584061 130.810074 3.000000
v 97.282059 128.270081 3.000000
v 93.980057 124.714073 3.000000
v 91.440056 120.904068 3.000000
v 89.408051 116.586067 3.000000
v 88.392052 113.538071 3.000000
v 88.392052 111.760071 3.000000
v 89.408051 111.760071 3.000000
v 90.170052 112.522072 3.000000
v 90.170052 113.538071 3.000000
v 91.440056 117.094070 3.000000
v 94.742050 122.936073 3.000000
v 100.584061 128.778076 3.000000
v 105.156059 131.572083 3.000000
v 109.982071 133.350082 3.000000
v 116.586067 134.366074 3.000000
v 121.666077 134.112076 3.000000
v 122.428078 135.128082 3.000000
v 121.666077 135.636078 3.000000
v 114.808067 135.636078 3.000000
v 47.498028 135.636078 3.000000
v 47.244026 135.382080 3.000000
v 46.482025 134.620071 3.000000
v 57.150036 121.666077 3.000000
v 58.166035 120.904068 3.000000
v 59.182034 122.174080 3.000000
v 49.276031 134.366074 3.000000
v 48.006031 135.636078 3.000000
v 94.742050 136.906082 3.000000
v 93.726051 135.636078 3.000000
v 94.742050 133.858078 3.000000
v 92.964050 134.366074 3.000000
v 91.948051 132.842072 3.000000
v 92.202057 131.572083 3.000000
v 93.472054 130.810074 3.000000
v 95.250053 131.826080 3.000000
v 94.742050 129.794083 3.000000
v 96.520058 129.794083 3.000000
v 96.774063 130.302078 3.000000
v 96.266060 131.826080 3.000000
v 97.282059 131.064072 3.000000
v 98.298058 131.064072 3.000000
v 99.568062 132.842072 3.000000
v 98.298058 134.620071 3.000000
v 96.774063 134.112076 3.000000
v 97.282059 134.874069 3.000000
v 97.282059 136.144073 3.000000
v 96.520058 136.906082 3.000000
v 94.996056 136.906082 3.000000
v 28.702017 137.160080 3.000000
v 26.924015 136.906082 3.000000
v 26.670015 136.906082 3.000000
v 26.162016 136.398071 3.000000
v 26.162016 135.128082 3.000000
v 27.178015 133.350082 3.000000
v 27.940018 132.842072 3.000000
v 30.480019 132.842072 3.000000
v 30.734018 133.350082 3.000000
v 29.464018 134.874069 3.000000
v 29.210016 136.652069 3.000000
v 30.226017 137.668076 3.000000
v 30.226017 137.414078 3.000000
v 30.988020 136.398071 3.000000
v 32.766018 135.636078 3.000000
v 32.004021 135.382080 3.000000
v 30.226017 136.398071 3.000000
v 29.718018 136.144073 3.000000
v 29.718018 135.636078 3.000000
v 33.020020 132.842072 3.000000
v 33.528019 131.572083 3.000000
v 33.782021 128.778076 3.000000
v 33.528019 128.524078 3.000000
v 33.274017 129.286072 3.000000
v 32.766018 132.334076 3.000000
v 32.004021 133.096069 3.000000
v 31.496019 132.842072 3.000000
v 31.496019 131.572083 3.000000
v 30.226017 130.048080 3.000000
v 30.226017 128.270081 3.000000
v 28.956017 127.254074 3.000000
v 28.956017 126.492073 3.000000
v 27.940018 125.222076 3.000000
v 28.194017 124.460075 3.000000
v 27.432016 123.190079 3.000000
v 28.702017 121.666077 3.000000
v 39.624023 130.302078 3.000000
v 35.306023 135.382080 3.000000
v 34.290020 135.636078 3.000000
v 31.496019 137.668076 3.000000
v 137.922073 141.224091 3.000000
v 138.176071 140.970093 3.000000
v 138.430069 141.224091 3.000000
v 120.142067 145.034088 3.000000
v 120.396072 144.780090 3.000000
v 123.190079 142.494095 3.000000
v 125.984077 140.970093 3.000000
v 128.524078 140.208069 3.000000
v 131.064072 139.700073 3.000000
v 135.382080 139.700073 3.000000
v 137.922073 140.970093 3.000000
v 129.032074 141.986084 3.000000
v 121.158066 144.780090 3.000000
v 120.904068 145.034088 3.000000
v 120.396072 144.780090 3.000000
v 120.650070 145.034088 3.000000
v 117.856071 145.034088 3.000000
v 116.078072 144.780090 3.000000
v 115.824066 144.526093 3.000000
v 115.316071 144.018097 3.000000
v 115.570068 142.240097 3.000000
v 114.300072 142.494095 3.000000
v 113.284065 141.224091 3.000000
v 113.538071 139.700073 3.000000
v 114.808067 138.938080 3.000000
v 116.586067 139.700073 3.000000
v 116.078072 138.176071 3.000000
v 116.332069 137.668076 3.000000
v 118.110069 137.922073 3.000000
v 117.602066 139.700073 3.000000
v 118.618065 138.938080 3.000000
v 119.888069 138.938080 3.000000
v 120.904068 140.208069 3.000000
v 120.650070 141.478088 3.000000
v 119.634071 142.494095 3.000000
v 118.364067 142.240097 3.000000
v 118.872070 143.002090 3.000000
v 118.872070 144.018097 3.000000
v 70.866043 145.034088 3.000000
v 69.596039 144.780090 3.000000
v 69.342041 144.780090 3.000000
v 68.326035 143.510086 3.000000
v 69.088036 141.986084 3.000000
v 67.564041 142.494095 3.000000
v 66.294037 140.716080 3.000000
v 66.548035 139.954071 3.000000
v 67.818039 138.938080 3.000000
v 68.580040 138.938080 3.000000
v 69.850037 139.700073 3.000000
v 69.342041 137.668076 3.000000
v 71.628044 137.922073 3.000000
v 70.612045 139.700073 3.000000
v 71.882050 138.938080 3.000000
v 72.644043 138.938080 3.000000
v 73.914047 140.208069 3.000000
v 73.914047 141.478088 3.000000
v 72.898048 142.494095 3.000000
v 71.374046 141.986084 3.000000
v 72.136047 143.510086 3.000000
v 71.882050 144.272095 3.000000
v 119.634071 145.288086 3.000000
v 119.888069 145.034088 3.000000
v 120.142067 145.288086 3.000000
v 103.378059 145.288086 3.000000
v 101.854057 145.034088 3.000000
v 101.600060 144.780090 3.000000
v 100.838058 144.018097 3.000000
v 100.838058 143.256088 3.000000
v 101.600060 142.240097 3.000000
v 100.584061 142.748093 3.000000
v 99.568062 142.494095 3.000000
v 98.806061 141.478088 3.000000
v 99.060059 139.954071 3.000000
v 100.076057 139.192078 3.000000
v 101.600060 139.446075 3.000000
v 102.108063 139.954071 3.000000
v 101.600060 137.922073 3.000000
v 103.632065 138.176071 3.000000
v 103.124062 139.954071 3.000000
v 104.140060 139.192078 3.000000
v 105.664063 139.446075 3.000000
v 106.426064 140.462082 3.000000
v 106.172058 141.986084 3.000000
v 105.156059 142.748093 3.000000
v 103.886063 142.494095 3.000000
v 104.394058 143.256088 3.000000
v 104.394058 144.272095 3.000000
v 59.944035 146.304092 3.000000
v 57.658035 146.050095 3.000000
v 57.912033 145.796097 3.000000
v 59.690033 143.510086 3.000000
v 60.960037 140.970093 3.000000
v 61.722038 137.922073 3.000000
v 61.722038 134.874069 3.000000
v 60.198036 130.302078 3.000000
v 56.896034 126.238075 3.000000
v 56.896034 125.730080 3.000000
v 57.912033 124.714073 3.000000
v 60.452034 127.000076 3.000000
v 62.230038 129.540070 3.000000
v 63.754040 134.620071 3.000000
v 63.500038 139.192078 3.000000
v 61.468037 144.272095 3.000000
v 115.062065 150.876099 3.000000
v 115.062065 150.622086 3.000000
v 117.094070 148.082092 3.000000
v 121.666077 145.288086 3.000000
v 127.762077 143.002090 3.000000
v 129.794083 142.494095 3.000000
v 131.064072 142.748093 3.000000
v 128.016083 144.780090 3.000000
v 123.698074 146.304092 3.000000
v 116.586067 150.368088 3.000000
v 113.030067 155.194092 3.000000
v 112.522072 154.940094 3.000000
v 113.030067 153.924088 3.000000
v 114.808067 152.146088 3.000000
v 118.110069 149.860092 3.000000
v 125.730080 146.050095 3.000000
v 126.492073 146.304092 3.000000
v 125.222076 147.828094 3.000000
v 123.952080 149.098099 3.000000
v 119.888069 150.876099 3.000000
v 113.284065 154.940094 3.000000
v 112.014069 155.448090 3.000000
v 112.268066 155.194092 3.000000
v 112.776070 155.194092 3.000000
v 112.522072 155.448090 3.000000
v 108.712059 161.036087 3.000000
v 108.966072 160.782089 3.000000
v 109.220070 161.036087 3.000000
v 108.966072 160.528091 3.000000
v 109.474068 159.512085 3.000000
v 111.506065 156.972092 3.000000
v 122.682076 150.114090 3.000000
v 123.190079 150.622086 3.000000
v 122.428078 152.146088 3.000000
v 116.332069 155.702087 3.000000
v 109.474068 160.782089 3.000000
v 109.220070 161.036087 3.000000
v 106.172058 166.116089 3.000000
v 106.172058 165.862091 3.000000
v 107.188065 163.576096 3.000000
v 111.252068 160.020096 3.000000
v 118.110069 155.194092 3.000000
v 120.904068 153.670090 3.000000
v 121.412071 153.924088 3.000000
v 121.158066 153.670090 3.000000
v 121.666077 153.670090 3.000000
v 121.412071 153.924088 3.000000
v 120.142067 156.210098 3.000000
v 112.776070 160.782089 3.000000
v 106.680061 166.116089 3.000000
v 135.636078 170.180099 3.000000
v 130.302078 169.926102 3.000000
v 130.048080 169.926102 3.000000
v 126.746078 169.164108 3.000000
v 124.714073 168.148102 3.000000
v 124.460075 167.386108 3.000000
v 138.684082 144.526093 3.000000
v 138.938080 169.418106 3.000000
v 138.430069 169.926102 3.000000
v 102.362061 170.180099 3.000000
v 102.108063 169.926102 3.000000
v 95.504051 164.846085 3.000000
v 105.664063 164.592087 3.000000
v 105.918060 164.846085 3.000000
v 103.124062 170.180099 3.000000
v 103.378059 171.704102 3.000000
v 103.378059 171.450104 3.000000
v 104.394058 169.164108 3.000000
v 108.712059 164.846085 3.000000
v 115.570068 159.512085 3.000000
v 118.364067 157.734085 3.000000
v 119.634071 157.480087 3.000000
v 118.110069 160.274094 3.000000
v 111.506065 164.592087 3.000000
v 103.886063 171.704102 3.000000
v 101.600060 176.276108 3.000000
v 101.600060 176.022110 3.000000
v 102.108063 174.498108 3.000000
v 108.204063 168.402100 3.000000
v 114.046066 163.576096 3.000000
v 116.332069 162.052094 3.000000
v 117.348068 161.798096 3.000000
v 116.586067 163.830093 3.000000
v 115.824066 164.592087 3.000000
v 109.474068 169.164108 3.000000
v 102.108063 176.276108 3.000000
v 99.822060 180.848114 3.000000
v 99.822060 180.594101 3.000000
v 101.092064 178.054108 3.000000
v 107.950058 171.196106 3.000000
v 113.792068 166.370087 3.000000
v 115.316071 165.354095 3.000000
v 115.824066 165.608093 3.000000
v 114.046066 168.656113 3.000000
v 113.030067 169.672104 3.000000
v 108.966072 172.466110 3.000000
v 100.330063 180.848114 3.000000
v 73.914047 185.166107 3.000000
v 73.914047 184.912109 3.000000
v 74.168045 184.404114 3.000000
v 74.676048 184.404114 3.000000
v 74.676048 184.912109 3.000000
v 98.298058 185.420105 3.000000
v 98.298058 185.166107 3.000000
v 98.806061 183.642105 3.000000
v 105.156059 176.784103 3.000000
v 111.506065 171.196106 3.000000
v 112.522072 171.196106 3.000000
v 111.760071 173.228104 3.000000
v 103.886063 180.086105 3.000000
v 98.806061 185.420105 3.000000
v 86.868050 185.674103 3.000000
v 86.614052 185.420105 3.000000
v 87.122055 184.912109 3.000000
v 87.376053 185.674103 3.000000
v 80.264046 185.928101 3.000000
v 79.502045 185.674103 3.000000
v 79.248047 185.420105 3.000000
v 78.740044 184.404114 3.000000
v 79.756042 184.404114 3.000000
v 80.772049 185.420105 3.000000
v 74.930046 185.928101 3.000000
v 74.676048 185.420105 3.000000
v 75.946045 183.896103 3.000000
v 77.978043 184.150101 3.000000
v 78.740044 185.166107 3.000000
v 78.740044 185.928101 3.000000
v 78.232048 185.928101 3.000000
v 77.978043 185.674103 3.000000
v 77.470047 184.912109 3.000000
v 76.454048 184.658112 3.000000
v 93.726051 186.436111 3.000000
v 92.710052 186.182114 3.000000
v 92.456055 185.928101 3.000000
v 91.948051 184.912109 3.000000
v 93.472054 184.912109 3.000000
v 94.234055 185.928101 3.000000
v 91.694054 186.436111 3.000000
v 90.424057 185.166107 3.000000
v 89.408051 184.912109 3.000000
v 88.138054 186.182114 3.000000
v 87.630051 186.182114 3.000000
v 87.630051 185.928101 3.000000
v 89.408051 184.150101 3.000000
v 90.932053 184.404114 3.000000
v 91.948051 185.674103 3.000000
v 77.216049 189.230103 3.000000
v 75.438049 188.976105 3.000000
v 75.184044 188.976105 3.000000
v 73.914047 187.960114 3.000000
v 73.914047 186.944107 3.000000
v 75.692047 187.452103 3.000000
v 80.264046 187.706100 3.000000
v 97.028061 189.484100 3.000000
v 97.028061 189.230103 3.000000
v 97.536064 187.706100 3.000000
v 99.822060 185.166107 3.000000
v 108.458061 176.784103 3.000000
v 109.728065 175.768112 3.000000
v 110.236069 176.022110 3.000000
v 108.966072 178.562103 3.000000
v 106.172058 180.848114 3.000000
v 97.536064 189.484100 3.000000
v 90.932053 189.484100 3.000000
v 89.662056 189.230103 3.000000
v 89.408051 189.230103 3.000000
v 87.630051 188.722107 3.000000
v 87.122055 188.214111 3.000000
v 87.376053 187.706100 3.000000
v 93.980057 187.706100 3.000000
v 93.980057 188.214111 3.000000
v 92.456055 188.976105 3.000000
v 78.994049 191.516113 3.000000
v 75.184044 191.262100 3.000000
v 74.930046 191.262100 3.000000
v 73.660049 190.246109 3.000000
v 73.914047 188.976105 3.000000
v 75.692047 189.484100 3.000000
v 77.724045 189.484100 3.000000
v 80.772049 187.960114 3.000000
v 81.026047 189.738113 3.000000
v 80.010048 191.008102 3.000000
v 96.012062 193.548126 3.000000
v 96.012062 193.294128 3.000000
v 96.520058 191.516113 3.000000
v 101.346062 186.436111 3.000000
v 106.934059 181.102112 3.000000
v 107.442062 181.356110 3.000000
v 105.918060 184.150101 3.000000
v 96.520058 193.548126 3.000000
v 95.758057 197.358124 3.000000
v 95.250053 197.104126 3.000000
v 95.250053 196.850128 3.000000
v 95.504051 195.580124 3.000000
v 99.060059 191.770111 3.000000
v 103.886063 186.944107 3.000000
v 104.394058 187.198105 3.000000
v 103.124062 189.738113 3.000000
v 94.488052 201.168121 3.000000
v 94.488052 200.914124 3.000000
v 94.488052 199.898117 3.000000
v 94.996056 199.136124 3.000000
v 101.092064 192.786118 3.000000
v 101.600060 192.786118 3.000000
v 101.346062 192.532120 3.000000
v 101.854057 192.532120 3.000000
v 101.600060 192.786118 3.000000
v 98.806061 197.104126 3.000000
v 94.996056 201.168121 3.000000
v 82.550049 204.216125 3.000000
v 82.550049 203.962128 3.000000
v 80.264046 199.136124 3.000000
v 78.994049 197.358124 3.000000
v 76.962044 195.072128 3.000000
v 73.406044 192.278122 3.000000
v 73.660049 191.770111 3.000000
v 76.200043 192.786118 3.000000
v 78.994049 192.532120 3.000000
v 80.772049 191.262100 3.000000
v 81.534042 189.484100 3.000000
v 81.534042 185.928101 3.000000
v 79.756042 180.340103 3.000000
v 79.502045 178.308105 3.000000
v 81.534042 176.276108 3.000000
v 81.788048 174.498108 3.000000
v 81.534042 175.260101 3.000000
v 78.740044 177.800110 3.000000
v 78.740044 179.070114 3.000000
v 79.756042 182.118103 3.000000
v 78.994049 182.372101 3.000000
v 76.454048 181.102112 3.000000
v 79.248047 182.880112 3.000000
v 79.756042 183.642105 3.000000
v 78.994049 183.896103 3.000000
v 77.724045 183.388107 3.000000
v 74.168045 183.388107 3.000000
v 74.168045 180.086105 3.000000
v 74.930046 175.768112 3.000000
v 77.216049 167.894104 3.000000
v 78.486046 165.354095 3.000000
v 80.010048 163.322098 3.000000
v 81.788048 161.798096 3.000000
v 83.058044 161.290085 3.000000
v 86.106056 161.290085 3.000000
v 90.170052 162.560089 3.000000
v 94.488052 164.846085 3.000000
v 99.060059 168.148102 3.000000
v 102.362061 171.196106 3.000000
v 97.536064 185.166107 3.000000
v 96.774063 185.928101 3.000000
v 95.758057 185.928101 3.000000
v 93.218056 184.404114 3.000000
v 90.424057 183.642105 3.000000
v 86.868050 184.404114 3.000000
v 86.614052 183.896103 3.000000
v 90.678055 180.086105 3.000000
v 88.138054 181.610107 3.000000
v 86.360054 183.388107 3.000000
v 85.852051 184.404114 3.000000
v 85.852051 188.214111 3.000000
v 88.392052 189.738113 3.000000
v 92.456055 189.738113 3.000000
v 93.980057 188.976105 3.000000
v 96.266060 186.944107 3.000000
v 96.774063 187.198105 3.000000
v 96.774063 188.214111 3.000000
v 96.012062 189.992111 3.000000
v 93.980057 191.516113 3.000000
v 89.662056 192.024124 3.000000
v 86.106056 191.008102 3.000000
v 85.344055 191.262100 3.000000
v 85.598053 192.024124 3.000000
v 88.392052 193.040115 3.000000
v 92.456055 192.786118 3.000000
v 95.250053 191.516113 3.000000
v 95.504051 192.532120 3.000000
v 94.996056 193.040115 3.000000
v 90.932053 194.564117 3.000000
v 88.138054 196.596115 3.000000
v 85.344055 199.644119 3.000000
v 83.058044 204.216125 3.000000
v 95.758057 204.978119 3.000000
v 96.012062 204.724121 3.000000
v 120.904068 156.210098 3.000000
v 124.206078 150.114090 3.000000
v 126.238075 147.320099 3.000000
v 129.032074 144.780090 3.000000
v 133.096069 142.494095 3.000000
v 136.144073 141.732086 3.000000
v 138.176071 141.732086 3.000000
v 138.938080 142.494095 3.000000
v 132.080078 144.272095 3.000000
v 129.286072 146.050095 3.000000
v 126.746078 148.844086 3.000000
v 112.522072 175.260101 3.000000
v 97.282059 204.978119 3.000000
v 93.980057 204.978119 3.000000
v 93.980057 204.724121 3.000000
v 94.234055 202.946121 3.000000
v 97.282059 199.390121 3.000000
v 98.298058 198.882126 3.000000
v 95.250053 204.978119 3.000000
v 83.566055 204.978119 3.000000
v 83.566055 204.724121 3.000000
v 85.344055 200.660126 3.000000
v 89.154053 196.596115 3.000000
v 92.964050 194.310120 3.000000
v 94.234055 193.802124 3.000000
v 94.996056 194.056122 3.000000
v 94.996056 194.818115 3.000000
v 94.234055 195.580124 3.000000
v 91.694054 196.596115 3.000000
v 89.916054 197.866119 3.000000
v 86.360054 201.676117 3.000000
v 84.582054 204.978119 3.000000
v 76.454048 204.978119 3.000000
v 76.200043 204.724121 3.000000
v 74.930046 201.930115 3.000000
v 73.406044 200.152115 3.000000
v 73.406044 199.136124 3.000000
v 73.914047 198.882126 3.000000
v 75.438049 200.406128 3.000000
v 77.470047 203.708115 3.000000
v 77.724045 204.978119 3.000000
v 130.048080 205.232117 3.000000
v 130.048080 204.978119 3.000000
v 129.794083 196.850128 3.000000
v 131.318069 187.198105 3.000000
v 132.842072 182.626114 3.000000
v 135.128082 177.546112 3.000000
v 138.430069 172.212112 3.000000
v 138.938080 172.212112 3.000000
v 138.938080 205.232117 3.000000
v 91.186050 205.232117 3.000000
v 89.916054 204.978119 3.000000
v 90.170052 204.724121 3.000000
v 92.456055 201.930115 3.000000
v 93.472054 201.930115 3.000000
v 93.218056 203.200119 3.000000
v 88.900055 205.232117 3.000000
v 87.630051 204.978119 3.000000
v 87.630051 204.724121 3.000000
v 89.154053 202.438126 3.000000
v 90.932053 200.660126 3.000000
v 93.218056 198.882126 3.000000
v 93.726051 199.136124 3.000000
v 93.726051 200.152115 3.000000
v 90.678055 202.692123 3.000000
v 86.614052 205.232117 3.000000
v 85.598053 204.978119 3.000000
v 85.598053 204.724121 3.000000
v 87.630051 201.168121 3.000000
v 90.932053 197.866119 3.000000
v 92.964050 196.596115 3.000000
v 94.488052 196.596115 3.000000
v 94.488052 197.104126 3.000000
v 93.472054 198.120117 3.000000
v 90.932053 199.644119 3.000000
v 88.900055 201.676117 3.000000
v 81.534042 205.232117 3.000000
v 80.518044 204.978119 3.000000
v 80.264046 204.724121 3.000000
v 79.756042 202.438126 3.000000
v 77.724045 198.882126 3.000000
v 74.930046 195.834122 3.000000
v 73.152046 194.564117 3.000000
v 73.152046 193.802124 3.000000
v 73.660049 193.294128 3.000000
v 74.930046 194.056122 3.000000
v 77.470047 196.596115 3.000000
v 80.010048 200.152115 3.000000
v 82.042046 204.724121 3.000000
v 79.502045 205.232117 3.000000
v 78.486046 204.978119 3.000000
v 78.486046 204.724121 3.000000
v 77.216049 201.676117 3.000000
v 73.406044 197.104126 3.000000
v 73.660049 196.088120 3.000000
v 74.930046 196.596115 3.000000
v 78.486046 201.168121 3.000000
v 79.756042 203.962128 3.000000
v 74.930046 205.486115 3.000000
v 74.422043 205.232117 3.000000
v 74.168045 204.978119 3.000000
v 73.660049 204.216125 3.000000
v 73.660049 202.438126 3.000000
v 74.168045 202.184128 3.000000
v 75.438049 204.724121 3.000000
v 71.374046 205.486115 3.000000
v 18.542011 205.232117 3.000000
v 18.542011 204.978119 3.000000
v 18.796011 113.538071 3.000000
v 28.194017 121.158066 3.000000
v 26.670015 122.682076 3.000000
v 25.908016 121.666077 3.000000
v 25.146015 119.380066 3.000000
v 23.876013 118.364067 3.000000
v 22.860014 118.872070 3.000000
v 23.114014 121.158066 3.000000
v 24.384016 124.206078 3.000000
v 23.114014 126.746078 3.000000
v 23.368013 132.334076 3.000000
v 26.416016 137.414078 3.000000
v 29.210016 137.668076 3.000000
v 29.464018 138.176071 3.000000
v 25.908016 139.700073 3.000000
v 22.860014 141.986084 3.000000
v 22.098013 143.764099 3.000000
v 22.098013 147.574097 3.000000
v 24.638016 145.542099 3.000000
v 28.448017 143.764099 3.000000
v 29.972017 141.986084 3.000000
v 31.242020 139.192078 3.000000
v 33.782021 144.018097 3.000000
v 31.750019 144.272095 3.000000
v 31.750019 146.558090 3.000000
v 30.226017 148.336090 3.000000
v 29.972017 150.114090 3.000000
v 31.496019 152.146088 3.000000
v 31.750019 154.432098 3.000000
v 33.782021 154.686096 3.000000
v 35.052017 155.956085 3.000000
v 37.338024 155.956085 3.000000
v 38.862022 154.686096 3.000000
v 41.402023 154.686096 3.000000
v 41.656025 151.892090 3.000000
v 42.672028 150.368088 3.000000
v 42.672028 148.590088 3.000000
v 41.402023 147.066086 3.000000
v 41.402023 144.272095 3.000000
v 38.862022 144.272095 3.000000
v 37.846024 143.256088 3.000000
v 35.814022 143.002090 3.000000
v 34.290020 139.700073 3.000000
v 35.052017 139.446075 3.000000
v 36.322021 140.208069 3.000000
v 38.608025 140.716080 3.000000
v 46.228027 140.716080 3.000000
v 46.228027 140.208069 3.000000
v 45.720028 139.192078 3.000000
v 43.180027 136.906082 3.000000
v 36.322021 135.382080 3.000000
v 40.386024 131.064072 3.000000
v 44.704025 134.366074 3.000000
v 50.292030 139.954071 3.000000
v 52.324032 142.494095 3.000000
v 51.816032 146.558090 3.000000
v 51.816032 151.384094 3.000000
v 52.324032 155.194092 3.000000
v 54.102032 161.290085 3.000000
v 56.642033 166.624100 3.000000
v 65.024040 179.070114 3.000000
v 68.580040 185.674103 3.000000
v 70.612045 192.278122 3.000000
v 71.628044 199.390121 3.000000
v 17.018009 206.756119 3.000000
v 17.272009 206.756119 3.000000
v 140.462082 206.756119 3.000000
v 140.462082 7.620005 3.000000
v 17.018009 7.620005 3.000000

vt 0.117742 -0.802367
vt 0.108065 -0.963314
vt 0.117742 -0.803550
vt 0.120968 -0.802367
vt 0.133871 -0.792899
vt 0.125806 -0.807101
vt 0.141935 -0.826035
vt 0.175806 -0.791716
vt 0.198387 -0.785799
vt 0.117742 -0.789349
vt 0.116129 -0.668639
vt 0.116129 -0.667456
vt 0.119355 -0.667456
vt 0.138710 -0.662722
vt 0.122581 -0.671006
vt 0.214516 -0.777515
vt 0.164516 -0.867456
vt 0.390323 -0.952663
vt 0.175806 -0.911243
vt 0.177419 -0.947929
vt 0.174194 -0.957396
vt 0.396774 -0.957396
vt 0.201613 -0.693491
vt 0.177419 -0.674556
vt 0.167742 -0.669822
vt 0.117742 -0.662722
vt 0.117742 -0.657988
vt 0.119355 -0.570414
vt 0.120968 -0.650888
vt 0.338710 -0.439053
vt 0.117742 -0.560947
vt 0.120968 -0.558580
vt 0.188710 -0.506509
vt 0.214516 -0.489941
vt 0.341935 -0.424852
vt 0.343548 -0.423669
vt 0.317742 -0.430769
vt 0.346774 -0.422485
vt 0.353226 -0.429586
vt 0.362903 -0.431953
vt 0.369355 -0.435503
vt 0.295161 -0.371598
vt 0.306452 -0.385799
vt 0.300000 -0.383432
vt 0.298387 -0.384615
vt 0.311290 -0.390533
vt 0.309677 -0.391716
vt 0.235484 -0.446154
vt 0.229032 -0.447337
vt 0.240323 -0.449704
vt 0.262903 -0.429586
vt 0.269355 -0.435503
vt 0.288710 -0.424852
vt 0.291935 -0.414201
vt 0.293548 -0.410651
vt 0.295161 -0.409467
vt 0.301613 -0.408284
vt 0.314516 -0.407101
vt 0.306452 -0.411834
vt 0.311290 -0.409467
vt 0.316129 -0.407101
vt 0.322581 -0.407101
vt 0.325806 -0.411834
vt 0.320968 -0.416568
vt 0.316129 -0.421302
vt 0.319355 -0.423669
vt 0.320968 -0.427219
vt 0.312903 -0.431953
vt 0.283871 -0.450888
vt 0.306452 -0.428402
vt 0.308065 -0.423669
vt 0.309677 -0.422485
vt 0.316129 -0.416568
vt 0.300000 -0.424852
vt 0.311290 -0.413018
vt 0.301613 -0.417751
vt 0.306452 -0.414201
vt 0.296774 -0.417751
vt 0.290323 -0.424852
vt 0.279032 -0.443787
vt 0.250000 -0.469822
vt 0.253226 -0.462722
vt 0.243548 -0.469822
vt 0.240323 -0.467456
vt 0.240323 -0.462722
vt 0.241935 -0.461538
vt 0.232258 -0.465089
vt 0.253226 -0.455621
vt 0.250000 -0.460355
vt 0.256452 -0.454438
vt 0.259677 -0.452071
vt 0.266129 -0.442604
vt 0.259677 -0.447337
vt 0.256452 -0.444970
vt 0.250000 -0.446154
vt 0.248387 -0.447337
vt 0.240323 -0.453254
vt 0.230645 -0.462722
vt 0.246774 -0.452071
vt 0.224194 -0.463905
vt 0.222581 -0.463905
vt 0.232258 -0.456805
vt 0.227419 -0.453254
vt 0.229032 -0.448521
vt 0.193548 -0.467456
vt 0.200000 -0.472189
vt 0.172581 -0.486391
vt 0.164516 -0.487574
vt 0.175806 -0.488757
vt 0.172581 -0.495858
vt 0.182258 -0.487574
vt 0.183871 -0.486391
vt 0.196774 -0.481657
vt 0.209677 -0.482840
vt 0.193548 -0.487574
vt 0.190323 -0.485207
vt 0.195161 -0.491124
vt 0.191935 -0.494675
vt 0.188710 -0.502959
vt 0.183871 -0.499408
vt 0.183871 -0.510059
vt 0.175806 -0.507692
vt 0.154839 -0.528994
vt 0.177419 -0.501775
vt 0.179032 -0.500592
vt 0.169355 -0.505325
vt 0.187097 -0.495858
vt 0.180645 -0.492308
vt 0.167742 -0.501775
vt 0.151613 -0.530178
vt 0.132258 -0.532544
vt 0.143548 -0.523077
vt 0.132258 -0.528994
vt 0.129032 -0.534911
vt 0.122581 -0.534911
vt 0.117742 -0.531361
vt 0.119355 -0.527811
vt 0.125806 -0.510059
vt 0.135484 -0.514793
vt 0.162903 -0.502959
vt 0.162903 -0.493491
vt 0.162903 -0.488757
vt 0.166129 -0.495858
vt 0.164516 -0.502959
vt 0.145161 -0.489941
vt 0.120968 -0.504142
vt 0.117742 -0.502959
vt 0.117742 -0.043787
vt 0.119355 -0.469822
vt 0.117742 -0.042604
vt 0.453226 -0.041420
vt 0.891935 -0.035503
vt 0.475806 -0.041420
vt 0.504839 -0.042604
vt 0.517742 -0.042604
vt 0.550000 -0.042604
vt 0.564516 -0.042604
vt 0.579032 -0.042604
vt 0.596774 -0.043787
vt 0.604839 -0.043787
vt 0.608065 -0.043787
vt 0.617742 -0.043787
vt 0.825806 -0.042604
vt 0.882258 -0.042604
vt 0.882258 -0.196450
vt 0.891935 -0.963314
vt 0.882258 -0.209467
vt 0.882258 -0.334911
vt 0.882258 -0.423669
vt 0.882258 -0.433136
vt 0.882258 -0.491124
vt 0.882258 -0.523077
vt 0.880645 -0.957396
vt 0.546774 -0.956213
vt 0.548387 -0.918343
vt 0.533871 -0.934911
vt 0.535484 -0.926627
vt 0.524194 -0.944379
vt 0.530645 -0.943195
vt 0.529032 -0.944379
vt 0.533871 -0.943195
vt 0.533871 -0.955030
vt 0.530645 -0.957396
vt 0.525806 -0.957396
vt 0.516129 -0.957396
vt 0.522581 -0.955030
vt 0.509677 -0.955030
vt 0.503226 -0.956213
vt 0.506452 -0.953846
vt 0.500000 -0.957396
vt 0.495161 -0.953846
vt 0.490323 -0.957396
vt 0.495161 -0.943195
vt 0.485484 -0.957396
vt 0.470968 -0.957396
vt 0.475806 -0.955030
vt 0.466129 -0.953846
vt 0.462903 -0.957396
vt 0.464516 -0.953846
vt 0.456452 -0.957396
vt 0.441935 -0.957396
vt 0.448387 -0.956213
vt 0.430645 -0.945562
vt 0.433871 -0.956213
vt 0.427419 -0.946746
vt 0.425806 -0.956213
vt 0.408065 -0.940828
vt 0.414516 -0.949112
vt 0.404839 -0.945562
vt 0.408065 -0.937278
vt 0.408065 -0.936095
vt 0.411290 -0.934911
vt 0.406452 -0.928994
vt 0.400000 -0.930178
vt 0.400000 -0.927811
vt 0.396774 -0.931361
vt 0.395161 -0.933728
vt 0.387097 -0.927811
vt 0.406452 -0.951479
vt 0.411290 -0.949112
vt 0.403226 -0.953846
vt 0.411290 -0.950296
vt 0.419355 -0.952663
vt 0.420968 -0.956213
vt 0.412903 -0.957396
vt 0.398387 -0.956213
vt 0.400000 -0.951479
vt 0.387097 -0.939645
vt 0.383871 -0.928994
vt 0.382258 -0.926627
vt 0.383871 -0.927811
vt 0.385484 -0.926627
vt 0.382258 -0.920710
vt 0.362903 -0.900592
vt 0.359677 -0.895858
vt 0.350000 -0.889941
vt 0.304839 -0.823669
vt 0.309677 -0.826035
vt 0.303226 -0.816568
vt 0.301613 -0.815385
vt 0.304839 -0.814201
vt 0.291935 -0.802367
vt 0.330645 -0.826035
vt 0.287097 -0.794083
vt 0.285484 -0.792899
vt 0.288710 -0.791716
vt 0.285484 -0.786982
vt 0.275806 -0.779882
vt 0.270968 -0.772781
vt 0.261290 -0.759763
vt 0.269355 -0.765680
vt 0.256452 -0.752663
vt 0.254839 -0.758580
vt 0.256452 -0.751479
vt 0.264516 -0.752663
vt 0.251613 -0.744379
vt 0.304839 -0.771598
vt 0.240323 -0.732544
vt 0.230645 -0.715976
vt 0.237097 -0.725444
vt 0.229032 -0.714793
vt 0.233871 -0.713609
vt 0.227419 -0.708876
vt 0.222581 -0.711243
vt 0.261290 -0.721893
vt 0.264516 -0.726627
vt 0.309677 -0.750296
vt 0.311290 -0.746746
vt 0.538710 -0.584615
vt 0.325806 -0.764497
vt 0.543548 -0.589349
vt 0.538710 -0.578698
vt 0.545161 -0.573964
vt 0.832258 -0.347929
vt 0.300000 -0.733728
vt 0.287097 -0.725444
vt 0.291935 -0.723077
vt 0.288710 -0.723077
vt 0.287097 -0.723077
vt 0.290323 -0.721893
vt 0.256452 -0.707692
vt 0.211290 -0.691124
vt 0.224194 -0.697041
vt 0.216129 -0.697041
vt 0.217742 -0.698225
vt 0.238710 -0.702959
vt 0.201613 -0.681657
vt 0.200000 -0.680473
vt 0.196774 -0.681657
vt 0.167742 -0.662722
vt 0.177419 -0.663905
vt 0.182258 -0.662722
vt 0.209677 -0.669822
vt 0.187097 -0.661538
vt 0.235484 -0.676923
vt 0.143548 -0.654438
vt 0.145161 -0.656805
vt 0.119355 -0.656805
vt 0.120968 -0.653254
vt 0.138710 -0.649704
vt 0.427419 -0.428402
vt 0.430645 -0.418935
vt 0.424194 -0.422485
vt 0.416129 -0.422485
vt 0.409677 -0.416568
vt 0.409677 -0.410651
vt 0.417742 -0.405917
vt 0.420968 -0.401183
vt 0.429032 -0.409467
vt 0.425806 -0.395266
vt 0.427419 -0.395266
vt 0.670968 -0.231953
vt 0.438710 -0.394083
vt 0.443548 -0.397633
vt 0.445161 -0.402367
vt 0.440323 -0.408284
vt 0.680645 -0.236686
vt 0.446774 -0.405917
vt 0.451613 -0.407101
vt 0.456452 -0.410651
vt 0.690323 -0.248521
vt 0.456452 -0.417751
vt 0.161290 -0.648521
vt 0.691935 -0.249704
vt 0.693548 -0.248521
vt 0.706452 -0.253254
vt 0.674194 -0.226036
vt 0.672581 -0.230769
vt 0.674194 -0.224852
vt 0.677419 -0.224852
vt 0.662903 -0.210651
vt 0.690323 -0.230769
vt 0.656452 -0.200000
vt 0.654839 -0.205917
vt 0.650000 -0.205917
vt 0.648387 -0.207101
vt 0.656452 -0.198817
vt 0.659677 -0.198817
vt 0.648387 -0.185799
vt 0.650000 -0.201183
vt 0.645161 -0.178698
vt 0.645161 -0.177515
vt 0.641935 -0.169231
vt 0.648387 -0.177515
vt 0.685484 -0.201183
vt 0.633871 -0.157396
vt 0.627419 -0.143195
vt 0.633871 -0.156213
vt 0.637097 -0.156213
vt 0.667742 -0.175148
vt 0.624194 -0.136095
vt 0.624194 -0.134911
vt 0.619355 -0.136095
vt 0.629032 -0.215385
vt 0.606452 -0.230769
vt 0.687097 -0.214201
vt 0.708064 -0.231953
vt 0.724194 -0.236686
vt 0.738710 -0.243787
vt 0.750000 -0.252071
vt 0.745161 -0.244970
vt 0.740323 -0.235503
vt 0.767742 -0.271006
vt 0.735484 -0.227219
vt 0.735484 -0.231953
vt 0.695161 -0.210651
vt 0.722581 -0.223669
vt 0.732258 -0.228402
vt 0.724194 -0.213018
vt 0.709677 -0.191716
vt 0.714516 -0.201183
vt 0.717742 -0.208284
vt 0.691935 -0.195266
vt 0.708064 -0.201183
vt 0.659677 -0.159763
vt 0.688710 -0.175148
vt 0.633871 -0.136095
vt 0.627419 -0.134911
vt 0.614516 -0.132544
vt 0.619355 -0.124260
vt 0.608065 -0.132544
vt 0.614516 -0.126627
vt 0.614516 -0.121893
vt 0.611290 -0.127811
vt 0.596774 -0.118343
vt 0.596774 -0.121893
vt 0.587097 -0.118343
vt 0.596774 -0.124260
vt 0.554839 -0.124260
vt 0.556452 -0.131361
vt 0.551613 -0.133728
vt 0.550000 -0.134911
vt 0.554839 -0.133728
vt 0.553226 -0.137278
vt 0.556452 -0.132544
vt 0.559677 -0.131361
vt 0.567742 -0.137278
vt 0.582258 -0.130178
vt 0.574194 -0.136095
vt 0.583871 -0.133728
vt 0.577419 -0.139645
vt 0.567742 -0.140828
vt 0.574194 -0.143195
vt 0.587097 -0.132544
vt 0.588710 -0.131361
vt 0.595161 -0.130178
vt 0.598387 -0.132544
vt 0.593548 -0.137278
vt 0.591936 -0.139645
vt 0.583871 -0.137278
vt 0.551613 -0.139645
vt 0.550000 -0.142012
vt 0.548387 -0.144379
vt 0.575806 -0.159763
vt 0.559677 -0.152663
vt 0.545161 -0.139645
vt 0.545161 -0.121893
vt 0.553226 -0.121893
vt 0.561290 -0.114793
vt 0.587097 -0.114793
vt 0.567742 -0.117160
vt 0.556452 -0.119527
vt 0.569355 -0.117160
vt 0.577419 -0.115976
vt 0.616129 -0.117160
vt 0.616129 -0.115976
vt 0.609677 -0.113609
vt 0.596774 -0.106509
vt 0.604839 -0.106509
vt 0.587097 -0.100592
vt 0.569355 -0.104142
vt 0.546774 -0.108876
vt 0.561290 -0.099408
vt 0.541936 -0.107692
vt 0.543548 -0.104142
vt 0.606452 -0.101775
vt 0.612903 -0.106509
vt 0.609677 -0.098225
vt 0.609677 -0.097041
vt 0.612903 -0.097041
vt 0.603226 -0.094675
vt 0.603226 -0.099408
vt 0.598387 -0.095858
vt 0.590323 -0.093491
vt 0.566129 -0.082840
vt 0.577419 -0.092308
vt 0.559677 -0.082840
vt 0.541936 -0.068639
vt 0.541936 -0.063905
vt 0.530645 -0.044970
vt 0.527419 -0.047337
vt 0.524194 -0.047337
vt 0.530645 -0.043787
vt 0.520968 -0.044970
vt 0.508065 -0.066272
vt 0.491935 -0.082840
vt 0.509677 -0.071006
vt 0.466129 -0.102959
vt 0.501613 -0.079290
vt 0.524194 -0.048521
vt 0.475806 -0.094675
vt 0.467742 -0.098225
vt 0.435484 -0.133728
vt 0.467742 -0.105325
vt 0.488710 -0.089941
vt 0.464516 -0.095858
vt 0.464516 -0.092308
vt 0.448387 -0.102959
vt 0.412903 -0.164497
vt 0.467742 -0.112426
vt 0.483871 -0.100592
vt 0.475806 -0.107692
vt 0.477419 -0.107692
vt 0.501613 -0.101775
vt 0.501613 -0.106509
vt 0.508065 -0.108876
vt 0.512903 -0.107692
vt 0.514516 -0.114793
vt 0.512903 -0.123077
vt 0.517742 -0.115976
vt 0.517742 -0.132544
vt 0.509677 -0.132544
vt 0.512903 -0.134911
vt 0.506452 -0.143195
vt 0.506452 -0.139645
vt 0.504839 -0.133728
vt 0.500000 -0.132544
vt 0.500000 -0.136095
vt 0.495161 -0.140828
vt 0.482258 -0.142012
vt 0.493548 -0.144379
vt 0.503226 -0.134911
vt 0.500000 -0.139645
vt 0.470968 -0.144379
vt 0.470968 -0.159763
vt 0.343548 -0.247337
vt 0.474194 -0.139645
vt 0.474194 -0.137278
vt 0.470968 -0.139645
vt 0.359677 -0.222485
vt 0.469355 -0.137278
vt 0.469355 -0.136095
vt 0.474194 -0.134911
vt 0.475806 -0.132544
vt 0.480645 -0.125444
vt 0.469355 -0.127811
vt 0.469355 -0.123077
vt 0.477419 -0.118343
vt 0.480645 -0.115976
vt 0.479032 -0.118343
vt 0.490323 -0.117160
vt 0.493548 -0.115976
vt 0.509677 -0.124260
vt 0.496774 -0.132544
vt 0.485484 -0.138462
vt 0.495161 -0.133728
vt 0.491935 -0.137278
vt 0.469355 -0.118343
vt 0.332258 -0.275740
vt 0.329032 -0.293491
vt 0.475806 -0.179882
vt 0.490323 -0.216568
vt 0.498387 -0.228402
vt 0.332258 -0.334911
vt 0.329032 -0.315976
vt 0.319355 -0.346746
vt 0.283871 -0.372781
vt 0.366129 -0.318343
vt 0.380645 -0.317160
vt 0.390323 -0.326627
vt 0.508065 -0.237870
vt 0.519355 -0.244970
vt 0.403226 -0.350296
vt 0.404839 -0.371598
vt 0.420968 -0.343195
vt 0.429032 -0.334911
vt 0.433871 -0.330178
vt 0.440323 -0.324260
vt 0.546774 -0.247337
vt 0.441935 -0.324260
vt 0.450000 -0.323077
vt 0.456452 -0.326627
vt 0.572581 -0.241420
vt 0.458065 -0.330178
vt 0.453226 -0.337278
vt 0.600000 -0.230769
vt 0.462903 -0.334911
vt 0.469355 -0.339645
vt 0.469355 -0.345562
vt 0.461290 -0.351479
vt 0.375806 -0.429586
vt 0.312903 -0.372781
vt 0.361290 -0.413018
vt 0.361290 -0.410651
vt 0.379032 -0.330178
vt 0.304839 -0.366864
vt 0.301613 -0.366864
vt 0.367742 -0.319527
vt 0.300000 -0.368047
vt 0.387097 -0.342012
vt 0.391935 -0.356213
vt 0.391935 -0.370414
vt 0.382258 -0.391716
vt 0.367742 -0.417751
vt 0.383871 -0.407101
vt 0.454839 -0.356213
vt 0.395161 -0.395266
vt 0.435484 -0.351479
vt 0.430645 -0.351479
vt 0.422581 -0.346746
vt 0.438710 -0.337278
vt 0.527419 -0.247337
vt 0.443548 -0.347929
vt 0.440323 -0.357396
vt 0.448387 -0.347929
vt 0.456452 -0.351479
vt 0.256452 -0.388166
vt 0.119355 -0.491124
vt 0.251613 -0.391716
vt 0.230645 -0.368047
vt 0.224194 -0.368047
vt 0.182258 -0.431953
vt 0.179032 -0.434320
vt 0.174194 -0.424852
vt 0.179032 -0.418935
vt 0.169355 -0.427219
vt 0.145161 -0.444970
vt 0.172581 -0.422485
vt 0.175806 -0.420118
vt 0.167742 -0.422485
vt 0.164516 -0.420118
vt 0.146774 -0.434320
vt 0.166129 -0.415385
vt 0.167742 -0.415385
vt 0.177419 -0.411834
vt 0.172581 -0.414201
vt 0.175806 -0.416568
vt 0.177419 -0.415385
vt 0.183871 -0.409467
vt 0.183871 -0.405917
vt 0.182258 -0.408284
vt 0.182258 -0.405917
vt 0.167742 -0.407101
vt 0.169355 -0.411834
vt 0.164516 -0.405917
vt 0.169355 -0.404734
vt 0.170968 -0.402367
vt 0.167742 -0.402367
vt 0.151613 -0.397633
vt 0.153226 -0.402367
vt 0.150000 -0.402367
vt 0.146774 -0.408284
vt 0.150000 -0.403550
vt 0.161290 -0.416568
vt 0.154839 -0.420118
vt 0.151613 -0.447337
vt 0.164516 -0.431953
vt 0.159677 -0.442604
vt 0.170968 -0.403550
vt 0.177419 -0.402367
vt 0.172581 -0.400000
vt 0.183871 -0.402367
vt 0.190323 -0.397633
vt 0.191935 -0.401183
vt 0.191935 -0.392899
vt 0.191935 -0.389349
vt 0.195161 -0.386982
vt 0.183871 -0.383432
vt 0.183871 -0.390533
vt 0.183871 -0.382249
vt 0.193548 -0.382249
vt 0.193548 -0.379882
vt 0.177419 -0.379882
vt 0.172581 -0.377515
vt 0.162903 -0.371598
vt 0.169355 -0.395266
vt 0.177419 -0.394083
vt 0.175806 -0.397633
vt 0.179032 -0.394083
vt 0.185484 -0.392899
vt 0.200000 -0.385799
vt 0.200000 -0.379882
vt 0.203226 -0.378698
vt 0.195161 -0.377515
vt 0.187097 -0.370414
vt 0.185484 -0.362130
vt 0.188710 -0.364497
vt 0.191935 -0.357396
vt 0.270968 -0.298225
vt 0.198387 -0.350296
vt 0.264516 -0.291124
vt 0.214516 -0.327811
vt 0.190323 -0.337278
vt 0.187097 -0.355030
vt 0.164516 -0.347929
vt 0.185484 -0.357396
vt 0.167742 -0.358580
vt 0.169355 -0.360947
vt 0.166129 -0.363314
vt 0.148387 -0.382249
vt 0.150000 -0.386982
vt 0.151613 -0.385799
vt 0.154839 -0.385799
vt 0.158065 -0.384615
vt 0.159677 -0.391716
vt 0.158065 -0.373964
vt 0.158065 -0.372781
vt 0.166129 -0.369231
vt 0.150000 -0.409467
vt 0.156452 -0.416568
vt 0.170968 -0.360947
vt 0.182258 -0.359763
vt 0.262903 -0.278107
vt 0.201613 -0.326627
vt 0.201613 -0.315976
vt 0.246774 -0.278107
vt 0.191935 -0.307692
vt 0.237097 -0.272189
vt 0.190323 -0.299408
vt 0.200000 -0.289941
vt 0.201613 -0.279290
vt 0.214516 -0.278107
vt 0.222581 -0.272189
vt 0.191935 -0.358580
vt 0.196774 -0.363314
vt 0.191935 -0.363314
vt 0.203226 -0.368047
vt 0.208065 -0.366864
vt 0.188710 -0.366864
vt 0.209677 -0.379882
vt 0.208065 -0.382249
vt 0.211290 -0.396450
vt 0.212903 -0.385799
vt 0.214516 -0.398817
vt 0.212903 -0.400000
vt 0.200000 -0.357396
vt 0.227419 -0.332544
vt 0.217742 -0.347929
vt 0.240323 -0.331361
vt 0.270968 -0.306509
vt 0.262903 -0.313609
vt 0.246774 -0.326627
vt 0.262903 -0.326627
vt 0.217742 -0.366864
vt 0.293548 -0.343195
vt 0.245161 -0.343195
vt 0.230645 -0.345562
vt 0.222581 -0.349112
vt 0.274194 -0.360947
vt 0.293548 -0.345562
vt 0.290323 -0.350296
vt 0.180645 -0.328994
vt 0.145161 -0.337278
vt 0.156452 -0.320710
vt 0.140323 -0.328994
vt 0.140323 -0.311243
vt 0.501613 -0.142012
vt 0.503226 -0.146746
vt 0.506452 -0.150296
vt 0.501613 -0.149112
vt 0.500000 -0.164497
vt 0.506452 -0.158580
vt 0.504839 -0.168047
vt 0.500000 -0.170414
vt 0.517742 -0.182249
vt 0.517742 -0.177515
vt 0.519355 -0.185799
vt 0.485484 -0.155030
vt 0.493548 -0.072189
vt 0.475806 -0.086391
vt 0.506452 -0.055621
vt 0.475806 -0.082840
vt 0.498387 -0.061538
vt 0.467742 -0.085207
vt 0.466129 -0.080473
vt 0.490323 -0.059172
vt 0.469355 -0.072189
vt 0.479032 -0.065089
vt 0.466129 -0.071006
vt 0.466129 -0.066272
vt 0.475806 -0.057988
vt 0.454839 -0.069822
vt 0.470968 -0.056805
vt 0.467742 -0.055621
vt 0.467742 -0.047337
vt 0.470968 -0.043787
vt 0.472581 -0.042604
vt 0.479032 -0.044970
vt 0.485484 -0.043787
vt 0.483871 -0.044970
vt 0.493548 -0.043787
vt 0.498387 -0.043787
vt 0.506452 -0.048521
vt 0.509677 -0.044970
vt 0.511290 -0.043787
vt 0.714516 -0.182249
vt 0.804839 -0.305325
vt 0.790323 -0.218935
vt 0.791935 -0.215385
vt 0.833871 -0.126627
vt 0.824194 -0.081657
vt 0.825806 -0.043787
vt 0.880645 -0.325444
vt 0.820968 -0.318343
vt 0.838710 -0.326627
vt 0.877419 -0.338462
vt 0.879032 -0.340828
vt 0.875806 -0.340828
vt 0.877419 -0.342012
vt 0.569355 -0.569231
vt 0.877419 -0.423669
vt 0.570968 -0.573964
vt 0.580645 -0.575148
vt 0.585484 -0.578698
vt 0.585484 -0.585799
vt 0.630645 -0.560947
vt 0.637097 -0.563314
vt 0.651613 -0.562130
vt 0.879032 -0.423669
vt 0.880645 -0.501775
vt 0.877419 -0.523077
vt 0.740323 -0.607101
vt 0.748387 -0.602367
vt 0.817742 -0.559763
vt 0.875806 -0.524260
vt 0.745161 -0.605917
vt 0.703226 -0.629586
vt 0.685484 -0.642604
vt 0.695161 -0.630769
vt 0.517742 -0.791716
vt 0.666129 -0.662722
vt 0.670968 -0.681657
vt 0.670968 -0.710059
vt 0.532258 -0.836686
vt 0.664516 -0.733728
vt 0.643548 -0.770414
vt 0.593548 -0.826035
vt 0.530645 -0.854438
vt 0.530645 -0.852071
vt 0.496774 -0.852071
vt 0.508065 -0.853254
vt 0.493548 -0.856805
vt 0.485484 -0.862722
vt 0.500000 -0.847337
vt 0.512903 -0.840237
vt 0.496774 -0.846154
vt 0.495161 -0.844970
vt 0.496774 -0.836686
vt 0.487097 -0.886391
vt 0.487097 -0.874556
vt 0.487097 -0.873373
vt 0.490323 -0.861538
vt 0.491935 -0.857988
vt 0.501613 -0.856805
vt 0.498387 -0.862722
vt 0.501613 -0.859172
vt 0.509677 -0.853254
vt 0.519355 -0.853254
vt 0.525806 -0.855621
vt 0.527419 -0.859172
vt 0.527419 -0.861538
vt 0.530645 -0.859172
vt 0.527419 -0.856805
vt 0.533871 -0.856805
vt 0.520968 -0.871006
vt 0.532258 -0.866272
vt 0.537097 -0.866272
vt 0.537097 -0.869823
vt 0.530645 -0.867456
vt 0.504839 -0.871006
vt 0.524194 -0.862722
vt 0.514516 -0.856805
vt 0.503226 -0.863905
vt 0.493548 -0.868639
vt 0.493548 -0.863905
vt 0.491935 -0.871006
vt 0.498387 -0.874556
vt 0.491935 -0.873373
vt 0.509677 -0.879290
vt 0.529032 -0.878106
vt 0.517742 -0.878106
vt 0.529032 -0.875740
vt 0.535484 -0.874556
vt 0.570968 -0.859172
vt 0.537097 -0.884024
vt 0.558065 -0.887574
vt 0.524194 -0.889941
vt 0.522581 -0.894675
vt 0.503226 -0.894675
vt 0.529032 -0.892308
vt 0.533871 -0.893491
vt 0.532258 -0.892308
vt 0.533871 -0.891124
vt 0.535484 -0.892308
vt 0.530645 -0.899408
vt 0.533871 -0.898225
vt 0.537097 -0.900592
vt 0.535484 -0.904142
vt 0.506452 -0.927811
vt 0.532258 -0.910059
vt 0.537097 -0.911243
vt 0.535484 -0.919527
vt 0.532258 -0.926627
vt 0.514516 -0.937278
vt 0.530645 -0.927811
vt 0.504839 -0.917160
vt 0.529032 -0.900592
vt 0.493548 -0.930178
vt 0.483871 -0.937278
vt 0.498387 -0.919527
vt 0.480645 -0.945562
vt 0.477419 -0.946746
vt 0.482258 -0.951479
vt 0.482258 -0.955030
vt 0.472581 -0.946746
vt 0.458065 -0.928994
vt 0.458065 -0.924260
vt 0.438710 -0.910059
vt 0.435484 -0.911243
vt 0.404839 -0.899408
vt 0.424194 -0.902959
vt 0.403226 -0.895858
vt 0.396774 -0.899408
vt 0.396774 -0.900592
vt 0.393548 -0.906509
vt 0.400000 -0.905325
vt 0.417742 -0.911243
vt 0.408065 -0.910059
vt 0.401613 -0.910059
vt 0.395161 -0.911243
vt 0.400000 -0.911243
vt 0.358065 -0.876923
vt 0.372581 -0.884024
vt 0.343548 -0.867456
vt 0.341935 -0.866272
vt 0.338710 -0.866272
vt 0.325806 -0.849704
vt 0.340323 -0.868639
vt 0.340323 -0.867456
vt 0.345161 -0.875740
vt 0.374194 -0.899408
vt 0.361290 -0.892308
vt 0.358065 -0.892308
vt 0.362903 -0.893491
vt 0.395161 -0.920710
vt 0.391935 -0.912426
vt 0.404839 -0.918343
vt 0.416129 -0.921893
vt 0.408065 -0.921893
vt 0.403226 -0.923077
vt 0.414516 -0.924260
vt 0.430645 -0.933728
vt 0.430645 -0.930178
vt 0.446774 -0.945562
vt 0.451613 -0.953846
vt 0.445161 -0.947929
vt 0.403226 -0.924260
vt 0.359677 -0.893491
vt 0.319355 -0.840237
vt 0.383871 -0.894675
vt 0.390323 -0.894675
vt 0.395161 -0.891124
vt 0.393548 -0.886391
vt 0.385484 -0.885207
vt 0.366129 -0.868639
vt 0.382258 -0.878106
vt 0.345161 -0.849704
vt 0.335484 -0.846154
vt 0.322581 -0.839053
vt 0.319355 -0.839053
vt 0.382258 -0.869823
vt 0.390323 -0.867456
vt 0.396774 -0.861538
vt 0.385484 -0.862722
vt 0.375806 -0.859172
vt 0.375806 -0.853254
vt 0.362903 -0.853254
vt 0.317742 -0.821302
vt 0.419355 -0.853254
vt 0.404839 -0.861538
vt 0.411290 -0.857988
vt 0.412903 -0.857988
vt 0.419355 -0.857988
vt 0.406452 -0.863905
vt 0.398387 -0.869823
vt 0.416129 -0.862722
vt 0.416452 -0.862248
vt 0.417742 -0.865089
vt 0.420968 -0.865089
vt 0.411290 -0.871006
vt 0.432258 -0.873373
vt 0.448387 -0.868639
vt 0.448387 -0.862722
vt 0.443548 -0.863905
vt 0.435484 -0.859172
vt 0.430645 -0.859172
vt 0.456452 -0.867456
vt 0.453226 -0.869823
vt 0.459677 -0.871006
vt 0.456452 -0.853254
vt 0.451613 -0.859172
vt 0.451613 -0.856805
vt 0.453226 -0.854438
vt 0.433871 -0.853254
vt 0.435484 -0.854438
vt 0.427419 -0.855621
vt 0.441935 -0.856805
vt 0.446774 -0.859172
vt 0.448387 -0.860355
vt 0.425806 -0.855621
vt 0.417512 -0.860693
vt 0.441935 -0.842604
vt 0.432258 -0.839053
vt 0.440323 -0.880473
vt 0.446774 -0.875740
vt 0.438710 -0.878106
vt 0.414516 -0.876923
vt 0.425806 -0.881657
vt 0.409677 -0.878106
vt 0.400000 -0.871006
vt 0.388710 -0.875740
vt 0.404839 -0.889941
vt 0.398387 -0.889941
vt 0.420968 -0.895858
vt 0.440323 -0.897041
vt 0.433871 -0.892308
vt 0.456452 -0.887574
vt 0.454839 -0.893491
vt 0.459677 -0.888757
vt 0.395161 -0.893491
vt 0.398387 -0.895858
vt 0.404839 -0.868639
vt 0.351613 -0.797633
vt 0.354839 -0.811834
vt 0.350000 -0.805917
vt 0.350000 -0.792899
vt 0.374194 -0.776331
vt 0.346774 -0.791716
vt 0.330645 -0.766864
vt 0.330645 -0.771598
vt 0.327419 -0.773964
vt 0.337097 -0.783432
vt 0.317742 -0.765680
vt 0.290323 -0.749112
vt 0.300000 -0.758580
vt 0.264516 -0.736095
vt 0.243548 -0.730178
vt 0.240323 -0.731361
vt 0.253226 -0.733728
vt 0.343548 -0.794083
vt 0.340323 -0.795266
vt 0.324194 -0.786982
vt 0.279032 -0.759763
vt 0.330645 -0.765680
vt 0.395161 -0.765680
vt 0.566129 -0.602367
vt 0.554839 -0.601183
vt 0.551613 -0.597633
vt 0.551613 -0.591716
vt 0.554839 -0.588166
vt 0.548387 -0.590533
vt 0.570968 -0.600000
vt 0.572581 -0.591716
vt 0.577419 -0.590533
vt 0.567742 -0.586982
vt 0.703226 -0.624852
vt 0.645161 -0.566864
vt 0.653226 -0.573964
vt 0.688710 -0.607101
vt 0.675806 -0.589349
vt 0.675806 -0.583432
vt 0.679032 -0.569231
vt 0.680645 -0.568047
vt 0.874194 -0.439053
vt 0.714516 -0.547929
vt 0.717742 -0.546746
vt 0.748387 -0.527811
vt 0.780645 -0.507692
vt 0.785484 -0.507692
vt 0.754839 -0.526627
vt 0.758065 -0.528994
vt 0.758065 -0.533728
vt 0.762903 -0.532544
vt 0.748387 -0.542012
vt 0.751613 -0.544379
vt 0.750000 -0.550296
vt 0.766129 -0.533728
vt 0.759677 -0.542012
vt 0.761290 -0.540828
vt 0.803226 -0.526627
vt 0.780645 -0.508876
vt 0.754839 -0.536095
vt 0.748387 -0.536095
vt 0.740323 -0.543195
vt 0.738710 -0.544379
vt 0.722581 -0.552663
vt 0.733871 -0.553846
vt 0.738710 -0.549112
vt 0.741935 -0.551479
vt 0.730645 -0.562130
vt 0.738710 -0.566864
vt 0.737097 -0.568047
vt 0.766129 -0.550296
vt 0.759677 -0.546746
vt 0.767742 -0.539645
vt 0.772581 -0.543195
vt 0.772581 -0.546746
vt 0.769355 -0.549112
vt 0.877419 -0.492308
vt 0.830645 -0.511243
vt 0.827419 -0.511243
vt 0.822581 -0.507692
vt 0.817742 -0.508876
vt 0.824194 -0.502959
vt 0.817742 -0.505325
vt 0.814516 -0.511243
vt 0.809677 -0.512426
vt 0.796774 -0.520710
vt 0.798387 -0.513609
vt 0.800000 -0.512426
vt 0.796774 -0.512426
vt 0.787097 -0.513609
vt 0.809677 -0.491124
vt 0.809677 -0.495858
vt 0.806452 -0.502959
vt 0.814516 -0.499408
vt 0.819355 -0.498225
vt 0.812903 -0.501775
vt 0.804839 -0.504142
vt 0.803226 -0.507692
vt 0.798387 -0.511243
vt 0.822581 -0.495858
vt 0.822581 -0.492308
vt 0.830645 -0.492308
vt 0.829032 -0.493491
vt 0.832258 -0.493491
vt 0.830645 -0.494675
vt 0.838710 -0.493491
vt 0.825806 -0.501775
vt 0.829032 -0.500592
vt 0.835484 -0.504142
vt 0.835484 -0.507692
vt 0.864516 -0.488757
vt 0.869355 -0.486391
vt 0.879032 -0.491124
vt 0.879032 -0.468639
vt 0.879032 -0.463905
vt 0.875806 -0.471006
vt 0.861290 -0.480473
vt 0.866129 -0.473373
vt 0.869355 -0.471006
vt 0.866129 -0.468639
vt 0.866129 -0.463905
vt 0.867742 -0.462722
vt 0.853226 -0.472189
vt 0.848387 -0.467456
vt 0.845161 -0.467456
vt 0.875806 -0.461538
vt 0.811290 -0.489941
vt 0.817742 -0.488757
vt 0.845161 -0.468639
vt 0.698387 -0.600000
vt 0.696774 -0.614201
vt 0.703226 -0.610651
vt 0.688710 -0.627219
vt 0.630645 -0.673373
vt 0.622581 -0.666272
vt 0.630645 -0.676923
vt 0.619355 -0.676923
vt 0.498387 -0.763314
vt 0.612903 -0.672189
vt 0.485484 -0.753846
vt 0.603226 -0.660355
vt 0.479032 -0.751479
vt 0.596774 -0.643787
vt 0.450000 -0.751479
vt 0.448387 -0.751479
vt 0.433871 -0.753846
vt 0.550000 -0.671006
vt 0.538710 -0.671006
vt 0.398387 -0.768047
vt 0.370968 -0.783432
vt 0.533871 -0.666272
vt 0.537097 -0.656805
vt 0.527419 -0.659172
vt 0.520968 -0.653254
vt 0.520968 -0.649704
vt 0.527419 -0.643787
vt 0.624194 -0.565680
vt 0.629032 -0.562130
vt 0.532258 -0.642604
vt 0.630645 -0.578698
vt 0.538710 -0.639053
vt 0.550000 -0.637870
vt 0.548387 -0.647337
vt 0.612903 -0.591716
vt 0.601613 -0.607101
vt 0.629032 -0.579882
vt 0.633871 -0.578698
vt 0.638710 -0.584615
vt 0.622581 -0.597633
vt 0.614516 -0.608284
vt 0.609677 -0.620118
vt 0.609677 -0.642604
vt 0.614516 -0.654438
vt 0.553226 -0.643787
vt 0.561290 -0.643787
vt 0.596774 -0.621302
vt 0.567742 -0.647337
vt 0.569355 -0.652071
vt 0.562903 -0.659172
vt 0.556452 -0.665089
vt 0.551613 -0.657988
vt 0.538710 -0.640237
vt 0.541936 -0.646154
vt 0.708064 -0.585799
vt 0.708064 -0.582249
vt 0.703226 -0.578698
vt 0.698387 -0.579882
vt 0.708064 -0.571598
vt 0.688710 -0.586982
vt 0.687097 -0.583432
vt 0.701613 -0.571598
vt 0.700000 -0.572781
vt 0.698387 -0.571598
vt 0.700000 -0.570414
vt 0.683871 -0.581065
vt 0.677419 -0.582249
vt 0.688710 -0.576331
vt 0.682258 -0.576331
vt 0.679032 -0.573964
vt 0.712903 -0.549112
vt 0.688710 -0.566864
vt 0.691935 -0.569231
vt 0.691935 -0.573964
vt 0.683871 -0.590533
vt 0.696774 -0.581065
vt 0.695161 -0.586982
vt 0.703226 -0.589349
vt 0.746774 -0.528994
vt 0.745161 -0.533728
vt 0.875806 -0.342012
vt 0.864516 -0.338462
vt 0.845161 -0.334911
vt 0.832258 -0.333728
vt 0.819355 -0.324260
vt 0.812903 -0.324260
vt 0.824194 -0.334911
vt 0.811290 -0.332544
vt 0.819355 -0.337278
vt 0.769355 -0.324260
vt 0.859677 -0.347929
vt 0.556452 -0.569231
vt 0.564516 -0.577515
vt 0.816129 -0.345562
vt 0.772581 -0.373964
vt 0.777419 -0.369231
vt 0.772581 -0.366864
vt 0.800000 -0.342012
vt 0.761290 -0.351479
vt 0.767742 -0.345562
vt 0.782258 -0.334911
vt 0.766129 -0.339645
vt 0.759677 -0.334911
vt 0.751613 -0.336095
vt 0.754839 -0.332544
vt 0.754839 -0.327811
vt 0.761290 -0.323077
vt 0.759677 -0.321893
vt 0.748387 -0.323077
vt 0.737097 -0.324260
vt 0.735484 -0.325444
vt 0.638710 -0.389349
vt 0.732258 -0.327811
vt 0.667742 -0.377515
vt 0.708064 -0.368047
vt 0.719355 -0.340828
vt 0.725806 -0.334911
vt 0.733871 -0.336095
vt 0.720968 -0.347929
vt 0.729032 -0.351479
vt 0.740323 -0.347929
vt 0.737097 -0.355030
vt 0.727419 -0.366864
vt 0.738710 -0.357396
vt 0.750000 -0.356213
vt 0.746774 -0.347929
vt 0.753226 -0.351479
vt 0.729032 -0.366864
vt 0.617742 -0.401183
vt 0.743548 -0.308876
vt 0.440323 -0.524260
vt 0.430645 -0.545562
vt 0.417742 -0.564497
vt 0.567742 -0.455621
vt 0.395161 -0.586982
vt 0.364516 -0.607101
vt 0.259677 -0.692308
vt 0.322581 -0.643787
vt 0.364516 -0.613018
vt 0.374194 -0.605917
vt 0.380645 -0.605917
vt 0.382258 -0.601183
vt 0.561290 -0.469822
vt 0.390323 -0.600000
vt 0.391935 -0.600000
vt 0.561290 -0.478106
vt 0.395161 -0.600000
vt 0.395161 -0.602367
vt 0.567742 -0.478106
vt 0.391935 -0.609467
vt 0.396774 -0.605917
vt 0.572581 -0.474556
vt 0.740323 -0.372781
vt 0.404839 -0.604734
vt 0.412903 -0.610651
vt 0.412903 -0.616568
vt 0.406452 -0.621302
vt 0.401613 -0.627219
vt 0.393548 -0.634320
vt 0.350000 -0.667456
vt 0.287097 -0.715976
vt 0.698387 -0.377515
vt 0.572581 -0.469822
vt 0.580645 -0.453254
vt 0.580645 -0.435503
vt 0.596774 -0.417751
vt 0.387097 -0.609467
vt 0.667742 -0.385799
vt 0.638710 -0.398817
vt 0.601613 -0.426035
vt 0.401613 -0.623669
vt 0.395161 -0.618935
vt 0.400000 -0.621302
vt 0.388710 -0.634320
vt 0.362903 -0.655621
vt 0.362903 -0.648521
vt 0.356452 -0.660355
vt 0.350000 -0.661538
vt 0.343548 -0.672189
vt 0.333871 -0.672189
vt 0.327419 -0.667456
vt 0.327419 -0.662722
vt 0.332258 -0.657988
vt 0.267742 -0.704142
vt 0.325806 -0.660355
vt 0.320968 -0.659172
vt 0.264516 -0.700592
vt 0.266129 -0.698225
vt 0.243548 -0.691124
vt 0.246774 -0.694675
vt 0.211290 -0.681657
vt 0.195161 -0.674556
vt 0.203226 -0.679290
vt 0.179032 -0.665089
vt 0.316129 -0.655621
vt 0.316129 -0.649704
vt 0.330645 -0.643787
vt 0.332258 -0.639053
vt 0.366129 -0.617751
vt 0.345161 -0.637870
vt 0.343548 -0.647337
vt 0.370968 -0.621302
vt 0.379032 -0.622485
vt 0.351613 -0.643787
vt 0.358065 -0.644970
vt 0.383871 -0.620118
vt 0.379032 -0.624852
vt 0.379032 -0.629586
vt 0.333871 -0.640237
vt 0.337097 -0.647337
vt 0.330645 -0.621302
vt 0.288710 -0.630769
vt 0.277419 -0.648521
vt 0.269355 -0.642604
vt 0.277419 -0.652071
vt 0.274194 -0.656805
vt 0.262903 -0.666272
vt 0.245161 -0.682840
vt 0.237097 -0.676923
vt 0.238710 -0.675740
vt 0.240323 -0.676923
vt 0.258065 -0.669822
vt 0.245161 -0.669822
vt 0.240323 -0.662722
vt 0.245161 -0.656805
vt 0.227419 -0.667456
vt 0.233871 -0.657988
vt 0.229032 -0.653254
vt 0.229032 -0.648521
vt 0.238710 -0.641420
vt 0.246774 -0.633136
vt 0.229032 -0.631953
vt 0.220968 -0.629586
vt 0.191935 -0.653254
vt 0.225806 -0.624852
vt 0.270968 -0.624852
vt 0.640323 -0.327811
vt 0.711290 -0.274556
vt 0.708064 -0.267456
vt 0.695161 -0.255621
vt 0.691935 -0.250888
vt 0.140323 -0.649704
vt 0.450000 -0.422485
vt 0.440323 -0.427219
vt 0.440323 -0.422485
vt 0.437097 -0.423669
vt 0.437097 -0.418935
vt 0.632258 -0.334911
vt 0.640323 -0.331361
vt 0.638710 -0.333728
vt 0.645161 -0.336095
vt 0.627419 -0.339645
vt 0.601613 -0.360947
vt 0.629032 -0.346746
vt 0.635484 -0.350296
vt 0.612903 -0.360947
vt 0.603226 -0.360947
vt 0.617742 -0.364497
vt 0.617742 -0.370414
vt 0.645161 -0.349112
vt 0.648387 -0.346746
vt 0.645161 -0.356213
vt 0.658065 -0.355030
vt 0.632258 -0.379882
vt 0.670968 -0.349112
vt 0.661290 -0.350296
vt 0.654839 -0.346746
vt 0.624194 -0.388166
vt 0.612903 -0.394083
vt 0.614516 -0.391716
vt 0.617742 -0.388166
vt 0.611290 -0.384615
vt 0.438710 -0.519527
vt 0.430645 -0.520710
vt 0.430645 -0.521894
vt 0.311290 -0.618935
vt 0.420968 -0.543195
vt 0.403226 -0.566864
vt 0.356452 -0.602367
vt 0.387097 -0.582249
vt 0.593548 -0.389349
vt 0.604839 -0.384615
vt 0.601613 -0.394083
vt 0.585484 -0.385799
vt 0.583871 -0.379882
vt 0.590323 -0.372781
vt 0.601613 -0.375148
vt 0.595161 -0.366864
vt 0.624194 -0.371598
vt 0.614516 -0.373964
vt 0.675806 -0.344379
vt 0.730645 -0.297041
vt 0.730645 -0.295858
vt 0.772581 -0.321893
vt 0.762903 -0.321893
vt 0.762903 -0.323077
vt 0.766129 -0.323077
vt 0.767742 -0.323077
vt 0.764516 -0.324260
vt 0.674194 -0.337278
vt 0.667742 -0.333728
vt 0.729032 -0.289941
vt 0.659677 -0.334911
vt 0.662903 -0.331361
vt 0.662903 -0.326627
vt 0.717742 -0.281657
vt 0.656452 -0.321893
vt 0.646774 -0.323077
vt 0.712903 -0.275740
vt 0.645161 -0.324260
vt 0.714516 -0.274556
vt 0.716129 -0.275740
vt 0.717742 -0.275740
vt 0.714516 -0.276923
vt 0.719355 -0.276923
vt 0.779032 -0.299408
vt 0.761290 -0.295858
vt 0.787097 -0.304142
vt 0.795161 -0.310059
vt 0.801613 -0.312426
vt 0.803226 -0.317160
vt 0.798387 -0.318343
vt 0.785484 -0.317160
vt 0.740323 -0.298225
vt 0.750000 -0.300592
vt 0.788710 -0.299408
vt 0.772581 -0.282840
vt 0.770968 -0.281657
vt 0.762903 -0.271006
vt 0.769355 -0.282840
vt 0.777419 -0.289941
vt 0.767742 -0.282840
vt 0.750000 -0.275740
vt 0.738710 -0.273373
vt 0.695161 -0.249704
vt 0.782258 -0.297041
vt 0.759677 -0.265089
vt 0.751613 -0.263905
vt 0.733871 -0.255621
vt 0.716129 -0.249704
vt 0.609677 -0.044970
vt 0.646774 -0.101775
vt 0.624194 -0.072189
vt 0.627419 -0.080473
vt 0.645161 -0.100592
vt 0.603226 -0.061538
vt 0.617742 -0.069822
vt 0.598387 -0.053254
vt 0.593548 -0.057988
vt 0.591936 -0.052071
vt 0.587097 -0.057988
vt 0.595161 -0.066272
vt 0.600000 -0.061538
vt 0.600000 -0.062722
vt 0.596774 -0.044970
vt 0.575806 -0.054438
vt 0.570968 -0.043787
vt 0.572581 -0.044970
vt 0.556452 -0.043787
vt 0.556452 -0.044970
vt 0.564516 -0.059172
vt 0.577419 -0.068639
vt 0.577419 -0.063905
vt 0.566129 -0.055621
vt 0.591936 -0.072189
vt 0.593548 -0.075740
vt 0.595161 -0.071006
vt 0.600000 -0.067456
vt 0.603226 -0.071006
vt 0.600000 -0.080473
vt 0.600000 -0.082840
vt 0.604839 -0.080473
vt 0.598387 -0.087574
vt 0.604839 -0.081657
vt 0.608065 -0.079290
vt 0.654839 -0.114793
vt 0.641935 -0.100592
vt 0.643548 -0.101775
vt 0.662903 -0.126627
vt 0.691935 -0.166864
vt 0.700000 -0.178698
vt 0.696774 -0.179882
vt 0.674194 -0.156213
vt 0.679032 -0.155030
vt 0.643548 -0.130178
vt 0.619355 -0.115976
vt 0.682258 -0.153846
vt 0.672581 -0.140828
vt 0.659677 -0.127811
vt 0.629032 -0.105325
vt 0.606452 -0.087574
vt 0.603226 -0.091124
vt 0.582258 -0.082840
vt 0.590323 -0.082840
vt 0.577419 -0.076923
vt 0.570968 -0.076923
vt 0.548387 -0.059172
vt 0.556452 -0.061538
vt 0.543548 -0.044970
vt 0.537097 -0.043787
vt 0.543548 -0.043787
vt 0.246774 -0.637870
vt 0.245161 -0.642604
vt 0.246774 -0.639053
vt 0.258065 -0.636686
vt 0.259677 -0.639053
vt 0.256452 -0.644970
vt 0.250000 -0.646154
vt 0.262903 -0.660355
vt 0.269355 -0.659172
vt 0.259677 -0.656805
vt 0.345161 -0.657988
vt 0.553226 -0.573964
vt 0.556452 -0.570414
vt 0.559677 -0.577515
vt 0.308065 -0.751479
vt 0.354839 -0.816568
vt 0.366129 -0.833136
vt 0.354839 -0.822485
vt 0.369355 -0.839053
vt 0.366129 -0.840237
vt 0.356452 -0.835503
vt 0.312903 -0.804734
vt 0.320968 -0.805917
vt 0.351613 -0.816568
vt 0.308065 -0.785799
vt 0.320968 -0.797633
vt 0.285484 -0.776331
vt 0.275806 -0.771598
vt 0.270968 -0.771598
vt 0.419355 -0.914793
vt 0.441935 -0.928994
vt 0.433871 -0.919527
vt 0.453226 -0.934911
vt 0.458065 -0.944379
vt 0.522581 -0.912426
vt 0.517742 -0.920710
vt 0.503226 -0.937278
vt 0.530645 -0.911243
vt 0.522581 -0.934911
vt 0.511290 -0.950296
vt 0.501613 -0.889941
vt 0.495161 -0.892308
vt 0.488710 -0.882840
vt 0.503226 -0.824852
vt 0.498387 -0.827219
vt 0.496774 -0.818935
vt 0.485484 -0.817751
vt 0.485484 -0.814201
vt 0.483871 -0.810651
vt 0.769355 -0.628402
vt 0.748387 -0.605917
vt 0.809677 -0.565680
vt 0.811290 -0.564497
vt 0.814516 -0.563314
vt 0.825806 -0.570414
vt 0.829032 -0.566864
vt 0.853226 -0.550296
vt 0.819355 -0.576331
vt 0.819355 -0.582249
vt 0.820968 -0.577515
vt 0.824194 -0.573964
vt 0.825806 -0.573964
vt 0.851613 -0.563314
vt 0.829032 -0.572781
vt 0.833871 -0.576331
vt 0.833871 -0.578698
vt 0.830645 -0.581065
vt 0.825806 -0.584615
vt 0.835484 -0.578698
vt 0.833871 -0.579882
vt 0.840323 -0.577515
vt 0.846774 -0.572781
vt 0.846774 -0.577515
vt 0.846774 -0.582249
vt 0.850000 -0.586982
vt 0.853226 -0.586982
vt 0.848387 -0.592899
vt 0.843548 -0.592899
vt 0.850000 -0.601183
vt 0.838710 -0.590533
vt 0.850000 -0.604734
vt 0.851613 -0.610651
vt 0.845161 -0.609467
vt 0.845161 -0.615385
vt 0.848387 -0.614201
vt 0.845161 -0.620118
vt 0.837097 -0.627219
vt 0.848387 -0.621302
vt 0.832258 -0.631953
vt 0.833871 -0.635503
vt 0.833871 -0.626036
vt 0.822581 -0.611834
vt 0.827419 -0.620118
vt 0.822581 -0.616568
vt 0.816129 -0.617751
vt 0.814516 -0.616568
vt 0.817742 -0.611834
vt 0.808064 -0.616568
vt 0.804839 -0.618935
vt 0.801613 -0.620118
vt 0.809677 -0.630769
vt 0.809677 -0.639053
vt 0.812903 -0.636686
vt 0.806452 -0.642604
vt 0.796774 -0.640237
vt 0.772581 -0.660355
vt 0.779032 -0.649704
vt 0.767742 -0.663905
vt 0.729032 -0.698225
vt 0.798387 -0.647337
vt 0.738710 -0.706509
vt 0.737097 -0.717160
vt 0.801613 -0.669822
vt 0.753226 -0.717160
vt 0.764516 -0.723077
vt 0.801613 -0.682840
vt 0.808064 -0.689941
vt 0.787097 -0.669822
vt 0.783871 -0.667456
vt 0.806452 -0.659172
vt 0.816129 -0.639053
vt 0.819355 -0.641420
vt 0.824194 -0.637870
vt 0.811290 -0.627219
vt 0.817742 -0.617751
vt 0.832258 -0.627219
vt 0.801613 -0.611834
vt 0.795161 -0.611834
vt 0.801613 -0.609467
vt 0.803226 -0.608284
vt 0.814516 -0.602367
vt 0.809677 -0.607101
vt 0.787097 -0.607101
vt 0.788710 -0.586982
vt 0.782258 -0.602367
vt 0.782258 -0.608284
vt 0.804839 -0.603550
vt 0.806452 -0.596450
vt 0.811290 -0.594083
vt 0.816129 -0.589349
vt 0.817742 -0.586982
vt 0.814516 -0.589349
vt 0.814516 -0.585799
vt 0.825806 -0.581065
vt 0.819355 -0.585799
vt 0.830645 -0.588166
vt 0.830645 -0.584615
vt 0.832258 -0.590533
vt 0.830645 -0.591716
vt 0.827419 -0.592899
vt 0.825806 -0.598817
vt 0.829032 -0.596450
vt 0.832258 -0.601183
vt 0.820968 -0.592899
vt 0.812903 -0.594083
vt 0.819355 -0.594083
vt 0.809677 -0.598817
vt 0.822581 -0.602367
vt 0.816129 -0.603550
vt 0.824194 -0.603550
vt 0.825806 -0.602367
vt 0.814516 -0.607101
vt 0.851613 -0.547929
vt 0.833871 -0.562130
vt 0.841936 -0.549112
vt 0.837097 -0.552663
vt 0.761290 -0.665089
vt 0.753226 -0.669822
vt 0.738710 -0.680473
vt 0.738710 -0.669822
vt 0.729032 -0.688757
vt 0.845161 -0.650888
vt 0.817742 -0.667456
vt 0.856452 -0.682840
vt 0.854839 -0.659172
vt 0.859677 -0.668639
vt 0.808064 -0.698225
vt 0.772581 -0.723077
vt 0.782258 -0.718343
vt 0.800000 -0.705325
vt 0.800000 -0.718343
vt 0.779032 -0.647337
vt 0.775806 -0.646154
vt 0.764516 -0.621302
vt 0.769355 -0.649704
vt 0.758065 -0.652071
vt 0.706452 -0.652071
vt 0.740323 -0.630769
vt 0.720968 -0.636686
vt 0.711290 -0.643787
vt 0.117742 -0.956213
vt 0.108065 -0.035503
vt 0.109677 -0.035503
vt 0.879032 -0.207101
vt 0.861290 -0.205917
vt 0.879032 -0.196450
vt 0.827419 -0.207101
vt 0.825806 -0.207101
vt 0.804839 -0.210651
vt 0.858065 -0.171598
vt 0.843548 -0.147929
vt 0.491935 -0.049704
vt 0.498387 -0.044970
vt 0.120968 -0.526627
vt 0.127419 -0.525444
vt 0.133871 -0.521894

usemtl Mat_0
f 4617/2171 6133/2172 4618/2173
f 4618/2173 6355/2173 4617/2171
f 6355/2173 6354/2171 4617/2171
f 4617/2171 6354/2171 4626/2174
f 4782/2175 4617/2171 4626/2174
f 4625/2176 4782/2175 4626/2174
f 4626/2174 6363/2174 4625/2176
f 6363/2174 6362/2176 4625/2176
f 4625/2176 6362/2176 4624/2177
f 4624/2177 4783/2178 4625/2176
f 4624/2177 4784/2179 4783/2178
f 4784/2179 6521/2179 4783/2178
f 6521/2179 6520/2178 4783/2178
f 4783/2178 6520/2178 4782/2175
f 6520/2178 6519/2175 4782/2175
f 4782/2175 6519/2175 4781/2180
f 6519/2175 6518/2180 4781/2180
f 4781/2180 6518/2180 4780/2181
f 4780/2181 6133/2172 4781/2180
f 4779/2182 6133/2172 4780/2181
f 4780/2181 6517/2181 4779/2182
f 6517/2181 6516/2182 4779/2182
f 4779/2182 6516/2182 4787/2183
f 4801/2184 4779/2182 4787/2183
f 4801/2184 4787/2183 4786/2185
f 4785/2186 4801/2184 4786/2185
f 4786/2185 6523/2185 4785/2186
f 6523/2185 6522/2186 4785/2186
f 4785/2186 6522/2186 4784/2179
f 4784/2179 4623/2187 4785/2186
f 4805/2188 4785/2186 4623/2187
f 4805/2188 4623/2187 4622/2189
f 4805/2188 4622/2189 4621/2190
f 4805/2188 4621/2190 4620/2191
f 4620/2191 4806/2192 4805/2188
f 4806/2192 6543/2192 4805/2188
f 6543/2192 6542/2188 4805/2188
f 4805/2188 6542/2188 4804/2193
f 6542/2188 6541/2193 4804/2193
f 4804/2193 6541/2193 4803/2194
f 4803/2194 4785/2186 4804/2193
f 4802/2195 4785/2186 4803/2194
f 4803/2194 6540/2194 4802/2195
f 6540/2194 6539/2195 4802/2195
f 4802/2195 6539/2195 4801/2184
f 6539/2195 6538/2184 4801/2184
f 4801/2184 6538/2184 4800/2196
f 6538/2184 6537/2196 4800/2196
f 4800/2196 6537/2196 4799/2197
f 4799/2197 4779/2182 4800/2196
f 5371/2198 4779/2182 4799/2197
f 5371/2198 4799/2197 4819/2199
f 5371/2198 4819/2199 5372/2200
f 5372/2200 7109/2200 5371/2198
f 7109/2200 7108/2198 5371/2198
f 5371/2198 7108/2198 5370/2201
f 7108/2198 7107/2201 5370/2201
f 5370/2201 7107/2201 5369/2202
f 5265/2203 5370/2201 5369/2202
f 5318/2204 5265/2203 5369/2202
f 5368/2205 5318/2204 5369/2202
f 5369/2202 7106/2202 5368/2205
f 7106/2202 7105/2205 5368/2205
f 5368/2205 7105/2205 5367/2206
f 5379/2207 5368/2205 5367/2206
f 5366/2208 5379/2207 5367/2206
f 5367/2206 7104/2206 5366/2208
f 7104/2206 7103/2208 5366/2208
f 5366/2208 7103/2208 5373/2209
f 5505/2210 5366/2208 5373/2209
f 5373/2209 4819/2199 5505/2210
f 5505/2210 4819/2199 5506/2211
f 5506/2211 7243/2211 5505/2210
f 7243/2211 7242/2210 5505/2210
f 5505/2210 7242/2210 5504/2212
f 5467/2213 5505/2210 5504/2212
f 5459/2214 5467/2213 5504/2212
f 5504/2212 5460/2215 5459/2214
f 5460/2215 7197/2215 5459/2214
f 7197/2215 7196/2214 5459/2214
f 7196/2214 7197/2215 7241/2212
f 7241/2212 7204/2213 7196/2214
f 7196/2214 7204/2213 5467/2213
f 5467/2213 7204/2213 5466/2216
f 7204/2213 7203/2216 5466/2216
f 5466/2216 7203/2216 5465/2217
f 5335/2218 5466/2216 5465/2217
f 5335/2218 5465/2217 5336/2219
f 5336/2219 7073/2219 5335/2218
f 7073/2219 7072/2218 5335/2218
f 5335/2218 7072/2218 5341/2220
f 5341/2220 5351/2221 5335/2218
f 5341/2220 5352/2222 5351/2221
f 5352/2222 7089/2222 5351/2221
f 7089/2222 7088/2221 5351/2221
f 5351/2221 7088/2221 5350/2223
f 5350/2223 5393/2224 5351/2221
f 5393/2224 5392/2225 5351/2221
f 5391/2226 5351/2221 5392/2225
f 5392/2225 7129/2225 5391/2226
f 7129/2225 7128/2226 5391/2226
f 5391/2226 7128/2226 5390/2227
f 5390/2227 5466/2216 5391/2226
f 5398/2228 5466/2216 5390/2227
f 5398/2228 5390/2227 5397/2229
f 5398/2228 5397/2229 5399/2230
f 5399/2230 7136/2230 5398/2228
f 7136/2230 7135/2228 5398/2228
f 5398/2228 7135/2228 5405/2231
f 7135/2228 7142/2231 5405/2231
f 5405/2231 7142/2231 5404/2232
f 5404/2232 5466/2216 5405/2231
f 5505/2210 5466/2216 5404/2232
f 7142/2231 7141/2232 5404/2232
f 5404/2232 7141/2232 5403/2233
f 5366/2208 5404/2232 5403/2233
f 5366/2208 5403/2233 5402/2234
f 5366/2208 5402/2234 5374/2235
f 5366/2208 5374/2235 5381/2236
f 5366/2208 5381/2236 5380/2237
f 5381/2236 7118/2236 5380/2237
f 7118/2236 7117/2237 5380/2237
f 5380/2237 7117/2237 5379/2207
f 7117/2237 7116/2207 5379/2207
f 5379/2207 7116/2207 5378/2238
f 5355/2239 5379/2207 5378/2238
f 5355/2239 5378/2238 5377/2240
f 5376/2241 5355/2239 5377/2240
f 5377/2240 7114/2240 5376/2241
f 7114/2240 7113/2241 5376/2241
f 5376/2241 7113/2241 5375/2242
f 5376/2241 5375/2242 5401/2243
f 5376/2241 5401/2243 5356/2244
f 5356/2244 5401/2243 5400/2245
f 5395/2246 5356/2244 5400/2245
f 5400/2245 5396/2247 5395/2246
f 5396/2247 7133/2247 5395/2246
f 7133/2247 7132/2246 5395/2246
f 5395/2246 7132/2246 5394/2248
f 5350/2223 5395/2246 5394/2248
f 5395/2246 5350/2223 5357/2249
f 5350/2223 7087/2223 5357/2249
f 7087/2223 7094/2249 5357/2249
f 5357/2249 7094/2249 5356/2244
f 7094/2249 7093/2244 5356/2244
f 5356/2244 7093/2244 5355/2239
f 7093/2244 7092/2239 5355/2239
f 5355/2239 7092/2239 5354/2250
f 5333/2251 5355/2239 5354/2250
f 5333/2251 5354/2250 5334/2252
f 5334/2252 7071/2252 5333/2251
f 7071/2252 7070/2251 5333/2251
f 5333/2251 7070/2251 5332/2253
f 5318/2204 5333/2251 5332/2253
f 5318/2204 5332/2253 5331/2254
f 5330/2255 5318/2204 5331/2254
f 5331/2254 7068/2254 5330/2255
f 7068/2254 7067/2255 5330/2255
f 5330/2255 7067/2255 5329/2256
f 5329/2256 5319/2257 5330/2255
f 5346/2258 5319/2257 5329/2256
f 5328/2259 5346/2258 5329/2256
f 5329/2256 7066/2256 5328/2259
f 7066/2256 7065/2259 5328/2259
f 5328/2259 7065/2259 5334/2252
f 7066/2256 7083/2258 7065/2259
f 7084/2260 7065/2259 7083/2258
f 7084/2260 7083/2258 5346/2258
f 5347/2260 7084/2260 5346/2258
f 7085/2261 7084/2260 5347/2260
f 5348/2261 7085/2261 5347/2260
f 5347/2260 5328/2259 5348/2261
f 5354/2250 5348/2261 5328/2259
f 5348/2261 5354/2250 5353/2262
f 5348/2261 5353/2262 5349/2263
f 5349/2263 7086/2263 5348/2261
f 7079/2264 7086/2263 5349/2263
f 5342/2264 7079/2264 5349/2263
f 5349/2263 5352/2222 5342/2264
f 5352/2222 5343/2265 5342/2264
f 5343/2265 7080/2265 5342/2264
f 7081/2266 7080/2265 5343/2265
f 5344/2266 7081/2266 5343/2265
f 5343/2265 5341/2220 5344/2266
f 5344/2266 5341/2220 5340/2267
f 5340/2267 5311/2268 5344/2266
f 5311/2268 5345/2269 5344/2266
f 5345/2269 7082/2269 5344/2266
f 7083/2258 7082/2269 5345/2269
f 7082/2269 7083/2258 7056/2257
f 7048/2268 7082/2269 7056/2257
f 7048/2268 7056/2257 5319/2257
f 5311/2268 7048/2268 5319/2257
f 7049/2270 7048/2268 5311/2268
f 5312/2270 7049/2270 5311/2268
f 7050/2271 7049/2270 5312/2270
f 5313/2271 7050/2271 5312/2270
f 5340/2267 5313/2271 5312/2270
f 5313/2271 5340/2267 5339/2272
f 5338/2273 5313/2271 5339/2272
f 5339/2272 7076/2272 5338/2273
f 7076/2272 7075/2273 5338/2273
f 5338/2273 7075/2273 5337/2274
f 7075/2273 7074/2274 5337/2274
f 5337/2274 7074/2274 5336/2219
f 5336/2219 5313/2271 5337/2274
f 5313/2271 5336/2219 5314/2275
f 5314/2275 7051/2275 5313/2271
f 7052/2276 7051/2275 5314/2275
f 5315/2276 7052/2276 5314/2275
f 5286/2277 5315/2276 5314/2275
f 5286/2277 5314/2275 5287/2278
f 5287/2278 7024/2278 5286/2277
f 7024/2278 7023/2277 5286/2277
f 5286/2277 7023/2277 5292/2279
f 7023/2277 7029/2279 5292/2279
f 5292/2279 7029/2279 5291/2280
f 5291/2280 5315/2276 5292/2279
f 5315/2276 5291/2280 5295/2281
f 5295/2281 5294/2282 5315/2276
f 5294/2282 5316/2283 5315/2276
f 5316/2283 7053/2283 5315/2276
f 7054/2284 7053/2283 5316/2283
f 5317/2284 7054/2284 5316/2283
f 5300/2285 5317/2284 5316/2283
f 5300/2285 5316/2283 5293/2286
f 5293/2286 7030/2286 5300/2285
f 7030/2286 7037/2285 5300/2285
f 5300/2285 7037/2285 5299/2287
f 7037/2285 7036/2287 5299/2287
f 5299/2287 7036/2287 5298/2288
f 5317/2284 5299/2287 5298/2288
f 5298/2288 5266/2289 5317/2284
f 5266/2289 5318/2204 5317/2284
f 5318/2204 7055/2204 5317/2284
f 7056/2257 7055/2204 5318/2204
f 7056/2257 7067/2255 7055/2204
f 7067/2255 7056/2257 7066/2256
f 5266/2289 5298/2288 5260/2290
f 5260/2290 6997/2290 5266/2289
f 6997/2290 7003/2289 5266/2289
f 5266/2289 7003/2289 5265/2203
f 7003/2289 7002/2203 5265/2203
f 5265/2203 7002/2203 5264/2291
f 7002/2203 7001/2291 5264/2291
f 5264/2291 7001/2291 5263/2292
f 5250/2293 5264/2291 5263/2292
f 5262/2294 5250/2293 5263/2292
f 5263/2292 7000/2292 5262/2294
f 7000/2292 6999/2294 5262/2294
f 5262/2294 6999/2294 5261/2295
f 5262/2294 5261/2295 5251/2296
f 5297/2297 5251/2296 5261/2295
f 5260/2290 5297/2297 5261/2295
f 5261/2295 6998/2295 5260/2290
f 5251/2296 5297/2297 5296/2298
f 5251/2296 5296/2298 5242/2299
f 5242/2299 6979/2299 5251/2296
f 6979/2299 6988/2296 5251/2296
f 5251/2296 6988/2296 5250/2293
f 6988/2296 6987/2293 5250/2293
f 5250/2293 6987/2293 5249/2300
f 5249/2300 5370/2201 5250/2293
f 5127/2301 5370/2201 5249/2300
f 5127/2301 5249/2300 5248/2302
f 5127/2301 5248/2302 5128/2303
f 5128/2303 6865/2303 5127/2301
f 6865/2303 6864/2301 5127/2301
f 5127/2301 6864/2301 5126/2304
f 6864/2301 6863/2304 5126/2304
f 5126/2304 6863/2304 5125/2305
f 5125/2305 5370/2201 5126/2304
f 5124/2306 5370/2201 5125/2305
f 5125/2305 6862/2305 5124/2306
f 6862/2305 6861/2306 5124/2306
f 5124/2306 6861/2306 5123/2307
f 5245/2308 5124/2306 5123/2307
f 5245/2308 5123/2307 5246/2309
f 5246/2309 6983/2309 5245/2308
f 6983/2309 6982/2308 5245/2308
f 5245/2308 6982/2308 5244/2310
f 5244/2310 5289/2311 5245/2308
f 5289/2311 5288/2312 5245/2308
f 5288/2312 5287/2278 5245/2308
f 5288/2312 7025/2312 5287/2278
f 7026/2311 7025/2312 5288/2312
f 6982/2308 7025/2312 7026/2311
f 6982/2308 7026/2311 6981/2310
f 7027/2313 6981/2310 7026/2311
f 7027/2313 7026/2311 5289/2311
f 5290/2313 7027/2313 5289/2311
f 7028/2280 7027/2313 5290/2313
f 5291/2280 7028/2280 5290/2313
f 5290/2313 5244/2310 5291/2280
f 5296/2298 5291/2280 5244/2310
f 5296/2298 5244/2310 5243/2314
f 5244/2310 6981/2310 5243/2314
f 6981/2310 6980/2314 5243/2314
f 5243/2314 6980/2314 5242/2299
f 6980/2314 6981/2310 7033/2298
f 6979/2299 6980/2314 7033/2298
f 6981/2310 7028/2280 7033/2298
f 7032/2281 7033/2298 7028/2280
f 7032/2281 7028/2280 7052/2276
f 7052/2276 7031/2282 7032/2281
f 7032/2281 7031/2282 5294/2282
f 5294/2282 7031/2282 5293/2286
f 7052/2276 7053/2283 7031/2282
f 7030/2286 7031/2282 7053/2283
f 7029/2279 7052/2276 7028/2280
f 7033/2298 7032/2281 5295/2281
f 5296/2298 7033/2298 5295/2281
f 7034/2297 7033/2298 5296/2298
f 7033/2298 7034/2297 6988/2296
f 6998/2295 6988/2296 7034/2297
f 6998/2295 7034/2297 6997/2290
f 7034/2297 7035/2288 6997/2290
f 7035/2288 7034/2297 5297/2297
f 5298/2288 7035/2288 5297/2297
f 6988/2296 6998/2295 6999/2294
f 7028/2280 6981/2310 7027/2313
f 6982/2308 7024/2278 7025/2312
f 7024/2278 6982/2308 7051/2275
f 7051/2275 6982/2308 7202/2217
f 7073/2219 7051/2275 7202/2217
f 7051/2275 7073/2219 7050/2271
f 7074/2274 7050/2271 7073/2219
f 7201/2315 7202/2217 6982/2308
f 7201/2315 6982/2308 7200/2316
f 7201/2315 7200/2316 5463/2316
f 5464/2315 7201/2315 5463/2316
f 5463/2316 5245/2308 5464/2315
f 5245/2308 5465/2217 5464/2315
f 5465/2217 7202/2217 5464/2315
f 5465/2217 5245/2308 5314/2275
f 5463/2316 7200/2316 5462/2317
f 5462/2317 5124/2306 5463/2316
f 5462/2317 6133/2172 5124/2306
f 6064/2318 6133/2172 5462/2317
f 6064/2318 5462/2317 6065/2319
f 6065/2319 7802/2319 6064/2318
f 7802/2319 7801/2318 6064/2318
f 6064/2318 7801/2318 6063/2320
f 7801/2318 7800/2320 6063/2320
f 6063/2320 7800/2320 6062/2321
f 6131/2322 6063/2320 6062/2321
f 6131/2322 6062/2321 6055/2323
f 6131/2322 6055/2323 6046/2324
f 6131/2322 6046/2324 6033/2325
f 6131/2322 6033/2325 6022/2326
f 6131/2322 6022/2326 6013/2327
f 6131/2322 6013/2327 6007/2328
f 6131/2322 6007/2328 5970/2329
f 6131/2322 5970/2329 5975/2330
f 6131/2322 5975/2330 5955/2331
f 6131/2322 5955/2331 5969/2332
f 6131/2322 5969/2332 5998/2333
f 6006/2334 6131/2322 5998/2333
f 5998/2333 7735/2333 6006/2334
f 7735/2333 7743/2334 6006/2334
f 6006/2334 7743/2334 6005/2335
f 6132/2336 6006/2334 6005/2335
f 6132/2336 6005/2335 5731/2337
f 6132/2336 5731/2337 5964/2338
f 6132/2336 5964/2338 5364/2339
f 6132/2336 5364/2339 5363/2340
f 6132/2336 5363/2340 5277/2341
f 6132/2336 5277/2341 5201/2342
f 6132/2336 5201/2342 5200/2343
f 5199/2344 6132/2336 5200/2343
f 5200/2343 6937/2343 5199/2344
f 6937/2343 6936/2344 5199/2344
f 5199/2344 6936/2344 5198/2345
f 4424/2346 5199/2344 5198/2345
f 4424/2346 5198/2345 4425/2347
f 4425/2347 6162/2347 4424/2346
f 6162/2347 6161/2346 4424/2346
f 4424/2346 6161/2346 4423/2348
f 4403/2349 4424/2346 4423/2348
f 4403/2349 4423/2348 4404/2350
f 4404/2350 6141/2350 4403/2349
f 6141/2350 6140/2349 4403/2349
f 4403/2349 6140/2349 4409/2351
f 6140/2349 6146/2351 4409/2351
f 4409/2351 6146/2351 4408/2352
f 5199/2344 4409/2351 4408/2352
f 4407/2353 5199/2344 4408/2352
f 4408/2352 6145/2352 4407/2353
f 6145/2352 6144/2353 4407/2353
f 4407/2353 6144/2353 4406/2354
f 4406/2354 6132/2336 4407/2353
f 4422/2355 6132/2336 4406/2354
f 4422/2355 4406/2354 4405/2356
f 4422/2355 4405/2356 4404/2350
f 4405/2356 6142/2356 4404/2350
f 6143/2354 6142/2356 4405/2356
f 6142/2356 6143/2354 6159/2355
f 6141/2350 6142/2356 6159/2355
f 6160/2348 6141/2350 6159/2355
f 6160/2348 6159/2355 4422/2355
f 4423/2348 6160/2348 4422/2355
f 4422/2355 6159/2355 4421/2357
f 4453/2358 4422/2355 4421/2357
f 4453/2358 4421/2357 4454/2359
f 4454/2359 6191/2359 4453/2358
f 6191/2359 6190/2358 4453/2358
f 4453/2358 6190/2358 4452/2360
f 6190/2358 6189/2360 4452/2360
f 4452/2360 6189/2360 4451/2361
f 4493/2362 4452/2360 4451/2361
f 4451/2361 4494/2363 4493/2362
f 4494/2363 6231/2363 4493/2362
f 6231/2363 6230/2362 4493/2362
f 4493/2362 6230/2362 4492/2364
f 4492/2364 6132/2336 4493/2362
f 4479/2365 6132/2336 4492/2364
f 4479/2365 4492/2364 4480/2366
f 4480/2366 6217/2366 4479/2365
f 6217/2366 6216/2365 4479/2365
f 4479/2365 6216/2365 4478/2367
f 4466/2368 4479/2365 4478/2367
f 4466/2368 4478/2367 4467/2369
f 4467/2369 6204/2369 4466/2368
f 6204/2369 6203/2368 4466/2368
f 4466/2368 6203/2368 4465/2370
f 4465/2370 6132/2336 4466/2368
f 4442/2371 6132/2336 4465/2370
f 4442/2371 4465/2370 4443/2372
f 4443/2372 6180/2372 4442/2371
f 6180/2372 6179/2371 4442/2371
f 4442/2371 6179/2371 4441/2373
f 4415/2374 4442/2371 4441/2373
f 4415/2374 4441/2373 4416/2375
f 4416/2375 6153/2375 4415/2374
f 6153/2375 6152/2374 4415/2374
f 4415/2374 6152/2374 4414/2376
f 6152/2374 6151/2376 4414/2376
f 4414/2376 6151/2376 4413/2377
f 4402/2378 4414/2376 4413/2377
f 4433/2379 4402/2378 4413/2377
f 4412/2380 4433/2379 4413/2377
f 4413/2377 6150/2377 4412/2380
f 6150/2377 6149/2380 4412/2380
f 4412/2380 6149/2380 4411/2381
f 6149/2380 6148/2381 4411/2381
f 4411/2381 6148/2381 4410/2382
f 4411/2381 4410/2382 4440/2383
f 4440/2383 4433/2379 4411/2381
f 4506/2384 4433/2379 4440/2383
f 4440/2383 4507/2385 4506/2384
f 4507/2385 6244/2385 4506/2384
f 6244/2385 6243/2384 4506/2384
f 4506/2384 6243/2384 4505/2386
f 4434/2387 4506/2384 4505/2386
f 4434/2387 4505/2386 4435/2388
f 4435/2388 6172/2388 4434/2387
f 6172/2388 6171/2387 4434/2387
f 4434/2387 6171/2387 4433/2379
f 6171/2387 6170/2379 4433/2379
f 4433/2379 6170/2379 4432/2389
f 4397/2390 4433/2379 4432/2389
f 4397/2390 4432/2389 4431/2391
f 4431/2391 4398/2392 4397/2390
f 4398/2392 6135/2392 4397/2390
f 6135/2392 6134/2390 4397/2390
f 4397/2390 6134/2390 4402/2378
f 6134/2390 6139/2378 4402/2378
f 4402/2378 6139/2378 4401/2393
f 6139/2378 6138/2393 4401/2393
f 4401/2393 6138/2393 4400/2394
f 4414/2376 4401/2393 4400/2394
f 4400/2394 4442/2371 4414/2376
f 4399/2395 4442/2371 4400/2394
f 4400/2394 6137/2394 4399/2395
f 6137/2394 6136/2395 4399/2395
f 4399/2395 6136/2395 4398/2392
f 6137/2394 6179/2371 6136/2395
f 6179/2371 7869/2336 6136/2395
f 6136/2395 7869/2336 6543/2192
f 6544/2396 6136/2395 6543/2192
f 6168/2391 6136/2395 6544/2396
f 6167/2397 6168/2391 6544/2396
f 6545/2398 6167/2397 6544/2396
f 6545/2398 6544/2396 4807/2396
f 4808/2398 6545/2398 4807/2396
f 4807/2396 4430/2397 4808/2398
f 4808/2398 4430/2397 4429/2399
f 4426/2400 4808/2398 4429/2399
f 4426/2400 4429/2399 4427/2401
f 4427/2401 6164/2401 4426/2400
f 6164/2401 6163/2400 4426/2400
f 4426/2400 6163/2400 4436/2402
f 4426/2400 4436/2402 4504/2403
f 4503/2404 4426/2400 4504/2403
f 4504/2403 6241/2403 4503/2404
f 6241/2403 6240/2404 4503/2404
f 4503/2404 6240/2404 4502/2405
f 4502/2405 4808/2398 4503/2404
f 4808/2398 4502/2405 4809/2406
f 4809/2406 6546/2406 4808/2398
f 6547/2407 6546/2406 4809/2406
f 4810/2407 6547/2407 4809/2406
f 4809/2406 4611/2408 4810/2407
f 4810/2407 4611/2408 4610/2409
f 4609/2410 4810/2407 4610/2409
f 4610/2409 6347/2409 4609/2410
f 6347/2409 6346/2410 4609/2410
f 4609/2410 6346/2410 4608/2411
f 4609/2410 4608/2411 4630/2412
f 4608/2411 4631/2413 4630/2412
f 4631/2413 6368/2413 4630/2412
f 6368/2413 6367/2412 4630/2412
f 4630/2412 6367/2412 4629/2414
f 4628/2415 4630/2412 4629/2414
f 4629/2414 6366/2414 4628/2415
f 6366/2414 6365/2415 4628/2415
f 4628/2415 6365/2415 4627/2416
f 4628/2415 4627/2416 4639/2417
f 4638/2418 4628/2415 4639/2417
f 4639/2417 6376/2417 4638/2418
f 6376/2417 6375/2418 4638/2418
f 4638/2418 6375/2418 4637/2419
f 4637/2419 4810/2407 4638/2418
f 4723/2420 4810/2407 4637/2419
f 4723/2420 4637/2419 4724/2421
f 4724/2421 6461/2421 4723/2420
f 6461/2421 6460/2420 4723/2420
f 4723/2420 6460/2420 4722/2422
f 4811/2423 4723/2420 4722/2422
f 4721/2424 4811/2423 4722/2422
f 4722/2422 6459/2422 4721/2424
f 6459/2422 6458/2424 4721/2424
f 4721/2424 6458/2424 4732/2425
f 4721/2424 4732/2425 4736/2426
f 4732/2425 4737/2427 4736/2426
f 4737/2427 6474/2427 4736/2426
f 6474/2427 6473/2426 4736/2426
f 4736/2426 6473/2426 4735/2428
f 4735/2428 4811/2423 4736/2426
f 4745/2429 4811/2423 4735/2428
f 4745/2429 4735/2428 4746/2430
f 4746/2430 6483/2430 4745/2429
f 6483/2430 6482/2429 4745/2429
f 4745/2429 6482/2429 4744/2431
f 6482/2429 6481/2431 4744/2431
f 4744/2431 6481/2431 4743/2432
f 4744/2431 4743/2432 4757/2433
f 4744/2431 4757/2433 4812/2434
f 4811/2423 4744/2431 4812/2434
f 4812/2434 6549/2434 4811/2423
f 6549/2434 6548/2423 4811/2423
f 4811/2423 6548/2423 4810/2407
f 6549/2434 6481/2431 6548/2423
f 6549/2434 6494/2433 6481/2431
f 6494/2433 6480/2432 6481/2431
f 6494/2433 6495/2435 6480/2432
f 6480/2432 6495/2435 6491/2436
f 6480/2432 6491/2436 4754/2436
f 4743/2432 6480/2432 4754/2436
f 4754/2436 4758/2435 4743/2432
f 4754/2436 4759/2437 4758/2435
f 4759/2437 6496/2437 4758/2435
f 6496/2437 6495/2435 4758/2435
f 4758/2435 6495/2435 4757/2433
f 6497/2438 6496/2437 4759/2437
f 4760/2438 6497/2438 4759/2437
f 5032/2439 4760/2438 4759/2437
f 4759/2437 4752/2440 5032/2439
f 5032/2439 4752/2440 5033/2441
f 5033/2441 6770/2441 5032/2439
f 6770/2441 6769/2439 5032/2439
f 5032/2439 6769/2439 5031/2442
f 6769/2439 6768/2442 5031/2442
f 5031/2442 6768/2442 5030/2443
f 5031/2442 5030/2443 5579/2444
f 5579/2444 4760/2438 5031/2442
f 4760/2438 5579/2444 4761/2445
f 4761/2445 6498/2445 4760/2438
f 6499/2446 6498/2445 4761/2445
f 4762/2446 6499/2446 4761/2445
f 4761/2445 4773/2447 4762/2446
f 4762/2446 4773/2447 4772/2448
f 4770/2449 4762/2446 4772/2448
f 4770/2449 4772/2448 4771/2450
f 4771/2450 6508/2450 4770/2449
f 6508/2450 6507/2449 4770/2449
f 4770/2449 6507/2449 4769/2451
f 6507/2449 6506/2451 4769/2451
f 4769/2451 6506/2451 4768/2452
f 4764/2453 4769/2451 4768/2452
f 4755/2454 4764/2453 4768/2452
f 4768/2452 4812/2434 4755/2454
f 4755/2454 4812/2434 4756/2455
f 4756/2455 6493/2455 4755/2454
f 6493/2455 6492/2454 4755/2454
f 6493/2455 6549/2434 6492/2454
f 6492/2454 6549/2434 6505/2452
f 6505/2452 6501/2453 6492/2454
f 6492/2454 6501/2453 4764/2453
f 4764/2453 6501/2453 4763/2456
f 6501/2453 6500/2456 4763/2456
f 4763/2456 6500/2456 4762/2446
f 4762/2446 4769/2451 4763/2456
f 6500/2456 6501/2453 6506/2451
f 6500/2456 6506/2451 6499/2446
f 6505/2452 6506/2451 6501/2453
f 6505/2452 6549/2434 6504/2457
f 6505/2452 6504/2457 4767/2457
f 4768/2452 6505/2452 4767/2457
f 4767/2457 6504/2457 4766/2458
f 4766/2458 4812/2434 4767/2457
f 4812/2434 4766/2458 4813/2459
f 4813/2459 6550/2459 4812/2434
f 6551/2460 6550/2459 4813/2459
f 4814/2460 6551/2460 4813/2459
f 4813/2459 4789/2461 4814/2460
f 4788/2462 4814/2460 4789/2461
f 4789/2461 6526/2461 4788/2462
f 6526/2461 6525/2462 4788/2462
f 4788/2462 6525/2462 4797/2463
f 4797/2463 4822/2464 4788/2462
f 4797/2463 4823/2465 4822/2464
f 4823/2465 6560/2465 4822/2464
f 6560/2465 6559/2464 4822/2464
f 4822/2464 6559/2464 4821/2466
f 4815/2467 4822/2464 4821/2466
f 4815/2467 4821/2466 4798/2468
f 4798/2468 6535/2468 4815/2467
f 6535/2468 6552/2467 4815/2467
f 4815/2467 6552/2467 4814/2460
f 6535/2468 6558/2466 6552/2467
f 6558/2466 6559/2464 6552/2467
f 6551/2460 6552/2467 6559/2464
f 6525/2462 6551/2460 6559/2464
f 6525/2462 6559/2464 6534/2463
f 6557/2469 6558/2466 6535/2468
f 6535/2468 6536/2197 6557/2469
f 6557/2469 6536/2197 6556/2199
f 6557/2469 6556/2199 4819/2199
f 4820/2469 6557/2469 4819/2199
f 4819/2199 6556/2199 4818/2470
f 4818/2470 5431/2471 4819/2199
f 4819/2199 5431/2471 5430/2472
f 5429/2473 4819/2199 5430/2472
f 5430/2472 7167/2472 5429/2473
f 7167/2472 7166/2473 5429/2473
f 5429/2473 7166/2473 5428/2474
f 7166/2473 7165/2474 5428/2474
f 5428/2474 7165/2474 5427/2475
f 5427/2475 4819/2199 5428/2474
f 5426/2476 4819/2199 5427/2475
f 5427/2475 7164/2475 5426/2476
f 7164/2475 7163/2476 5426/2476
f 5426/2476 7163/2476 5425/2477
f 5426/2476 5425/2477 5423/2478
f 5425/2477 5424/2479 5423/2478
f 5424/2479 7161/2479 5423/2478
f 7161/2479 7160/2478 5423/2478
f 5423/2478 7160/2478 5422/2480
f 5422/2480 4819/2199 5423/2478
f 7160/2478 7159/2480 5422/2480
f 5422/2480 7159/2480 5421/2481
f 5736/2482 5422/2480 5421/2481
f 5736/2482 5421/2481 5420/2483
f 5736/2482 5420/2483 5443/2484
f 5442/2485 5736/2482 5443/2484
f 5443/2484 7180/2484 5442/2485
f 7180/2484 7179/2485 5442/2485
f 5442/2485 7179/2485 5441/2486
f 5713/2487 5442/2485 5441/2486
f 5713/2487 5441/2486 5440/2488
f 5439/2489 5713/2487 5440/2488
f 5440/2488 7177/2488 5439/2489
f 7177/2488 7176/2489 5439/2489
f 5439/2489 7176/2489 5438/2490
f 5699/2491 5439/2489 5438/2490
f 5699/2491 5438/2490 5437/2492
f 5437/2492 4816/2493 5699/2491
f 5699/2491 4816/2493 5700/2494
f 5700/2494 7437/2494 5699/2491
f 7437/2494 7436/2491 5699/2491
f 5699/2491 7436/2491 5710/2495
f 5699/2491 5710/2495 5713/2487
f 5710/2495 5714/2496 5713/2487
f 5714/2496 7451/2496 5713/2487
f 7451/2496 7450/2487 5713/2487
f 5713/2487 7450/2487 5712/2497
f 5737/2498 5713/2487 5712/2497
f 5711/2499 5737/2498 5712/2497
f 5712/2497 7449/2497 5711/2499
f 7449/2497 7448/2499 5711/2499
f 5711/2499 7448/2499 5723/2500
f 5711/2499 5723/2500 5741/2501
f 5723/2500 5742/2502 5741/2501
f 5742/2502 7479/2502 5741/2501
f 7479/2502 7478/2501 5741/2501
f 5741/2501 7478/2501 5740/2503
f 5738/2504 5741/2501 5740/2503
f 5733/2505 5738/2504 5740/2503
f 5734/2506 5733/2505 5740/2503
f 5739/2507 5734/2506 5740/2503
f 5740/2503 7477/2503 5739/2507
f 7477/2503 7476/2507 5739/2507
f 5739/2507 7476/2507 5748/2508
f 5739/2507 5748/2508 5751/2509
f 5921/2510 5739/2507 5751/2509
f 5750/2511 5921/2510 5751/2509
f 5751/2509 7488/2509 5750/2511
f 7488/2509 7487/2511 5750/2511
f 5750/2511 7487/2511 5749/2512
f 5762/2513 5750/2511 5749/2512
f 5749/2512 5759/2514 5762/2513
f 5759/2514 5763/2515 5762/2513
f 5763/2515 7500/2515 5762/2513
f 7500/2515 7499/2513 5762/2513
f 5762/2513 7499/2513 5761/2516
f 5761/2516 5921/2510 5762/2513
f 5778/2517 5921/2510 5761/2516
f 5778/2517 5761/2516 5760/2518
f 5760/2518 5770/2519 5778/2517
f 5770/2519 5779/2520 5778/2517
f 5779/2520 7516/2520 5778/2517
f 7516/2520 7515/2517 5778/2517
f 5778/2517 7515/2517 5777/2521
f 7515/2517 7514/2521 5777/2521
f 5777/2521 7514/2521 5776/2522
f 5777/2521 5776/2522 5922/2523
f 5921/2510 5777/2521 5922/2523
f 5922/2523 7659/2523 5921/2510
f 7659/2523 7658/2510 5921/2510
f 5921/2510 7658/2510 5920/2524
f 5920/2524 5734/2506 5921/2510
f 5734/2506 5920/2524 5735/2525
f 5735/2525 7472/2525 5734/2506
f 7472/2525 7471/2506 5734/2506
f 7472/2525 7657/2524 7471/2506
f 7658/2510 7471/2506 7657/2524
f 7476/2507 7471/2506 7658/2510
f 7488/2509 7476/2507 7658/2510
f 7488/2509 7485/2508 7476/2507
f 7488/2509 7489/2526 7485/2508
f 7485/2508 7489/2526 7484/2527
f 7485/2508 7484/2527 5747/2527
f 5748/2508 7485/2508 5747/2527
f 5747/2527 5752/2526 5748/2508
f 5747/2527 5753/2528 5752/2526
f 5753/2528 7490/2528 5752/2526
f 7490/2528 7489/2526 5752/2526
f 5752/2526 7489/2526 5751/2509
f 7491/2529 7490/2528 5753/2528
f 5754/2529 7491/2529 5753/2528
f 5753/2528 5746/2530 5754/2529
f 5754/2529 5746/2530 5755/2531
f 5755/2531 7492/2531 5754/2529
f 7493/2532 7492/2531 5755/2531
f 5756/2532 7493/2532 5755/2531
f 5957/2533 5756/2532 5755/2531
f 5957/2533 5766/2534 5756/2532
f 5756/2532 5766/2534 5757/2535
f 5757/2535 7494/2535 5756/2532
f 7495/2536 7494/2535 5757/2535
f 5758/2536 7495/2536 5757/2535
f 5757/2535 5764/2537 5758/2536
f 5758/2536 5764/2537 5763/2515
f 5764/2537 7501/2537 5763/2515
f 7502/2538 7501/2537 5764/2537
f 5765/2538 7502/2538 5764/2537
f 7503/2534 7502/2538 5765/2538
f 5766/2534 7503/2534 5765/2538
f 7504/2539 7503/2534 5766/2534
f 5767/2539 7504/2539 5766/2534
f 5766/2534 5782/2540 5767/2539
f 5767/2539 5782/2540 5781/2541
f 5767/2539 5781/2541 5768/2542
f 5768/2542 7505/2542 5767/2539
f 7506/2543 7505/2542 5768/2542
f 5769/2543 7506/2543 5768/2542
f 5768/2542 5780/2544 5769/2543
f 5769/2543 5780/2544 5779/2520
f 5780/2544 7517/2544 5779/2520
f 7518/2541 7517/2544 5780/2544
f 5781/2541 7518/2541 5780/2544
f 7519/2540 7518/2541 5781/2541
f 7518/2541 7519/2540 7504/2539
f 7505/2542 7518/2541 7504/2539
f 7518/2541 7505/2542 7517/2544
f 7507/2519 7506/2543 5769/2543
f 5770/2519 7507/2519 5769/2543
f 7497/2518 7507/2519 5770/2519
f 7515/2517 7507/2519 7497/2518
f 7497/2518 7498/2516 7515/2517
f 7498/2516 7658/2510 7515/2517
f 7499/2513 7658/2510 7498/2516
f 7487/2511 7658/2510 7499/2513
f 7486/2512 7487/2511 7499/2513
f 7499/2513 7496/2514 7486/2512
f 7486/2512 7496/2514 5759/2514
f 5759/2514 7496/2514 5758/2536
f 7498/2516 7497/2518 5760/2518
f 7507/2519 7516/2520 7506/2543
f 7516/2520 7517/2544 7506/2543
f 7506/2543 7517/2544 7505/2542
f 5780/2544 5768/2542 5781/2541
f 5782/2540 7519/2540 5781/2541
f 7520/2545 7519/2540 5782/2540
f 5783/2545 7520/2545 5782/2540
f 5782/2540 5831/2546 5783/2545
f 5783/2545 5831/2546 5830/2547
f 5783/2545 5830/2547 5784/2548
f 5784/2548 7521/2548 5783/2545
f 7513/2522 7521/2548 5784/2548
f 5776/2522 7513/2522 5784/2548
f 5784/2548 5923/2549 5776/2522
f 5923/2549 5784/2548 5829/2550
f 5924/2551 5923/2549 5829/2550
f 5938/2552 5924/2551 5829/2550
f 5829/2550 5939/2553 5938/2552
f 5939/2553 7676/2553 5938/2552
f 7676/2553 7675/2552 5938/2552
f 5938/2552 7675/2552 5937/2554
f 7675/2552 7674/2554 5937/2554
f 5937/2554 7674/2554 5936/2555
f 5844/2556 5937/2554 5936/2555
f 5844/2556 5936/2555 5845/2557
f 5845/2557 7582/2557 5844/2556
f 7582/2557 7581/2556 5844/2556
f 5844/2556 7581/2556 5843/2558
f 7581/2556 7580/2558 5843/2558
f 5843/2558 7580/2558 5842/2559
f 5815/2560 5843/2558 5842/2559
f 5785/2561 5815/2560 5842/2559
f 5842/2559 5786/2562 5785/2561
f 5786/2562 7523/2562 5785/2561
f 7523/2562 7522/2561 5785/2561
f 5785/2561 7522/2561 5788/2563
f 7522/2561 7525/2563 5788/2563
f 5788/2563 7525/2563 5787/2564
f 5787/2564 5816/2565 5788/2563
f 5788/2563 5816/2565 5815/2560
f 5816/2565 7553/2565 5815/2560
f 7553/2565 7552/2560 5815/2560
f 5815/2560 7552/2560 5814/2566
f 7552/2560 7551/2566 5814/2566
f 5814/2566 7551/2566 5813/2567
f 5811/2568 5814/2566 5813/2567
f 5811/2568 5813/2567 5812/2569
f 5812/2569 7549/2569 5811/2568
f 7549/2569 7548/2568 5811/2568
f 5811/2568 7548/2568 5819/2570
f 5843/2558 5811/2568 5819/2570
f 5818/2571 5843/2558 5819/2570
f 5819/2570 7556/2570 5818/2571
f 7556/2570 7555/2571 5818/2571
f 5818/2571 7555/2571 5817/2572
f 5817/2572 5926/2573 5818/2571
f 5818/2571 5926/2573 5807/2574
f 5818/2571 5807/2574 5806/2575
f 5807/2574 7544/2574 5806/2575
f 7544/2574 7543/2575 5806/2575
f 5806/2575 7543/2575 5805/2576
f 5805/2576 5843/2558 5806/2575
f 5937/2554 5843/2558 5805/2576
f 5937/2554 5805/2576 5810/2577
f 5937/2554 5810/2577 5809/2578
f 5937/2554 5809/2578 5925/2579
f 5924/2551 5937/2554 5925/2579
f 5925/2579 7662/2579 5924/2551
f 7662/2579 7661/2551 5924/2551
f 7662/2579 7674/2554 7661/2551
f 7662/2579 7546/2578 7674/2554
f 7546/2578 7547/2577 7674/2554
f 7547/2577 7542/2576 7674/2554
f 7542/2576 7580/2558 7674/2554
f 7543/2575 7580/2558 7542/2576
f 7555/2571 7580/2558 7543/2575
f 7542/2576 7547/2577 5810/2577
f 7547/2577 7546/2578 5809/2578
f 5809/2578 7546/2578 5808/2580
f 7546/2578 7545/2580 5808/2580
f 5808/2580 7545/2580 5807/2574
f 7546/2578 7662/2579 7545/2580
f 7663/2573 7545/2580 7662/2579
f 7544/2574 7545/2580 7663/2573
f 7544/2574 7663/2573 7555/2571
f 7555/2571 7663/2573 7554/2572
f 7664/2581 7554/2572 7663/2573
f 7664/2581 7663/2573 5926/2573
f 5927/2581 7664/2581 5926/2573
f 7665/2582 7664/2581 5927/2581
f 5928/2582 7665/2582 5927/2581
f 5927/2581 5931/2583 5928/2582
f 5931/2583 5929/2584 5928/2582
f 5929/2584 7666/2584 5928/2582
f 7667/2585 7666/2584 5929/2584
f 5930/2585 7667/2585 5929/2584
f 7668/2583 7667/2585 5930/2585
f 5931/2583 7668/2583 5930/2585
f 7669/2586 7668/2583 5931/2583
f 5932/2586 7669/2586 5931/2583
f 7670/2587 7669/2586 5932/2586
f 5933/2587 7670/2587 5932/2586
f 5932/2586 5841/2588 5933/2587
f 5841/2588 5934/2589 5933/2587
f 5934/2589 7671/2589 5933/2587
f 7672/2590 7671/2589 5934/2589
f 5935/2590 7672/2590 5934/2589
f 5839/2591 5935/2590 5934/2589
f 5840/2592 5839/2591 5934/2589
f 5840/2592 7577/2592 5839/2591
f 7577/2592 7576/2591 5839/2591
f 5839/2591 7576/2591 5838/2593
f 5837/2594 5839/2591 5838/2593
f 5838/2593 7575/2593 5837/2594
f 7575/2593 7574/2594 5837/2594
f 5837/2594 7574/2594 5845/2557
f 5845/2557 5935/2590 5837/2594
f 7575/2593 7576/2591 7574/2594
f 7574/2594 7576/2591 7672/2590
f 7574/2594 7672/2590 7582/2557
f 7672/2590 7673/2555 7582/2557
f 7576/2591 7575/2593 5838/2593
f 7671/2589 7576/2591 7577/2592
f 7577/2592 7578/2588 7671/2589
f 7670/2587 7671/2589 7578/2588
f 7578/2588 7577/2592 5840/2592
f 5841/2588 7578/2588 5840/2592
f 7579/2559 7578/2588 5841/2588
f 5842/2559 7579/2559 5841/2588
f 7579/2559 7669/2586 7578/2588
f 7523/2562 7669/2586 7579/2559
f 7523/2562 7524/2564 7669/2586
f 7669/2586 7524/2564 7664/2581
f 5935/2590 5839/2591 5837/2594
f 7673/2555 7672/2590 5935/2590
f 5936/2555 7673/2555 5935/2590
f 7671/2589 7672/2590 7576/2591
f 5934/2589 5841/2588 5840/2592
f 5841/2588 5932/2586 5842/2559
f 7671/2589 7670/2587 5933/2587
f 7670/2587 7578/2588 7669/2586
f 7669/2586 7664/2581 7668/2583
f 7667/2585 7668/2583 7666/2584
f 7665/2582 7666/2584 7668/2583
f 5929/2584 5931/2583 5930/2585
f 5931/2583 5927/2581 5932/2586
f 5927/2581 5787/2564 5932/2586
f 5932/2586 5787/2564 5786/2562
f 5787/2564 7524/2564 5786/2562
f 5817/2572 5787/2564 5927/2581
f 7666/2584 7665/2582 5928/2582
f 7665/2582 7668/2583 7664/2581
f 5926/2573 7663/2573 5925/2579
f 5925/2579 5808/2580 5926/2573
f 7664/2581 7524/2564 7554/2572
f 7553/2565 7554/2572 7524/2564
f 7525/2563 7553/2565 7524/2564
f 7663/2573 7662/2579 5925/2579
f 5808/2580 5925/2579 5809/2578
f 5810/2577 7547/2577 5809/2578
f 5805/2576 7542/2576 5810/2577
f 7543/2575 7542/2576 5805/2576
f 7543/2575 7544/2574 7555/2571
f 7545/2580 7544/2574 5807/2574
f 5926/2573 5808/2580 5807/2574
f 5926/2573 5817/2572 5927/2581
f 7555/2571 7554/2572 5817/2572
f 5817/2572 7554/2572 5816/2565
f 7556/2570 7580/2558 7555/2571
f 7556/2570 7548/2568 7580/2558
f 7548/2568 7551/2566 7580/2558
f 7550/2567 7551/2566 7548/2568
f 5806/2575 5843/2558 5818/2571
f 7548/2568 7556/2570 5819/2570
f 7549/2569 7550/2567 7548/2568
f 7550/2567 7549/2569 5812/2569
f 5813/2567 7550/2567 5812/2569
f 5843/2558 5814/2566 5811/2568
f 7551/2566 7550/2567 5813/2567
f 7551/2566 7552/2560 7580/2558
f 7579/2559 7580/2558 7552/2560
f 7579/2559 7552/2560 7522/2561
f 7552/2560 7553/2565 7525/2563
f 7554/2572 7553/2565 5816/2565
f 5787/2564 5817/2572 5816/2565
f 7525/2563 7524/2564 5787/2564
f 7522/2561 7552/2560 7525/2563
f 7522/2561 7523/2562 7579/2559
f 7524/2564 7523/2562 5786/2562
f 5842/2559 5932/2586 5786/2562
f 5788/2563 5815/2560 5785/2561
f 5843/2558 5815/2560 5814/2566
f 7580/2558 7579/2559 5842/2559
f 7580/2558 7581/2556 7674/2554
f 7673/2555 7674/2554 7581/2556
f 7582/2557 7673/2555 7581/2556
f 7574/2594 7582/2557 5845/2557
f 5845/2557 5936/2555 5935/2590
f 5937/2554 5844/2556 5843/2558
f 7674/2554 7673/2555 5936/2555
f 7675/2552 7661/2551 7674/2554
f 7566/2550 7661/2551 7675/2552
f 7566/2550 7660/2549 7661/2551
f 7661/2551 7660/2549 5923/2549
f 5923/2549 7660/2549 5922/2523
f 7566/2550 7521/2548 7660/2549
f 7566/2550 7567/2547 7521/2548
f 7521/2548 7567/2547 7520/2545
f 7567/2547 7568/2546 7520/2545
f 7568/2546 7567/2547 5830/2547
f 5830/2547 7567/2547 5829/2550
f 7567/2547 7566/2550 5829/2550
f 5829/2550 7566/2550 5828/2595
f 7566/2550 7565/2595 5828/2595
f 5828/2595 7565/2595 5827/2596
f 5827/2596 5939/2553 5828/2595
f 5939/2553 5827/2596 5940/2597
f 5940/2597 7677/2597 5939/2553
f 7678/2598 7677/2597 5940/2597
f 5941/2598 7678/2598 5940/2597
f 5940/2597 5948/2599 5941/2598
f 5941/2598 5948/2599 5947/2600
f 5941/2598 5947/2600 5942/2601
f 5942/2601 7679/2601 5941/2598
f 7680/2602 7679/2601 5942/2601
f 5943/2602 7680/2602 5942/2601
f 5942/2601 5946/2603 5943/2602
f 5946/2603 5944/2604 5943/2602
f 5944/2604 7681/2604 5943/2602
f 7682/2605 7681/2604 5944/2604
f 5945/2605 7682/2605 5944/2604
f 7683/2603 7682/2605 5945/2605
f 5946/2603 7683/2603 5945/2605
f 7684/2600 7683/2603 5946/2603
f 5947/2600 7684/2600 5946/2603
f 7685/2599 7684/2600 5947/2600
f 7684/2600 7685/2599 7678/2598
f 7679/2601 7684/2600 7678/2598
f 7683/2603 7684/2600 7679/2601
f 7682/2605 7683/2603 7681/2604
f 7680/2602 7681/2604 7683/2603
f 5944/2604 5946/2603 5945/2605
f 7681/2604 7680/2602 5943/2602
f 7680/2602 7683/2603 7679/2601
f 5942/2601 5947/2600 5946/2603
f 5948/2599 7685/2599 5947/2600
f 7686/2606 7685/2599 5948/2599
f 5949/2606 7686/2606 5948/2599
f 5858/2607 5949/2606 5948/2599
f 5949/2606 5858/2607 5857/2608
f 5856/2609 5949/2606 5857/2608
f 5857/2608 7594/2608 5856/2609
f 7594/2608 7593/2609 5856/2609
f 5856/2609 7593/2609 5863/2610
f 5863/2610 5982/2611 5856/2609
f 5856/2609 5982/2611 5950/2612
f 5981/2613 5950/2612 5982/2611
f 5982/2611 7719/2611 5981/2613
f 7719/2611 7718/2613 5981/2613
f 5981/2613 7718/2613 5980/2614
f 7718/2613 7717/2614 5980/2614
f 5980/2614 7717/2614 5979/2615
f 5951/2616 5980/2614 5979/2615
f 5951/2616 5979/2615 5952/2617
f 5952/2617 7689/2617 5951/2616
f 7689/2617 7688/2616 5951/2616
f 5951/2616 7688/2616 5950/2612
f 7688/2616 7687/2612 5950/2612
f 5950/2612 7687/2612 5949/2606
f 7688/2616 7717/2614 7687/2612
f 7716/2615 7717/2614 7688/2616
f 7689/2617 7716/2615 7688/2616
f 7689/2617 7690/2618 7716/2615
f 7715/2619 7716/2615 7690/2618
f 7715/2619 7690/2618 7714/2620
f 7715/2619 7714/2620 5977/2620
f 5978/2619 7715/2619 5977/2620
f 5977/2620 5953/2618 5978/2619
f 5953/2618 5979/2615 5978/2619
f 5979/2615 7716/2615 5978/2619
f 5953/2618 5977/2620 5954/2621
f 5954/2621 7691/2621 5953/2618
f 7691/2621 7690/2618 5953/2618
f 5953/2618 7690/2618 5952/2617
f 7620/2622 7691/2621 5954/2621
f 5883/2622 7620/2622 5954/2621
f 5954/2621 5976/2623 5883/2622
f 5976/2623 6045/2624 5883/2622
f 6044/2625 5883/2622 6045/2624
f 6045/2624 7782/2624 6044/2625
f 7782/2624 7781/2625 6044/2625
f 6044/2625 7781/2625 6043/2626
f 5885/2627 6044/2625 6043/2626
f 6043/2626 5888/2628 5885/2627
f 5888/2628 5886/2629 5885/2627
f 5886/2629 7623/2629 5885/2627
f 7623/2629 7622/2627 5885/2627
f 5885/2627 7622/2627 5884/2630
f 7622/2627 7621/2630 5884/2630
f 5884/2630 7621/2630 5883/2622
f 7621/2630 7622/2627 7781/2625
f 7621/2630 7781/2625 7620/2622
f 7780/2626 7781/2625 7622/2627
f 7622/2627 7625/2628 7780/2626
f 7780/2626 7625/2628 7779/2631
f 7780/2626 7779/2631 6042/2631
f 6043/2626 7780/2626 6042/2631
f 6042/2631 7779/2631 6041/2632
f 6041/2632 5888/2628 6042/2631
f 6041/2632 6126/2633 5888/2628
f 5888/2628 6126/2633 5889/2634
f 5889/2634 7626/2634 5888/2628
f 7626/2634 7625/2628 5888/2628
f 5888/2628 7625/2628 5887/2635
f 7625/2628 7624/2635 5887/2635
f 5887/2635 7624/2635 5886/2629
f 7625/2628 7623/2629 7624/2635
f 7626/2634 7863/2633 7625/2628
f 7625/2628 7863/2633 7778/2632
f 7778/2632 7863/2633 7777/2636
f 7778/2632 7777/2636 6040/2636
f 6041/2632 7778/2632 6040/2636
f 6040/2636 7777/2636 6039/2637
f 6039/2637 6126/2633 6040/2636
f 6126/2633 6039/2637 6127/2638
f 6127/2638 7864/2638 6126/2633
f 7864/2638 7863/2633 6126/2633
f 6126/2633 7863/2633 6125/2639
f 6125/2639 5849/2640 6126/2633
f 5890/2641 6126/2633 5849/2640
f 5848/2642 5890/2641 5849/2640
f 5849/2640 7586/2640 5848/2642
f 7586/2640 7585/2642 5848/2642
f 5848/2642 7585/2642 5847/2643
f 5891/2644 5848/2642 5847/2643
f 5846/2645 5891/2644 5847/2643
f 5847/2643 7584/2643 5846/2645
f 7584/2643 7583/2645 5846/2645
f 5846/2645 7583/2645 5855/2646
f 5892/2647 5846/2645 5855/2646
f 5854/2648 5892/2647 5855/2646
f 5855/2646 7592/2646 5854/2648
f 7592/2646 7591/2648 5854/2648
f 5854/2648 7591/2648 5853/2649
f 5853/2649 5893/2650 5854/2648
f 5853/2649 5894/2651 5893/2650
f 5894/2651 7631/2651 5893/2650
f 7631/2651 7630/2650 5893/2650
f 5893/2650 7630/2650 5892/2647
f 7630/2650 7629/2647 5892/2647
f 5892/2647 7629/2647 5891/2644
f 7629/2647 7628/2644 5891/2644
f 5891/2644 7628/2644 5890/2641
f 7628/2644 7627/2641 5890/2641
f 5890/2641 7627/2641 5889/2634
f 7627/2641 7628/2644 7585/2642
f 7584/2643 7585/2642 7628/2644
f 7628/2644 7629/2647 7583/2645
f 7592/2646 7583/2645 7629/2647
f 7629/2647 7630/2650 7591/2648
f 7591/2648 7630/2650 7590/2649
f 7630/2650 7631/2651 7590/2649
f 7526/2652 7590/2649 7631/2651
f 7531/2653 7526/2652 7631/2651
f 7631/2651 7643/2654 7531/2653
f 7531/2653 7643/2654 7530/2655
f 7531/2653 7530/2655 5793/2655
f 5794/2653 7531/2653 5793/2655
f 5793/2655 5906/2654 5794/2653
f 5794/2653 5906/2654 5894/2651
f 5894/2651 5789/2652 5794/2653
f 5789/2652 7526/2652 5794/2653
f 7527/2656 7526/2652 5789/2652
f 5790/2656 7527/2656 5789/2652
f 5789/2652 5800/2657 5790/2656
f 5790/2656 5800/2657 5799/2658
f 5798/2659 5790/2656 5799/2658
f 5799/2658 7536/2658 5798/2659
f 7536/2658 7535/2659 5798/2659
f 5798/2659 7535/2659 5797/2660
f 5797/2660 5908/2661 5798/2659
f 5798/2659 5908/2661 5791/2662
f 5908/2661 5792/2663 5791/2662
f 5792/2663 7529/2663 5791/2662
f 7529/2663 7528/2662 5791/2662
f 5791/2662 7528/2662 5790/2656
f 7528/2662 7529/2663 7645/2661
f 7528/2662 7645/2661 7535/2659
f 7527/2656 7528/2662 7535/2659
f 7535/2659 7645/2661 7534/2660
f 7646/2664 7534/2660 7645/2661
f 7646/2664 7645/2661 5908/2661
f 5909/2664 7646/2664 5908/2661
f 7647/2665 7646/2664 5909/2664
f 5910/2665 7647/2665 5909/2664
f 6123/2666 5910/2665 5909/2664
f 5774/2667 6123/2666 5909/2664
f 5797/2660 5774/2667 5909/2664
f 5797/2660 5775/2668 5774/2667
f 5775/2668 7512/2668 5774/2667
f 7512/2668 7511/2667 5774/2667
f 5774/2667 7511/2667 5773/2669
f 6124/2670 5774/2667 5773/2669
f 5772/2671 6124/2670 5773/2669
f 5773/2669 7510/2669 5772/2671
f 7510/2669 7509/2671 5772/2671
f 5772/2671 7509/2671 5771/2672
f 7509/2671 7508/2672 5771/2672
f 5771/2672 7508/2672 5775/2668
f 5775/2668 5796/2673 5771/2672
f 5796/2673 5795/2674 5771/2672
f 5771/2672 5795/2674 5825/2675
f 5825/2675 6124/2670 5771/2672
f 5824/2676 6124/2670 5825/2675
f 5825/2675 7562/2675 5824/2676
f 7562/2675 7561/2676 5824/2676
f 5824/2676 7561/2676 5823/2677
f 7561/2676 7560/2677 5823/2677
f 5823/2677 7560/2677 5822/2678
f 5851/2679 5823/2677 5822/2678
f 5821/2680 5851/2679 5822/2678
f 5822/2678 7559/2678 5821/2680
f 7559/2678 7558/2680 5821/2680
f 5821/2680 7558/2680 5820/2681
f 5852/2682 5821/2680 5820/2681
f 5826/2683 5852/2682 5820/2681
f 5820/2681 7557/2681 5826/2683
f 7557/2681 7563/2683 5826/2683
f 5826/2683 7563/2683 5825/2675
f 7557/2681 7589/2682 7563/2683
f 7589/2682 7590/2649 7563/2683
f 7590/2649 7537/2657 7563/2683
f 7538/2684 7563/2683 7537/2657
f 7538/2684 7537/2657 5800/2657
f 5801/2684 7538/2684 5800/2657
f 5800/2657 5826/2683 5801/2684
f 5826/2683 5804/2685 5801/2684
f 5801/2684 5804/2685 5802/2686
f 5802/2686 7539/2686 5801/2684
f 7540/2687 7539/2686 5802/2686
f 5803/2687 7540/2687 5802/2686
f 7541/2685 7540/2687 5803/2687
f 5804/2685 7541/2685 5803/2687
f 7532/2674 7541/2685 5804/2685
f 5795/2674 7532/2674 5804/2685
f 7533/2673 7532/2674 5795/2674
f 7508/2672 7532/2674 7533/2673
f 7508/2672 7533/2673 7512/2668
f 7533/2673 7534/2660 7512/2668
f 7534/2660 7533/2673 5796/2673
f 5797/2660 7534/2660 5796/2673
f 7562/2675 7532/2674 7508/2672
f 7508/2672 7861/2670 7562/2675
f 7562/2675 7563/2683 7532/2674
f 7541/2685 7532/2674 7563/2683
f 7541/2685 7539/2686 7540/2687
f 7539/2686 7541/2685 7538/2684
f 5803/2687 5802/2686 5804/2685
f 5826/2683 5795/2674 5804/2685
f 5826/2683 5800/2657 5853/2649
f 7539/2686 7538/2684 5801/2684
f 7538/2684 7541/2685 7563/2683
f 7590/2649 7589/2682 5852/2682
f 5853/2649 7590/2649 5852/2682
f 5852/2682 7589/2682 5851/2679
f 7589/2682 7588/2679 5851/2679
f 5851/2679 7588/2679 5850/2688
f 7588/2679 7587/2688 5850/2688
f 5850/2688 7587/2688 5849/2640
f 7587/2688 7588/2679 7560/2677
f 7587/2688 7560/2677 7862/2639
f 7587/2688 7862/2639 7586/2640
f 7863/2633 7586/2640 7862/2639
f 7586/2640 7863/2633 7627/2641
f 7862/2639 7560/2677 7861/2670
f 7862/2639 7861/2670 6124/2670
f 6125/2639 7862/2639 6124/2670
f 6124/2670 5823/2677 6125/2639
f 6125/2639 5823/2677 5850/2688
f 6124/2670 7861/2670 6123/2666
f 7861/2670 7860/2666 6123/2666
f 6123/2666 7860/2666 6122/2689
f 7860/2666 7859/2689 6122/2689
f 6122/2689 7859/2689 6121/2690
f 6121/2690 5911/2691 6122/2689
f 6122/2689 5911/2691 5910/2665
f 5911/2691 7648/2691 5910/2665
f 7649/2692 7648/2691 5911/2691
f 5912/2692 7649/2692 5911/2691
f 7650/2693 7649/2692 5912/2692
f 5913/2693 7650/2693 5912/2692
f 6119/2694 5913/2693 5912/2692
f 6119/2694 5912/2692 6120/2695
f 6120/2695 7857/2695 6119/2694
f 7857/2695 7856/2694 6119/2694
f 6119/2694 7856/2694 6118/2696
f 7856/2694 7855/2696 6118/2696
f 6118/2696 7855/2696 6117/2697
f 5913/2693 6118/2696 6117/2697
f 5913/2693 6117/2697 5659/2698
f 5658/2699 5913/2693 5659/2698
f 5659/2698 7396/2698 5658/2699
f 7396/2698 7395/2699 5658/2699
f 5658/2699 7395/2699 5673/2700
f 5673/2700 5914/2701 5658/2699
f 5673/2700 5915/2702 5914/2701
f 5915/2702 7652/2702 5914/2701
f 7652/2702 7651/2701 5914/2701
f 5914/2701 7651/2701 5913/2693
f 7651/2701 7652/2702 7410/2700
f 7395/2699 7651/2701 7410/2700
f 7650/2693 7651/2701 7395/2699
f 7410/2700 7652/2702 7409/2703
f 7410/2700 7409/2703 5672/2703
f 5673/2700 7410/2700 5672/2703
f 5672/2703 7409/2703 5671/2704
f 5671/2704 5615/2705 5672/2703
f 5615/2705 5614/2706 5672/2703
f 5614/2706 5612/2707 5672/2703
f 5612/2707 5611/2708 5672/2703
f 5917/2709 5672/2703 5611/2708
f 5917/2709 5611/2708 5610/2710
f 5609/2711 5917/2709 5610/2710
f 5610/2710 7347/2710 5609/2711
f 7347/2710 7346/2711 5609/2711
f 5609/2711 7346/2711 5630/2712
f 5918/2713 5609/2711 5630/2712
f 5629/2714 5918/2713 5630/2712
f 5630/2712 7367/2712 5629/2714
f 7367/2712 7366/2714 5629/2714
f 5629/2714 7366/2714 5628/2715
f 5919/2716 5629/2714 5628/2715
f 5627/2717 5919/2716 5628/2715
f 5628/2715 7365/2715 5627/2717
f 7365/2715 7364/2717 5627/2717
f 5627/2717 7364/2717 5626/2718
f 5626/2718 5735/2525 5627/2717
f 5626/2718 5736/2482 5735/2525
f 5736/2482 7473/2482 5735/2525
f 7474/2498 7473/2482 5736/2482
f 5737/2498 7474/2498 5736/2482
f 7475/2504 7474/2498 5737/2498
f 5738/2504 7475/2504 5737/2498
f 7470/2505 7475/2504 5738/2504
f 7477/2503 7475/2504 7470/2505
f 7477/2503 7470/2505 7471/2506
f 7471/2506 7470/2505 5733/2505
f 7477/2503 7478/2501 7475/2504
f 7475/2504 7478/2501 7474/2498
f 7448/2499 7474/2498 7478/2501
f 7478/2501 7460/2500 7448/2499
f 7473/2482 7474/2498 7450/2487
f 7179/2485 7473/2482 7450/2487
f 7178/2486 7179/2485 7450/2487
f 7177/2488 7178/2486 7450/2487
f 7449/2497 7450/2487 7474/2498
f 5736/2482 5626/2718 5625/2719
f 5626/2718 7363/2718 5625/2719
f 7363/2718 7362/2719 5625/2719
f 5625/2719 7362/2719 5624/2720
f 5624/2720 5507/2721 5625/2719
f 5422/2480 5625/2719 5507/2721
f 5422/2480 5507/2721 5506/2211
f 5507/2721 7244/2721 5506/2211
f 7245/2722 7244/2721 5507/2721
f 5508/2722 7245/2722 5507/2721
f 5507/2721 5667/2723 5508/2722
f 5667/2723 5666/2724 5508/2722
f 5666/2724 5661/2725 5508/2722
f 5661/2725 5509/2726 5508/2722
f 5509/2726 7246/2726 5508/2722
f 7239/2727 7246/2726 5509/2726
f 5502/2727 7239/2727 5509/2726
f 5509/2726 5660/2728 5502/2727
f 5502/2727 5660/2728 5659/2698
f 5503/2729 5502/2727 5659/2698
f 5504/2212 5503/2729 5659/2698
f 5504/2212 7241/2212 5503/2729
f 7241/2212 7240/2729 5503/2729
f 7396/2698 7240/2729 7241/2212
f 7396/2698 7241/2212 7854/2697
f 7396/2698 7854/2697 7650/2693
f 7854/2697 7855/2696 7650/2693
f 7396/2698 7239/2727 7240/2729
f 7396/2698 7397/2728 7239/2727
f 5503/2729 7240/2729 5502/2727
f 5660/2728 7397/2728 5659/2698
f 7398/2725 7397/2728 5660/2728
f 5661/2725 7398/2725 5660/2728
f 7399/2730 7398/2725 5661/2725
f 5662/2730 7399/2730 5661/2725
f 7400/2731 7399/2730 5662/2730
f 5663/2731 7400/2731 5662/2730
f 5662/2730 5666/2724 5663/2731
f 5663/2731 5666/2724 5664/2732
f 5664/2732 7401/2732 5663/2731
f 7402/2733 7401/2732 5664/2732
f 5665/2733 7402/2733 5664/2732
f 7403/2724 7402/2733 5665/2733
f 5666/2724 7403/2724 5665/2733
f 7404/2723 7403/2724 5666/2724
f 7245/2722 7403/2724 7404/2723
f 7245/2722 7398/2725 7403/2724
f 7245/2722 7246/2726 7398/2725
f 7402/2733 7403/2724 7401/2732
f 7401/2732 7403/2724 7400/2731
f 5664/2732 5666/2724 5665/2733
f 7401/2732 7400/2731 5663/2731
f 7400/2731 7403/2724 7399/2730
f 7399/2730 7403/2724 7398/2725
f 7397/2728 7398/2725 7246/2726
f 7240/2729 7239/2727 5502/2727
f 7239/2727 7397/2728 7246/2726
f 5509/2726 5661/2725 5660/2728
f 5661/2725 5666/2724 5662/2730
f 5667/2723 7404/2723 5666/2724
f 7405/2734 7404/2723 5667/2723
f 5668/2734 7405/2734 5667/2723
f 7406/2735 7405/2734 5668/2734
f 5669/2735 7406/2735 5668/2734
f 5668/2734 5507/2721 5669/2735
f 5669/2735 5507/2721 5621/2736
f 5621/2736 5670/2737 5669/2735
f 5670/2737 7407/2737 5669/2735
f 7408/2704 7407/2737 5670/2737
f 5671/2704 7408/2704 5670/2737
f 5670/2737 5618/2738 5671/2704
f 5671/2704 5618/2738 5617/2739
f 5616/2740 5671/2704 5617/2739
f 5617/2739 7354/2739 5616/2740
f 7354/2739 7353/2740 5616/2740
f 5616/2740 7353/2740 5615/2705
f 7353/2740 7352/2705 5615/2705
f 7353/2740 7408/2704 7352/2705
f 7409/2703 7352/2705 7408/2704
f 7409/2703 7351/2706 7352/2705
f 7352/2705 7351/2706 5614/2706
f 5614/2706 7351/2706 5613/2741
f 7351/2706 7350/2741 5613/2741
f 5613/2741 7350/2741 5612/2707
f 7350/2741 7349/2707 5612/2707
f 7349/2707 7350/2741 7351/2706
f 7409/2703 7349/2707 7351/2706
f 7409/2703 7348/2708 7349/2707
f 7349/2707 7348/2708 5611/2708
f 7348/2708 7409/2703 7654/2709
f 7347/2710 7348/2708 7654/2709
f 7653/2742 7654/2709 7409/2703
f 7654/2709 7653/2742 5916/2742
f 5917/2709 7654/2709 5916/2742
f 7655/2713 7654/2709 5917/2709
f 5918/2713 7655/2713 5917/2709
f 7656/2716 7655/2713 5918/2713
f 5919/2716 7656/2716 5918/2713
f 7657/2524 7656/2716 5919/2716
f 5920/2524 7657/2524 5919/2716
f 7655/2713 7656/2716 7366/2714
f 7365/2715 7366/2714 7656/2716
f 7654/2709 7655/2713 7346/2711
f 7367/2712 7346/2711 7655/2713
f 5916/2742 7653/2742 5915/2702
f 5915/2702 5672/2703 5916/2742
f 7354/2739 7408/2704 7353/2740
f 7354/2739 7355/2738 7408/2704
f 7355/2738 7354/2739 5617/2739
f 5618/2738 7355/2738 5617/2739
f 7356/2743 7355/2738 5618/2738
f 5619/2743 7356/2743 5618/2738
f 7357/2744 7356/2743 5619/2743
f 5620/2744 7357/2744 5619/2743
f 5619/2743 5670/2737 5620/2744
f 7358/2736 7357/2744 5620/2744
f 5621/2736 7358/2736 5620/2744
f 7359/2745 7358/2736 5621/2736
f 5622/2745 7359/2745 5621/2736
f 5621/2736 5623/2746 5622/2745
f 5623/2746 7360/2746 5622/2745
f 7361/2720 7360/2746 5623/2746
f 5624/2720 7361/2720 5623/2746
f 7360/2746 7361/2720 7358/2736
f 7361/2720 7244/2721 7358/2736
f 7358/2736 7244/2721 7406/2735
f 7406/2735 7407/2737 7358/2736
f 7362/2719 7244/2721 7361/2720
f 7244/2721 7362/2719 7159/2480
f 7243/2211 7244/2721 7159/2480
f 7159/2480 6556/2199 7243/2211
f 7159/2480 7362/2719 7473/2482
f 7158/2481 7159/2480 7473/2482
f 7157/2483 7158/2481 7473/2482
f 7180/2484 7157/2483 7473/2482
f 7158/2481 7157/2483 5420/2483
f 5621/2736 5624/2720 5623/2746
f 7360/2746 7359/2745 5622/2745
f 7359/2745 7360/2746 7358/2736
f 7357/2744 7358/2736 7407/2737
f 7357/2744 7407/2737 7356/2743
f 7356/2743 7407/2737 7355/2738
f 5618/2738 5670/2737 5619/2743
f 7408/2704 7355/2738 7407/2737
f 5670/2737 5621/2736 5620/2744
f 7407/2737 7406/2735 5669/2735
f 7406/2735 7244/2721 7405/2734
f 7405/2734 7244/2721 7404/2723
f 5667/2723 5507/2721 5668/2734
f 7246/2726 7245/2722 5508/2722
f 7245/2722 7404/2723 7244/2721
f 5621/2736 5507/2721 5624/2720
f 7362/2719 7361/2720 5624/2720
f 7362/2719 7363/2718 7473/2482
f 7472/2525 7473/2482 7363/2718
f 7364/2717 7472/2525 7363/2718
f 7656/2716 7472/2525 7364/2717
f 7364/2717 7363/2718 5626/2718
f 7365/2715 7656/2716 7364/2717
f 5627/2717 5735/2525 5919/2716
f 7366/2714 7365/2715 5628/2715
f 7367/2712 7655/2713 7366/2714
f 5629/2714 5919/2716 5918/2713
f 7346/2711 7367/2712 5630/2712
f 7347/2710 7654/2709 7346/2711
f 7348/2708 7347/2710 5610/2710
f 5609/2711 5918/2713 5917/2709
f 5611/2708 7348/2708 5610/2710
f 5672/2703 5917/2709 5916/2742
f 5612/2707 7349/2707 5611/2708
f 5614/2706 5613/2741 5612/2707
f 5615/2705 7352/2705 5614/2706
f 5615/2705 5671/2704 5616/2740
f 7409/2703 7408/2704 5671/2704
f 7653/2742 7409/2703 7652/2702
f 7653/2742 7652/2702 5915/2702
f 5672/2703 5915/2702 5673/2700
f 7395/2699 7410/2700 5673/2700
f 7396/2698 7650/2693 7395/2699
f 7397/2728 7396/2698 5659/2698
f 5658/2699 5914/2701 5913/2693
f 6117/2697 5504/2212 5659/2698
f 7855/2696 7854/2697 6117/2697
f 6117/2697 7854/2697 6116/2747
f 5461/2748 6117/2697 6116/2747
f 5567/2749 5461/2748 6116/2747
f 5567/2749 6116/2747 6115/2750
f 5567/2749 6115/2750 5568/2751
f 5568/2751 7305/2751 5567/2749
f 7305/2751 7304/2749 5567/2749
f 5567/2749 7304/2749 5566/2752
f 6066/2753 5567/2749 5566/2752
f 5565/2754 6066/2753 5566/2752
f 5566/2752 7303/2752 5565/2754
f 7303/2752 7302/2754 5565/2754
f 5565/2754 7302/2754 5564/2755
f 6067/2756 5565/2754 5564/2755
f 6071/2757 6067/2756 5564/2755
f 5387/2758 6071/2757 5564/2755
f 5564/2755 5388/2759 5387/2758
f 5388/2759 7125/2759 5387/2758
f 7125/2759 7124/2758 5387/2758
f 5387/2758 7124/2758 5386/2760
f 7124/2758 7123/2760 5386/2760
f 5386/2760 7123/2760 5385/2761
f 6072/2762 5386/2760 5385/2761
f 5384/2763 6072/2762 5385/2761
f 5385/2761 7122/2761 5384/2763
f 7122/2761 7121/2763 5384/2763
f 5384/2763 7121/2763 5383/2764
f 5410/2765 5384/2763 5383/2764
f 5410/2765 5383/2764 5382/2766
f 5389/2767 5410/2765 5382/2766
f 5382/2766 7119/2766 5389/2767
f 7119/2766 7126/2767 5389/2767
f 5389/2767 7126/2767 5388/2759
f 5388/2759 5563/2768 5389/2767
f 5389/2767 5563/2768 5562/2769
f 5563/2768 7300/2768 5562/2769
f 7300/2768 7299/2769 5562/2769
f 5562/2769 7299/2769 5561/2770
f 5411/2771 5562/2769 5561/2770
f 5411/2771 5561/2770 5412/2772
f 5412/2772 7149/2772 5411/2771
f 7149/2772 7148/2771 5411/2771
f 5411/2771 7148/2771 5410/2765
f 7148/2771 7147/2765 5410/2765
f 5410/2765 7147/2765 5409/2773
f 5418/2774 5410/2765 5409/2773
f 5453/2775 5418/2774 5409/2773
f 5453/2775 5409/2773 5408/2776
f 5453/2775 5408/2776 5455/2777
f 5453/2775 5455/2777 5454/2778
f 5454/2778 7191/2778 5453/2775
f 7191/2778 7190/2775 5453/2775
f 5453/2775 7190/2775 5452/2779
f 5419/2780 5453/2775 5452/2779
f 5413/2781 5419/2780 5452/2779
f 5452/2779 6074/2782 5413/2781
f 5413/2781 6074/2782 5414/2783
f 5414/2783 7151/2783 5413/2781
f 7151/2783 7150/2781 5413/2781
f 7151/2783 7811/2782 7150/2781
f 7150/2781 7811/2782 7189/2779
f 7189/2779 7156/2780 7150/2781
f 7150/2781 7156/2780 5419/2780
f 5419/2780 7156/2780 5418/2774
f 7156/2780 7155/2774 5418/2774
f 5418/2774 7155/2774 5417/2784
f 5417/2784 6072/2762 5418/2774
f 6072/2762 5417/2784 6073/2785
f 6073/2785 7810/2785 6072/2762
f 7810/2785 7809/2762 6072/2762
f 6072/2762 7809/2762 6071/2757
f 7809/2762 7808/2757 6071/2757
f 6071/2757 7808/2757 6070/2786
f 6070/2786 6068/2787 6071/2757
f 6070/2786 6069/2788 6068/2787
f 6069/2788 7806/2788 6068/2787
f 7806/2788 7805/2787 6068/2787
f 6068/2787 7805/2787 6067/2756
f 7805/2787 7804/2756 6067/2756
f 6067/2756 7804/2756 6066/2753
f 7804/2756 7803/2753 6066/2753
f 6066/2753 7803/2753 6065/2319
f 6065/2319 5461/2748 6066/2753
f 7804/2756 7302/2754 7803/2753
f 7301/2755 7302/2754 7804/2756
f 7301/2755 7804/2756 7808/2757
f 7301/2755 7808/2757 7124/2758
f 7808/2757 7804/2756 7805/2787
f 7808/2757 7805/2787 7807/2786
f 7805/2787 7806/2788 7807/2786
f 7807/2786 7806/2788 6069/2788
f 6070/2786 7807/2786 6069/2788
f 7808/2757 7807/2786 6070/2786
f 7809/2762 7123/2760 7808/2757
f 7122/2761 7123/2760 7809/2762
f 7810/2785 7154/2784 7809/2762
f 7155/2774 7809/2762 7154/2784
f 7121/2763 7809/2762 7155/2774
f 7121/2763 7155/2774 7147/2765
f 7120/2764 7121/2763 7147/2765
f 7119/2766 7120/2764 7147/2765
f 7146/2773 7147/2765 7155/2774
f 7146/2773 7155/2774 7190/2775
f 7145/2776 7146/2773 7190/2775
f 7192/2777 7145/2776 7190/2775
f 7145/2776 7192/2777 7144/2789
f 7145/2776 7144/2789 5407/2789
f 5408/2776 7145/2776 5407/2789
f 5407/2789 7144/2789 5406/2790
f 5406/2790 5455/2777 5407/2789
f 5406/2790 5456/2791 5455/2777
f 5456/2791 7193/2791 5455/2777
f 7193/2791 7192/2777 5455/2777
f 7192/2777 7193/2791 7143/2790
f 7143/2790 7193/2791 7185/2792
f 7143/2790 7185/2792 7149/2772
f 7186/2793 7149/2772 7185/2792
f 7186/2793 7185/2792 5448/2792
f 5449/2793 7186/2793 5448/2792
f 5448/2792 5412/2772 5449/2793
f 5560/2794 5449/2793 5412/2772
f 5449/2793 5560/2794 5559/2795
f 5470/2796 5449/2793 5559/2795
f 5470/2796 5559/2795 5471/2797
f 5471/2797 7208/2797 5470/2796
f 7208/2797 7207/2796 5470/2796
f 5470/2796 7207/2796 5469/2798
f 5478/2799 5470/2796 5469/2798
f 5468/2800 5478/2799 5469/2798
f 5469/2798 7206/2798 5468/2800
f 7206/2798 7205/2800 5468/2800
f 5468/2800 7205/2800 5472/2801
f 5472/2801 5538/2802 5468/2800
f 5468/2800 5538/2802 5537/2803
f 5538/2802 7275/2802 5537/2803
f 7275/2802 7274/2803 5537/2803
f 5537/2803 7274/2803 5536/2804
f 5536/2804 5478/2799 5537/2803
f 5478/2799 5536/2804 5473/2805
f 5473/2805 7210/2805 5478/2799
f 7210/2805 7215/2799 5478/2799
f 5478/2799 7215/2799 5477/2806
f 5446/2807 5478/2799 5477/2806
f 5477/2806 5456/2791 5446/2807
f 5446/2807 5456/2791 5447/2808
f 5447/2808 7184/2808 5446/2807
f 7184/2808 7183/2807 5446/2807
f 5446/2807 7183/2807 5445/2809
f 7183/2807 7182/2809 5445/2809
f 5445/2809 7182/2809 5444/2810
f 5444/2810 5478/2799 5445/2809
f 7182/2809 7181/2810 5444/2810
f 5444/2810 7181/2810 5449/2793
f 7182/2809 7215/2799 7181/2810
f 7181/2810 7215/2799 7207/2796
f 7181/2810 7207/2796 7186/2793
f 7296/2795 7186/2793 7207/2796
f 7296/2795 7297/2794 7186/2793
f 7297/2794 7296/2795 5559/2795
f 5559/2795 7296/2795 5558/2811
f 7296/2795 7295/2811 5558/2811
f 5558/2811 7295/2811 5557/2812
f 5471/2797 5558/2811 5557/2812
f 5471/2797 5557/2812 5472/2801
f 5472/2801 7209/2801 5471/2797
f 7295/2811 7294/2812 5557/2812
f 5557/2812 7294/2812 5556/2813
f 5556/2813 5538/2802 5557/2812
f 5556/2813 5539/2814 5538/2802
f 5539/2814 7276/2814 5538/2802
f 7277/2815 7276/2814 5539/2814
f 5540/2815 7277/2815 5539/2814
f 7278/2816 7277/2815 5540/2815
f 5541/2816 7278/2816 5540/2815
f 5540/2815 5548/2817 5541/2816
f 5548/2817 5542/2818 5541/2816
f 5541/2816 5542/2818 6100/2819
f 6086/2820 5541/2816 6100/2819
f 6086/2820 6100/2819 6099/2821
f 6086/2820 6099/2821 6087/2822
f 6087/2822 7824/2822 6086/2820
f 7824/2822 7823/2820 6086/2820
f 6086/2820 7823/2820 6085/2823
f 6078/2824 6086/2820 6085/2823
f 6078/2824 6085/2823 6079/2825
f 6079/2825 7816/2825 6078/2824
f 7816/2825 7815/2824 6078/2824
f 6078/2824 7815/2824 6077/2826
f 7815/2824 7814/2826 6077/2826
f 6077/2826 7814/2826 6076/2827
f 5533/2828 6077/2826 6076/2827
f 5534/2829 5533/2828 6076/2827
f 6075/2830 5534/2829 6076/2827
f 6076/2827 7813/2827 6075/2830
f 7813/2827 7812/2830 6075/2830
f 6075/2830 7812/2830 6074/2782
f 6074/2782 5451/2831 6075/2830
f 5450/2832 6075/2830 5451/2831
f 5451/2831 7188/2831 5450/2832
f 7188/2831 7187/2832 5450/2832
f 5450/2832 7187/2832 5458/2833
f 5476/2834 5450/2832 5458/2833
f 5457/2835 5476/2834 5458/2833
f 5458/2833 7195/2833 5457/2835
f 7195/2833 7194/2835 5457/2835
f 5457/2835 7194/2835 5456/2791
f 7195/2833 7213/2834 7194/2835
f 7213/2834 7214/2806 7194/2835
f 7194/2835 7214/2806 7193/2791
f 7183/2807 7193/2791 7214/2806
f 7214/2806 7215/2799 7183/2807
f 7214/2806 7213/2834 5476/2834
f 5477/2806 7214/2806 5476/2834
f 5476/2834 7213/2834 5475/2836
f 6075/2830 5476/2834 5475/2836
f 5474/2837 6075/2830 5475/2836
f 5475/2836 7212/2836 5474/2837
f 7212/2836 7211/2837 5474/2837
f 5474/2837 7211/2837 5473/2805
f 5535/2838 5474/2837 5473/2805
f 5474/2837 5535/2838 5534/2829
f 5535/2838 7272/2838 5534/2829
f 7272/2838 7271/2829 5534/2829
f 7271/2829 7272/2838 7211/2837
f 7211/2837 7812/2830 7271/2829
f 7210/2805 7211/2837 7272/2838
f 7210/2805 7272/2838 7273/2804
f 7273/2804 7272/2838 5535/2838
f 5536/2804 7273/2804 5535/2838
f 7212/2836 7812/2830 7211/2837
f 7212/2836 7213/2834 7812/2830
f 7187/2832 7812/2830 7213/2834
f 7213/2834 7212/2836 5475/2836
f 7195/2833 7187/2832 7213/2834
f 5457/2835 5477/2806 5476/2834
f 7187/2832 7195/2833 5458/2833
f 7188/2831 7812/2830 7187/2832
f 7812/2830 7188/2831 7811/2782
f 7189/2779 7188/2831 5451/2831
f 5452/2779 7189/2779 5451/2831
f 5476/2834 6075/2830 5450/2832
f 7812/2830 7811/2782 6074/2782
f 6074/2782 7811/2782 6073/2785
f 6073/2785 5415/2839 6074/2782
f 5415/2839 6073/2785 5416/2840
f 5416/2840 7153/2840 5415/2839
f 7153/2840 7152/2839 5415/2839
f 5415/2839 7152/2839 5414/2783
f 7153/2840 7810/2785 7152/2839
f 7811/2782 7152/2839 7810/2785
f 7154/2784 7153/2840 5416/2840
f 5417/2784 7154/2784 5416/2840
f 7813/2827 7271/2829 7812/2830
f 7813/2827 7270/2828 7271/2829
f 7271/2829 7270/2828 5533/2828
f 5533/2828 7270/2828 5532/2841
f 7270/2828 7269/2841 5532/2841
f 5532/2841 7269/2841 5531/2842
f 6077/2826 5532/2841 5531/2842
f 5541/2816 6077/2826 5531/2842
f 5531/2842 7268/2842 5541/2816
f 7269/2841 7268/2842 5531/2842
f 7268/2842 7269/2841 7814/2826
f 7268/2842 7814/2826 7278/2816
f 7823/2820 7278/2816 7814/2826
f 7837/2819 7278/2816 7823/2820
f 7836/2821 7837/2819 7823/2820
f 7837/2819 7836/2821 6099/2821
f 6099/2821 7836/2821 6098/2843
f 6088/2844 6099/2821 6098/2843
f 6088/2844 6098/2843 6089/2845
f 6089/2845 7826/2845 6088/2844
f 7826/2845 7825/2844 6088/2844
f 6088/2844 7825/2844 6087/2822
f 7826/2845 7835/2843 7825/2844
f 7835/2843 7836/2821 7825/2844
f 7824/2822 7825/2844 7836/2821
f 7834/2846 7835/2843 7826/2845
f 7827/2847 7834/2846 7826/2845
f 7833/2848 7834/2846 7827/2847
f 7828/2849 7833/2848 7827/2847
f 7828/2849 7827/2847 6090/2847
f 6091/2849 7828/2849 6090/2847
f 6090/2847 6096/2848 6091/2849
f 6096/2848 6092/2850 6091/2849
f 6092/2850 7829/2850 6091/2849
f 7830/2851 7829/2850 6092/2850
f 6093/2851 7830/2851 6092/2850
f 6092/2850 6094/2852 6093/2851
f 6094/2852 7831/2852 6093/2851
f 7832/2853 7831/2852 6094/2852
f 6095/2853 7832/2853 6094/2852
f 7833/2848 7832/2853 6095/2853
f 6096/2848 7833/2848 6095/2853
f 7832/2853 7833/2848 7829/2850
f 7832/2853 7829/2850 7831/2852
f 6094/2852 6092/2850 6095/2853
f 7831/2852 7830/2851 6093/2851
f 7830/2851 7831/2852 7829/2850
f 6092/2850 6096/2848 6095/2853
f 6090/2847 6097/2846 6096/2848
f 6097/2846 7834/2846 6096/2848
f 6089/2845 6097/2846 6090/2847
f 7829/2850 7828/2849 6091/2849
f 6090/2847 7827/2847 6089/2845
f 7828/2849 7829/2850 7833/2848
f 7834/2846 7833/2848 6096/2848
f 7835/2843 7834/2846 6097/2846
f 6098/2843 7835/2843 6097/2846
f 7827/2847 7826/2845 6089/2845
f 6089/2845 6098/2843 6097/2846
f 7836/2821 7835/2843 6098/2843
f 7837/2819 7279/2818 7278/2816
f 7278/2816 7279/2818 7285/2817
f 7280/2854 7285/2817 7279/2818
f 7280/2854 7279/2818 5542/2818
f 5543/2854 7280/2854 5542/2818
f 7281/2855 7280/2854 5543/2854
f 5544/2855 7281/2855 5543/2854
f 5547/2856 5544/2855 5543/2854
f 5548/2817 5547/2856 5543/2854
f 5548/2817 7285/2817 5547/2856
f 7285/2817 7284/2856 5547/2856
f 5547/2856 7284/2856 5546/2857
f 7284/2856 7283/2857 5546/2857
f 5546/2857 7283/2857 5545/2858
f 5546/2857 5545/2858 5544/2855
f 5545/2858 7282/2858 5544/2855
f 7283/2857 7282/2858 5545/2858
f 7281/2855 7282/2858 7283/2857
f 7284/2856 7281/2855 7283/2857
f 7286/2859 7285/2817 5548/2817
f 5549/2859 7286/2859 5548/2817
f 7287/2860 7286/2859 5549/2859
f 5550/2860 7287/2860 5549/2859
f 5540/2815 5550/2860 5549/2859
f 5550/2860 5540/2815 5556/2813
f 5555/2861 5550/2860 5556/2813
f 5556/2813 7293/2813 5555/2861
f 7293/2813 7292/2861 5555/2861
f 5555/2861 7292/2861 5554/2862
f 5554/2862 5551/2863 5555/2861
f 5554/2862 5552/2864 5551/2863
f 5552/2864 7289/2864 5551/2863
f 7289/2864 7288/2863 5551/2863
f 5551/2863 7288/2863 5550/2860
f 7288/2863 7289/2864 7291/2862
f 7292/2861 7288/2863 7291/2862
f 7287/2860 7288/2863 7292/2861
f 7291/2862 7289/2864 7290/2865
f 7291/2862 7290/2865 5553/2865
f 5554/2862 7291/2862 5553/2865
f 5553/2865 7290/2865 5552/2864
f 7290/2865 7289/2864 5552/2864
f 5553/2865 5552/2864 5554/2862
f 7292/2861 7291/2862 5554/2862
f 7293/2813 7287/2860 7292/2861
f 7293/2813 7277/2815 7287/2860
f 5555/2861 5551/2863 5550/2860
f 7288/2863 7287/2860 5550/2860
f 7286/2859 7287/2860 7277/2815
f 7286/2859 7277/2815 7285/2817
f 5546/2857 5544/2855 5547/2856
f 7282/2858 7281/2855 5544/2855
f 7280/2854 7281/2855 7284/2856
f 5542/2818 7279/2818 5570/2866
f 5570/2866 6106/2867 5542/2818
f 5570/2866 6107/2868 6106/2867
f 6107/2868 7844/2868 6106/2867
f 7844/2868 7843/2867 6106/2867
f 6106/2867 7843/2867 6105/2869
f 6105/2869 6101/2870 6106/2867
f 6106/2867 6101/2870 6100/2819
f 6101/2870 7838/2870 6100/2819
f 7838/2870 7837/2819 6100/2819
f 7837/2819 7838/2870 7843/2867
f 7843/2867 7838/2870 7842/2869
f 7839/2871 7842/2869 7838/2870
f 7839/2871 7841/2872 7842/2869
f 7842/2869 7841/2872 6104/2872
f 6105/2869 7842/2869 6104/2872
f 6105/2869 6104/2872 6102/2871
f 6104/2872 6103/2873 6102/2871
f 6103/2873 7840/2873 6102/2871
f 7840/2873 7839/2871 6102/2871
f 6102/2871 7839/2871 6101/2870
f 7841/2872 7840/2873 6103/2873
f 6104/2872 7841/2872 6103/2873
f 7839/2871 7840/2873 7841/2872
f 7839/2871 7838/2870 6101/2870
f 6101/2870 6105/2869 6102/2871
f 7843/2867 7842/2869 6105/2869
f 7843/2867 7844/2868 7307/2866
f 7279/2818 7843/2867 7307/2866
f 7307/2866 7844/2868 7306/2874
f 7307/2866 7306/2874 5569/2874
f 5570/2866 7307/2866 5569/2874
f 5569/2874 7306/2874 5568/2751
f 6111/2875 5569/2874 5568/2751
f 5569/2874 6111/2875 6110/2876
f 6109/2877 5569/2874 6110/2876
f 6110/2876 7847/2876 6109/2877
f 7847/2876 7846/2877 6109/2877
f 6109/2877 7846/2877 6108/2878
f 7846/2877 7845/2878 6108/2878
f 6108/2878 7845/2878 6107/2868
f 6107/2868 5569/2874 6108/2878
f 7846/2877 7306/2874 7845/2878
f 7847/2876 7306/2874 7846/2877
f 7847/2876 7848/2875 7306/2874
f 7305/2751 7306/2874 7848/2875
f 7852/2750 7305/2751 7848/2875
f 7852/2750 7848/2875 7851/2879
f 7852/2750 7851/2879 6114/2879
f 6115/2750 7852/2750 6114/2879
f 6114/2879 6111/2875 6115/2750
f 6111/2875 6114/2879 6112/2880
f 6112/2880 7849/2880 6111/2875
f 7849/2880 7848/2875 6111/2875
f 7850/2881 7849/2880 6112/2880
f 6113/2881 7850/2881 6112/2880
f 7851/2879 7850/2881 6113/2881
f 7849/2880 7850/2881 7851/2879
f 6114/2879 6113/2881 6112/2880
f 7853/2747 7852/2750 6115/2750
f 7852/2750 7853/2747 7304/2749
f 7853/2747 7198/2748 7304/2749
f 7304/2749 7198/2748 7803/2753
f 7303/2752 7304/2749 7803/2753
f 7803/2753 7198/2748 7802/2319
f 7198/2748 7199/2317 7802/2319
f 7199/2317 7198/2748 5461/2748
f 5462/2317 7199/2317 5461/2748
f 5461/2748 7198/2748 5460/2215
f 7853/2747 7854/2697 7198/2748
f 7198/2748 7854/2697 7197/2215
f 6114/2879 7851/2879 6113/2881
f 7849/2880 7851/2879 7848/2875
f 7848/2875 7847/2876 6110/2876
f 6108/2878 5569/2874 6109/2877
f 6111/2875 7848/2875 6110/2876
f 7845/2878 7306/2874 7844/2868
f 7845/2878 7844/2868 6107/2868
f 5569/2874 6107/2868 5570/2866
f 7279/2818 7307/2866 5570/2866
f 7280/2854 7284/2856 7285/2817
f 7837/2819 7843/2867 7279/2818
f 7269/2841 7270/2828 7814/2826
f 7813/2827 7814/2826 7270/2828
f 5534/2829 6075/2830 5474/2837
f 5534/2829 7271/2829 5533/2828
f 6077/2826 5533/2828 5532/2841
f 7814/2826 7813/2827 6076/2827
f 7814/2826 7815/2824 7823/2820
f 7822/2823 7823/2820 7815/2824
f 7816/2825 7822/2823 7815/2824
f 7821/2882 7822/2823 7816/2825
f 7817/2883 7821/2882 7816/2825
f 7820/2884 7821/2882 7817/2883
f 7818/2885 7820/2884 7817/2883
f 7818/2885 7817/2883 6080/2883
f 6081/2885 7818/2885 6080/2883
f 6080/2883 6083/2884 6081/2885
f 6081/2885 6083/2884 6082/2886
f 6082/2886 7819/2886 6081/2885
f 7820/2884 7819/2886 6082/2886
f 6083/2884 7820/2884 6082/2886
f 6080/2883 6084/2882 6083/2884
f 6084/2882 7821/2882 6083/2884
f 6079/2825 6084/2882 6080/2883
f 7819/2886 7818/2885 6081/2885
f 6080/2883 7817/2883 6079/2825
f 7819/2886 7820/2884 7818/2885
f 7821/2882 7820/2884 6083/2884
f 7822/2823 7821/2882 6084/2882
f 6085/2823 7822/2823 6084/2882
f 7817/2883 7816/2825 6079/2825
f 6079/2825 6085/2823 6084/2882
f 6086/2820 6078/2824 6077/2826
f 7823/2820 7822/2823 6085/2823
f 7824/2822 7836/2821 7823/2820
f 7825/2844 7824/2822 6087/2822
f 6099/2821 6088/2844 6087/2822
f 6100/2819 7837/2819 6099/2821
f 6077/2826 5541/2816 6086/2820
f 5542/2818 6106/2867 6100/2819
f 5542/2818 5548/2817 5543/2854
f 5548/2817 5540/2815 5549/2859
f 7268/2842 7278/2816 5541/2816
f 7278/2816 7285/2817 7277/2815
f 7276/2814 7277/2815 7293/2813
f 7275/2802 7276/2814 7293/2813
f 7294/2812 7275/2802 7293/2813
f 7209/2801 7275/2802 7294/2812
f 7209/2801 7294/2812 7208/2797
f 7205/2800 7275/2802 7209/2801
f 5556/2813 5540/2815 5539/2814
f 7294/2812 7293/2813 5556/2813
f 7294/2812 7295/2811 7208/2797
f 7295/2811 7296/2795 7208/2797
f 7206/2798 7207/2796 7215/2799
f 7182/2809 7183/2807 7215/2799
f 7184/2808 7193/2791 7183/2807
f 7185/2792 7184/2808 5447/2808
f 5456/2791 5448/2792 5447/2808
f 5456/2791 5477/2806 5457/2835
f 5478/2799 5446/2807 5445/2809
f 7215/2799 7214/2806 5477/2806
f 7210/2805 7273/2804 7215/2799
f 7274/2803 7215/2799 7273/2804
f 7205/2800 7215/2799 7274/2803
f 7211/2837 7210/2805 5473/2805
f 5536/2804 5535/2838 5473/2805
f 7274/2803 7273/2804 5536/2804
f 7274/2803 7275/2802 7205/2800
f 7276/2814 7275/2802 5538/2802
f 5557/2812 5538/2802 5472/2801
f 7205/2800 7209/2801 5472/2801
f 7206/2798 7215/2799 7205/2800
f 5537/2803 5478/2799 5468/2800
f 5470/2796 5478/2799 5444/2810
f 7207/2796 7206/2798 5469/2798
f 7208/2797 7296/2795 7207/2796
f 7209/2801 7208/2797 5471/2797
f 5471/2797 5559/2795 5558/2811
f 5449/2793 5470/2796 5444/2810
f 5560/2794 7297/2794 5559/2795
f 7298/2770 7297/2794 5560/2794
f 5561/2770 7298/2770 5560/2794
f 7298/2770 7149/2772 7297/2794
f 5412/2772 5448/2792 5406/2790
f 5406/2790 7143/2790 5412/2772
f 7181/2810 7186/2793 5449/2793
f 5448/2792 7185/2792 5447/2808
f 7149/2772 7186/2793 7297/2794
f 7184/2808 7185/2792 7193/2791
f 7194/2835 7193/2791 5456/2791
f 5448/2792 5456/2791 5406/2790
f 7144/2789 7143/2790 5406/2790
f 7144/2789 7192/2777 7143/2790
f 7146/2773 7145/2776 5408/2776
f 7153/2840 7154/2784 7810/2785
f 7811/2782 7810/2785 6073/2785
f 6073/2785 5417/2784 5416/2840
f 7155/2774 7154/2784 5417/2784
f 7156/2780 7190/2775 7155/2774
f 7189/2779 7190/2775 7156/2780
f 7189/2779 7811/2782 7188/2831
f 7151/2783 7152/2839 7811/2782
f 7152/2839 7151/2783 5414/2783
f 6074/2782 5415/2839 5414/2783
f 5451/2831 6074/2782 5452/2779
f 5413/2781 7150/2781 5419/2780
f 7190/2775 7189/2779 5452/2779
f 7191/2778 7192/2777 7190/2775
f 7192/2777 7191/2778 5454/2778
f 5455/2777 7192/2777 5454/2778
f 5407/2789 5455/2777 5408/2776
f 5409/2773 7146/2773 5408/2776
f 5418/2774 5453/2775 5419/2780
f 7147/2765 7146/2773 5409/2773
f 7147/2765 7148/2771 7299/2769
f 7299/2769 7126/2767 7147/2765
f 7298/2770 7299/2769 7148/2771
f 7149/2772 7298/2770 7148/2771
f 7143/2790 7149/2772 5412/2772
f 5560/2794 5412/2772 5561/2770
f 5562/2769 5411/2771 5410/2765
f 7299/2769 7298/2770 5561/2770
f 7299/2769 7300/2768 7126/2767
f 7126/2767 7300/2768 7125/2759
f 7300/2768 7301/2755 7125/2759
f 7301/2755 7300/2768 5563/2768
f 5564/2755 7301/2755 5563/2768
f 7119/2766 7147/2765 7126/2767
f 7120/2764 7119/2766 5382/2766
f 5410/2765 5389/2767 5562/2769
f 5383/2764 7120/2764 5382/2766
f 5410/2765 5418/2774 5384/2763
f 7121/2763 7120/2764 5383/2764
f 7122/2761 7809/2762 7121/2763
f 5418/2774 6072/2762 5384/2763
f 6071/2757 5386/2760 6072/2762
f 7123/2760 7122/2761 5385/2761
f 7124/2758 7808/2757 7123/2760
f 7124/2758 7125/2759 7301/2755
f 7126/2767 7125/2759 5388/2759
f 5388/2759 5564/2755 5563/2768
f 5386/2760 6071/2757 5387/2758
f 6068/2787 6067/2756 6071/2757
f 7302/2754 7301/2755 5564/2755
f 7303/2752 7803/2753 7302/2754
f 6066/2753 5565/2754 6067/2756
f 7304/2749 7303/2752 5566/2752
f 7305/2751 7852/2750 7304/2749
f 7306/2874 7305/2751 5568/2751
f 6111/2875 5568/2751 6115/2750
f 6116/2747 7853/2747 6115/2750
f 6066/2753 5461/2748 5567/2749
f 5460/2215 6117/2697 5461/2748
f 7854/2697 7853/2747 6116/2747
f 7855/2696 7856/2694 7650/2693
f 7857/2695 7649/2692 7856/2694
f 7857/2695 7858/2690 7649/2692
f 7858/2690 7857/2695 6120/2695
f 6121/2690 7858/2690 6120/2695
f 5912/2692 6121/2690 6120/2695
f 5913/2693 6119/2694 6118/2696
f 7651/2701 7650/2693 5913/2693
f 7649/2692 7650/2693 7856/2694
f 7648/2691 7649/2692 7858/2690
f 7859/2689 7648/2691 7858/2690
f 7647/2665 7648/2691 7859/2689
f 6121/2690 5912/2692 5911/2691
f 7859/2689 7858/2690 6121/2690
f 7860/2666 7647/2665 7859/2689
f 7861/2670 7511/2667 7860/2666
f 7646/2664 7860/2666 7511/2667
f 7510/2669 7511/2667 7861/2670
f 7559/2678 7560/2677 7588/2679
f 7588/2679 7589/2682 7558/2680
f 7557/2681 7558/2680 7589/2682
f 5826/2683 5853/2649 5852/2682
f 7558/2680 7557/2681 5820/2681
f 7559/2678 7588/2679 7558/2680
f 5821/2680 5852/2682 5851/2679
f 5823/2677 5851/2679 5850/2688
f 7560/2677 7559/2678 5822/2678
f 7561/2676 7861/2670 7560/2677
f 7562/2675 7861/2670 7561/2676
f 7563/2683 7562/2675 5825/2675
f 5823/2677 6124/2670 5824/2676
f 5795/2674 5826/2683 5825/2675
f 5796/2673 7533/2673 5795/2674
f 7509/2671 7861/2670 7508/2672
f 7510/2669 7861/2670 7509/2671
f 5771/2672 6124/2670 5772/2671
f 7511/2667 7510/2669 5773/2669
f 7511/2667 7512/2668 7534/2660
f 7508/2672 7512/2668 5775/2668
f 5775/2668 5797/2660 5796/2673
f 6123/2666 5774/2667 6124/2670
f 6122/2689 5910/2665 6123/2666
f 7648/2691 7647/2665 5910/2665
f 7646/2664 7647/2665 7860/2666
f 5908/2661 7645/2661 5907/2887
f 7645/2661 7644/2887 5907/2887
f 5907/2887 7644/2887 5906/2654
f 7644/2887 7643/2654 5906/2654
f 5906/2654 7643/2654 5905/2888
f 5902/2889 5906/2654 5905/2888
f 5902/2889 5905/2888 5903/2890
f 5903/2890 7640/2890 5902/2889
f 7640/2890 7639/2889 5902/2889
f 5902/2889 7639/2889 5901/2891
f 5901/2891 5895/2892 5902/2889
f 5901/2891 5896/2893 5895/2892
f 5896/2893 7633/2893 5895/2892
f 7633/2893 7632/2892 5895/2892
f 5895/2892 7632/2892 5894/2651
f 7632/2892 7633/2893 7638/2891
f 7639/2889 7632/2892 7638/2891
f 7639/2889 7643/2654 7632/2892
f 7642/2888 7643/2654 7639/2889
f 7637/2894 7638/2891 7633/2893
f 7637/2894 7633/2893 7636/2895
f 7637/2894 7636/2895 5899/2895
f 5900/2894 7637/2894 5899/2895
f 5899/2895 5896/2893 5900/2894
f 5896/2893 5899/2895 5897/2896
f 5897/2896 7634/2896 5896/2893
f 7635/2897 7634/2896 5897/2896
f 5898/2897 7635/2897 5897/2896
f 7636/2895 7635/2897 5898/2897
f 7634/2896 7635/2897 7636/2895
f 5899/2895 5898/2897 5897/2896
f 5899/2895 7636/2895 5898/2897
f 7634/2896 7636/2895 7633/2893
f 7638/2891 7637/2894 5900/2894
f 5901/2891 7638/2891 5900/2894
f 7634/2896 7633/2893 5896/2893
f 5896/2893 5901/2891 5900/2894
f 7639/2889 7638/2891 5901/2891
f 7640/2890 7642/2888 7639/2889
f 7641/2898 7642/2888 7640/2890
f 7642/2888 7641/2898 5904/2898
f 5905/2888 7642/2888 5904/2898
f 5904/2898 7641/2898 5903/2890
f 7641/2898 7640/2890 5903/2890
f 5903/2890 5905/2888 5904/2898
f 5895/2892 5906/2654 5902/2889
f 7643/2654 7642/2888 5905/2888
f 7646/2664 7511/2667 7534/2660
f 7645/2661 7529/2663 7644/2887
f 7529/2663 7530/2655 7644/2887
f 7530/2655 7529/2663 5792/2663
f 5907/2887 5792/2663 5908/2661
f 5907/2887 5793/2655 5792/2663
f 5908/2661 5797/2660 5909/2664
f 7535/2659 7534/2660 5797/2660
f 7536/2658 7527/2656 7535/2659
f 7536/2658 7537/2657 7527/2656
f 7537/2657 7536/2658 5799/2658
f 5798/2659 5791/2662 5790/2656
f 5800/2657 7537/2657 5799/2658
f 5789/2652 5853/2649 5800/2657
f 7528/2662 7527/2656 5790/2656
f 7527/2656 7537/2657 7526/2652
f 5906/2654 5895/2892 5894/2651
f 5906/2654 5793/2655 5907/2887
f 5793/2655 7530/2655 5792/2663
f 7644/2887 7530/2655 7643/2654
f 7631/2651 7632/2892 7643/2654
f 7526/2652 7531/2653 5794/2653
f 7537/2657 7590/2649 7526/2652
f 7632/2892 7631/2651 5894/2651
f 5894/2651 5853/2649 5789/2652
f 7591/2648 7590/2649 5853/2649
f 7592/2646 7629/2647 7591/2648
f 5854/2648 5893/2650 5892/2647
f 7583/2645 7592/2646 5855/2646
f 7584/2643 7628/2644 7583/2645
f 5846/2645 5892/2647 5891/2644
f 7585/2642 7584/2643 5847/2643
f 7586/2640 7627/2641 7585/2642
f 7587/2688 7586/2640 5849/2640
f 5848/2642 5891/2644 5890/2641
f 5849/2640 6125/2639 5850/2688
f 7863/2633 7862/2639 6125/2639
f 7864/2638 7776/2637 7863/2633
f 7776/2637 7864/2638 7774/2899
f 7776/2637 7774/2899 7775/2900
f 7776/2637 7775/2900 6038/2900
f 6039/2637 7776/2637 6038/2900
f 6038/2900 6037/2899 6039/2637
f 6038/2900 7775/2900 6037/2899
f 7775/2900 7774/2899 6037/2899
f 6037/2899 7774/2899 6036/2901
f 6052/2902 6037/2899 6036/2901
f 6052/2902 6036/2901 6053/2903
f 6053/2903 7790/2903 6052/2902
f 7790/2903 7789/2902 6052/2902
f 6052/2902 7789/2902 6051/2904
f 6051/2904 6127/2638 6052/2902
f 6050/2905 6127/2638 6051/2904
f 6051/2904 7788/2904 6050/2905
f 7788/2904 7787/2905 6050/2905
f 6050/2905 7787/2905 6049/2906
f 5994/2907 6050/2905 6049/2906
f 6049/2906 5995/2908 5994/2907
f 5995/2908 7732/2908 5994/2907
f 7732/2908 7731/2907 5994/2907
f 5994/2907 7731/2907 5993/2909
f 5993/2909 6127/2638 5994/2907
f 5992/2910 6127/2638 5993/2909
f 5993/2909 7730/2909 5992/2910
f 7730/2909 7729/2910 5992/2910
f 5992/2910 7729/2910 5991/2911
f 5992/2910 5991/2911 6128/2912
f 5991/2911 6060/2913 6128/2912
f 6059/2914 6128/2912 6060/2913
f 6060/2913 7797/2913 6059/2914
f 7797/2913 7796/2914 6059/2914
f 6059/2914 7796/2914 6058/2915
f 7796/2914 7795/2915 6058/2915
f 6058/2915 7795/2915 6057/2916
f 6058/2915 6057/2916 6062/2321
f 6128/2912 6058/2915 6062/2321
f 6062/2321 7799/2321 6128/2912
f 7799/2321 7865/2912 6128/2912
f 6128/2912 7865/2912 6127/2638
f 7799/2321 7795/2915 7865/2912
f 7799/2321 7794/2916 7795/2915
f 7799/2321 7793/2917 7794/2916
f 7794/2916 7793/2917 6056/2917
f 6057/2916 7794/2916 6056/2917
f 6056/2917 7793/2917 6055/2323
f 7793/2917 7792/2323 6055/2323
f 6055/2323 7792/2323 6061/2918
f 5989/2919 6055/2323 6061/2918
f 5990/2920 5989/2919 6061/2918
f 6060/2913 5990/2920 6061/2918
f 6061/2918 7798/2918 6060/2913
f 5990/2920 7727/2920 5989/2919
f 7727/2920 7726/2919 5989/2919
f 5989/2919 7726/2919 5997/2921
f 6046/2324 5989/2919 5997/2921
f 6046/2324 5997/2921 6047/2922
f 6047/2922 7784/2922 6046/2324
f 7784/2922 7783/2324 6046/2324
f 6046/2324 7783/2324 6054/2923
f 6054/2923 6035/2924 6046/2324
f 6034/2925 6046/2324 6035/2924
f 6035/2924 7772/2924 6034/2925
f 7772/2924 7771/2925 6034/2925
f 6034/2925 7771/2925 6033/2325
f 7771/2925 7770/2325 6033/2325
f 6033/2325 7770/2325 6045/2624
f 7771/2925 7783/2324 7770/2325
f 7770/2325 7783/2324 7868/2322
f 7759/2326 7770/2325 7868/2322
f 7750/2327 7759/2326 7868/2322
f 7744/2328 7750/2327 7868/2322
f 7707/2329 7744/2328 7868/2322
f 7712/2330 7707/2329 7868/2322
f 7692/2331 7712/2330 7868/2322
f 7706/2332 7692/2331 7868/2322
f 7735/2333 7706/2332 7868/2322
f 7706/2332 7735/2333 7705/2926
f 7706/2332 7705/2926 5968/2926
f 5969/2332 7706/2332 5968/2926
f 5968/2926 7705/2926 5967/2927
f 5967/2927 5729/2928 5968/2926
f 5729/2928 5728/2929 5968/2926
f 5728/2929 6001/2930 5968/2926
f 5968/2926 6001/2930 6000/2931
f 5999/2932 5968/2926 6000/2931
f 6000/2931 7737/2931 5999/2932
f 7737/2931 7736/2932 5999/2932
f 5999/2932 7736/2932 5998/2333
f 7737/2931 7705/2926 7736/2932
f 7737/2931 7738/2930 7705/2926
f 7705/2926 7738/2930 7465/2929
f 7705/2926 7465/2929 7466/2928
f 7705/2926 7466/2928 7704/2927
f 7466/2928 7467/2933 7704/2927
f 7703/2934 7704/2927 7467/2933
f 7702/2935 7703/2934 7467/2933
f 7702/2935 7467/2933 7701/2338
f 7702/2935 7701/2338 5964/2338
f 5965/2935 7702/2935 5964/2338
f 5964/2338 5730/2933 5965/2935
f 5730/2933 5966/2934 5965/2935
f 5966/2934 7703/2934 5965/2935
f 5730/2933 5967/2927 5966/2934
f 5967/2927 7704/2927 5966/2934
f 5964/2338 7701/2338 5963/2936
f 5573/2937 5964/2338 5963/2936
f 5573/2937 5963/2936 5571/2938
f 5571/2938 7308/2938 5573/2937
f 7308/2938 7310/2937 5573/2937
f 5573/2937 7310/2937 5572/2939
f 5572/2939 5049/2940 5573/2937
f 5358/2941 5573/2937 5049/2940
f 5358/2941 5049/2940 5047/2942
f 5358/2941 5047/2942 5046/2943
f 5358/2941 5046/2943 5045/2944
f 5358/2941 5045/2944 5044/2945
f 5358/2941 5044/2945 5081/2946
f 5358/2941 5081/2946 5087/2947
f 5358/2941 5087/2947 5359/2948
f 5359/2948 7096/2948 5358/2941
f 7096/2948 7095/2941 5358/2941
f 5358/2941 7095/2941 5365/2949
f 7095/2941 7102/2949 5365/2949
f 5365/2949 7102/2949 5364/2339
f 5364/2339 5573/2937 5365/2949
f 7102/2949 7101/2339 5364/2339
f 7102/2949 7310/2937 7101/2339
f 7310/2937 7701/2338 7101/2339
f 7101/2339 7701/2338 7869/2336
f 7100/2340 7101/2339 7869/2336
f 7014/2341 7100/2340 7869/2336
f 6938/2342 7014/2341 7869/2336
f 6937/2343 6938/2342 7869/2336
f 7013/2950 7014/2341 6938/2342
f 6866/2951 7013/2950 6938/2342
f 6866/2951 6938/2342 5201/2342
f 5129/2951 6866/2951 5201/2342
f 5201/2342 5276/2950 5129/2951
f 5129/2951 5276/2950 5187/2952
f 5129/2951 5187/2952 5061/2953
f 5129/2951 5061/2953 5131/2954
f 5129/2951 5131/2954 5130/2955
f 5130/2955 6867/2955 5129/2951
f 6868/2954 6867/2955 5130/2955
f 6867/2955 6868/2954 6866/2951
f 6868/2954 6798/2953 6866/2951
f 6798/2953 6924/2952 6866/2951
f 6924/2952 6798/2953 6923/2956
f 6924/2952 6923/2956 5186/2956
f 5187/2952 6924/2952 5186/2956
f 6925/2957 6924/2952 5187/2952
f 5188/2957 6925/2957 5187/2952
f 6926/2958 6925/2957 5188/2957
f 5189/2958 6926/2958 5188/2957
f 5188/2957 5085/2959 5189/2958
f 5085/2959 4716/2960 5189/2958
f 5189/2958 4716/2960 5190/2961
f 5190/2961 6927/2961 5189/2958
f 6928/2962 6927/2961 5190/2961
f 5191/2962 6928/2962 5190/2961
f 6929/2963 6928/2962 5191/2962
f 5192/2963 6929/2963 5191/2962
f 5191/2962 4715/2964 5192/2963
f 5192/2963 4715/2964 5193/2965
f 5193/2965 6930/2965 5192/2963
f 6931/2966 6930/2965 5193/2965
f 5194/2966 6931/2966 5193/2965
f 6932/2967 6931/2966 5194/2966
f 5195/2967 6932/2967 5194/2966
f 4566/2968 5195/2967 5194/2966
f 4714/2969 4566/2968 5194/2966
f 5194/2966 4715/2964 4714/2969
f 4715/2964 6452/2964 4714/2969
f 6452/2964 6451/2969 4714/2969
f 4714/2969 6451/2969 4713/2970
f 4589/2971 4714/2969 4713/2970
f 4560/2972 4589/2971 4713/2970
f 4701/2973 4560/2972 4713/2970
f 4712/2974 4701/2973 4713/2970
f 4713/2970 6450/2970 4712/2974
f 6450/2970 6449/2974 4712/2974
f 4712/2974 6449/2974 4711/2975
f 4712/2974 4711/2975 4710/2976
f 4711/2975 6448/2975 4710/2976
f 6448/2975 6447/2976 4710/2976
f 4710/2976 6447/2976 4709/2977
f 4709/2977 4701/2973 4710/2976
f 4701/2973 4709/2977 4702/2978
f 4702/2978 6439/2978 4701/2973
f 6439/2978 6438/2973 4701/2973
f 4701/2973 6438/2973 4700/2979
f 4700/2979 4515/2980 4701/2973
f 4515/2980 4514/2981 4701/2973
f 4514/2981 4562/2982 4701/2973
f 4562/2982 4561/2983 4701/2973
f 4562/2982 6299/2982 4561/2983
f 6299/2982 6298/2983 4561/2983
f 4561/2983 6298/2983 4560/2972
f 6298/2983 6297/2972 4560/2972
f 4560/2972 6297/2972 4565/2984
f 6297/2972 6302/2984 4565/2984
f 4565/2984 6302/2984 4564/2985
f 4564/2985 4590/2986 4565/2984
f 4590/2986 4589/2971 4565/2984
f 4590/2986 6327/2986 4589/2971
f 6327/2986 6326/2971 4589/2971
f 4589/2971 6326/2971 4597/2987
f 6326/2971 6334/2987 4597/2987
f 4597/2987 6334/2987 4596/2988
f 4714/2969 4597/2987 4596/2988
f 4714/2969 4596/2988 4567/2989
f 4595/2990 4567/2989 4596/2988
f 4596/2988 6333/2988 4595/2990
f 6333/2988 6332/2990 4595/2990
f 4595/2990 6332/2990 4594/2991
f 4594/2991 4569/2992 4595/2990
f 4595/2990 4569/2992 4568/2993
f 4569/2992 6306/2992 4568/2993
f 6306/2992 6305/2993 4568/2993
f 4568/2993 6305/2993 4567/2989
f 6305/2993 6304/2989 4567/2989
f 4567/2989 6304/2989 4566/2968
f 6304/2989 6303/2968 4566/2968
f 4566/2968 6303/2968 4570/2994
f 6303/2968 6307/2994 4570/2994
f 4570/2994 6307/2994 4569/2992
f 6307/2994 6303/2968 6932/2967
f 6273/2995 6307/2994 6932/2967
f 6271/2996 6273/2995 6932/2967
f 6281/2997 6271/2996 6932/2967
f 6281/2997 6932/2967 6280/2998
f 6281/2997 6280/2998 4543/2998
f 4544/2997 6281/2997 4543/2998
f 4543/2998 5195/2967 4544/2997
f 5195/2967 4534/2996 4544/2997
f 4534/2996 6271/2996 4544/2997
f 6272/2999 6271/2996 4534/2996
f 4535/2999 6272/2999 4534/2996
f 4534/2996 4536/2995 4535/2999
f 4536/2995 6273/2995 4535/2999
f 6274/3000 6273/2995 4536/2995
f 4537/3000 6274/3000 4536/2995
f 4536/2995 4593/3001 4537/3000
f 4537/3000 4593/3001 4592/3002
f 4591/3003 4537/3000 4592/3002
f 4592/3002 6329/3002 4591/3003
f 6329/3002 6328/3003 4591/3003
f 4591/3003 6328/3003 4590/2986
f 6329/3002 6274/3000 6328/3003
f 6275/3004 6328/3003 6274/3000
f 6275/3004 6301/2985 6328/3003
f 6327/2986 6328/3003 6301/2985
f 6302/2984 6327/2986 6301/2985
f 6275/3004 6251/2981 6301/2985
f 6301/2985 6251/2981 6300/3005
f 6301/2985 6300/3005 4563/3005
f 4564/2985 6301/2985 4563/3005
f 4563/3005 4514/2981 4564/2985
f 4564/2985 4514/2981 4538/3004
f 4591/3003 4564/2985 4538/3004
f 4514/2981 4539/3006 4538/3004
f 4539/3006 6276/3006 4538/3004
f 6276/3006 6275/3004 4538/3004
f 4538/3004 6275/3004 4537/3000
f 6277/3007 6276/3006 4539/3006
f 4540/3007 6277/3007 4539/3006
f 4523/3008 4540/3007 4539/3006
f 4522/3009 4540/3007 4523/3008
f 4523/3008 6260/3008 4522/3009
f 6260/3008 6259/3009 4522/3009
f 4522/3009 6259/3009 4521/3010
f 4521/3010 4541/3011 4522/3009
f 4541/3011 4521/3010 4542/3012
f 4542/3012 6279/3012 4541/3011
f 6279/3012 6278/3011 4541/3011
f 4541/3011 6278/3011 4540/3007
f 6279/3012 6258/3010 6278/3011
f 6259/3009 6278/3011 6258/3010
f 6277/3007 6278/3011 6259/3009
f 6280/2998 6258/3010 6279/3012
f 6258/3010 6280/2998 6257/3013
f 6258/3010 6257/3013 4520/3013
f 4521/3010 6258/3010 4520/3013
f 4520/3013 4543/2998 4521/3010
f 5196/3014 4543/2998 4520/3013
f 4519/3015 5196/3014 4520/3013
f 4519/3015 5197/3016 5196/3014
f 5197/3016 6934/3016 5196/3014
f 6934/3016 6933/3014 5196/3014
f 5196/3014 6933/3014 5195/2967
f 6933/3014 6934/3016 6256/3015
f 6257/3013 6933/3014 6256/3015
f 6257/3013 6256/3015 4519/3015
f 4519/3015 6256/3015 4518/3017
f 4697/3018 4519/3015 4518/3017
f 4697/3018 4518/3017 4698/3019
f 4698/3019 6435/3019 4697/3018
f 6435/3019 6434/3018 4697/3018
f 4697/3018 6434/3018 4696/3020
f 6434/3018 6433/3020 4696/3020
f 4696/3020 6433/3020 4695/3021
f 4695/3021 4512/3022 4696/3020
f 4512/3022 4511/3023 4696/3020
f 4511/3023 4519/3015 4696/3020
f 4512/3022 6249/3022 4511/3023
f 6249/3022 6248/3023 4511/3023
f 4511/3023 6248/3023 4513/3024
f 5197/3016 4511/3023 4513/3024
f 5197/3016 4513/3024 4486/3025
f 5197/3016 4486/3025 4485/3026
f 5197/3016 4485/3026 4498/3027
f 5197/3016 4498/3027 4497/3028
f 4497/3028 4495/3029 5197/3016
f 4495/3029 4447/3030 5197/3016
f 4447/3030 4457/3031 5197/3016
f 4457/3031 5198/2345 5197/3016
f 5198/2345 6935/2345 5197/3016
f 5198/2345 4457/3031 4456/3032
f 5198/2345 4456/3032 4417/3033
f 4417/3033 4456/3032 4455/3034
f 4417/3033 4455/3034 4418/3035
f 4418/3035 6155/3035 4417/3033
f 6155/3035 6154/3033 4417/3033
f 4417/3033 6154/3033 4425/2347
f 6155/3035 6192/3034 6154/3033
f 6192/3034 6193/3032 6154/3033
f 6154/3033 6193/3032 6935/2345
f 6162/2347 6154/3033 6935/2345
f 6193/3032 6194/3031 6935/2345
f 6934/3016 6935/2345 6194/3031
f 6934/3016 6194/3031 6184/3030
f 6934/3016 6184/3030 6232/3029
f 6934/3016 6232/3029 6234/3028
f 6234/3028 6235/3027 6934/3016
f 6235/3027 6222/3026 6934/3016
f 6222/3026 6223/3025 6934/3016
f 6223/3025 6250/3024 6934/3016
f 6250/3024 6248/3023 6934/3016
f 6225/3036 6250/3024 6223/3025
f 6225/3036 6223/3025 6224/3037
f 6225/3036 6224/3037 4487/3037
f 4488/3036 6225/3036 4487/3037
f 4487/3037 4486/3025 4488/3036
f 6226/3038 6225/3036 4488/3036
f 4489/3038 6226/3038 4488/3036
f 4693/3039 4489/3038 4488/3036
f 4693/3039 4488/3036 4694/3040
f 4694/3040 6431/3040 4693/3039
f 6431/3040 6430/3039 4693/3039
f 4693/3039 6430/3039 4692/3041
f 6430/3039 6429/3041 4692/3041
f 4692/3041 6429/3041 4691/3042
f 4691/3042 4480/2366 4692/3041
f 4490/3043 4692/3041 4480/2366
f 4480/2366 4491/3044 4490/3043
f 4491/3044 6228/3044 4490/3043
f 6228/3044 6227/3043 4490/3043
f 4490/3043 6227/3043 4489/3038
f 6227/3043 6228/3044 6217/2366
f 6217/2366 6429/3041 6227/3043
f 6226/3038 6227/3043 6429/3041
f 6429/3041 6217/2366 6428/3042
f 6218/3045 6428/3042 6217/2366
f 6218/3045 6219/3046 6428/3042
f 6427/3047 6428/3042 6219/3046
f 6427/3047 6219/3046 6426/3048
f 6427/3047 6426/3048 4689/3048
f 4690/3047 6427/3047 4689/3048
f 4689/3048 4482/3046 4690/3047
f 4482/3046 4691/3042 4690/3047
f 4691/3042 6428/3042 4690/3047
f 4691/3042 4482/3046 4481/3045
f 4482/3046 6219/3046 4481/3045
f 6220/3049 6219/3046 4482/3046
f 4483/3049 6220/3049 4482/3046
f 6221/3050 6220/3049 4483/3049
f 4484/3050 6221/3050 4483/3049
f 4483/3049 4688/3051 4484/3050
f 4484/3050 4688/3051 4687/3052
f 4484/3050 4687/3052 4472/3053
f 4472/3053 6209/3053 4484/3050
f 6210/3054 6209/3053 4472/3053
f 4473/3054 6210/3054 4472/3053
f 4472/3053 4553/3055 4473/3054
f 4553/3055 4474/3056 4473/3054
f 4474/3056 6211/3056 4473/3054
f 6212/3057 6211/3056 4474/3056
f 4475/3057 6212/3057 4474/3056
f 4471/3058 4475/3057 4474/3056
f 4458/3059 4471/3058 4474/3056
f 4552/3060 4458/3059 4474/3056
f 4552/3060 4459/3061 4458/3059
f 4459/3061 6196/3061 4458/3059
f 6196/3061 6195/3059 4458/3059
f 6195/3059 6196/3061 6289/3060
f 6211/3056 6195/3059 6289/3060
f 6290/3055 6211/3056 6289/3060
f 6290/3055 6289/3060 4552/3060
f 4553/3055 6290/3055 4552/3060
f 6291/3062 6290/3055 4553/3055
f 4554/3062 6291/3062 4553/3055
f 4553/3055 4601/3063 4554/3062
f 4601/3063 4555/3064 4554/3062
f 4555/3064 6292/3064 4554/3062
f 6293/3065 6292/3064 4555/3064
f 4556/3065 6293/3065 4555/3064
f 6282/3066 6293/3065 4556/3065
f 4545/3066 6282/3066 4556/3065
f 4545/3066 4556/3065 4600/3067
f 4600/3067 4809/2406 4545/3066
f 4545/3066 4809/2406 4548/3068
f 4545/3066 4548/3068 4546/3069
f 4546/3069 6283/3069 4545/3066
f 6284/3065 6283/3069 4546/3069
f 4547/3065 6284/3065 4546/3069
f 6285/3068 6284/3065 4547/3065
f 4548/3068 6285/3068 4547/3065
f 6286/3070 6285/3068 4548/3068
f 4549/3070 6286/3070 4548/3068
f 6287/3071 6286/3070 4549/3070
f 4550/3071 6287/3071 4549/3070
f 4510/3072 4550/3071 4549/3070
f 4809/2406 4510/3072 4549/3070
f 4510/3072 4809/2406 4499/3073
f 4499/3073 6236/3073 4510/3072
f 6236/3073 6247/3072 4510/3072
f 4510/3072 6247/3072 4509/3074
f 6247/3072 6246/3074 4509/3074
f 4509/3074 6246/3074 4508/3075
f 4508/3075 4550/3071 4509/3074
f 4550/3071 4508/3075 4551/3076
f 4551/3076 6288/3076 4550/3071
f 6289/3060 6288/3076 4551/3076
f 6289/3060 6245/3075 6288/3076
f 6288/3076 6245/3075 6287/3071
f 6246/3074 6287/3071 6245/3075
f 4551/3076 4508/3075 4552/3060
f 6246/3074 6245/3075 4508/3075
f 4508/3075 6245/3075 4507/2385
f 4507/2385 4460/3077 4508/3075
f 4508/3075 4460/3077 4459/3061
f 4460/3077 6197/3077 4459/3061
f 6198/3078 6197/3077 4460/3077
f 4461/3078 6198/3078 4460/3077
f 4437/3079 4461/3078 4460/3077
f 4438/3080 4437/3079 4460/3077
f 4438/3080 6175/3080 4437/3079
f 6175/3080 6174/3079 4437/3079
f 4437/3079 6174/3079 4446/3081
f 6174/3079 6183/3081 4446/3081
f 4446/3081 6183/3081 4445/3082
f 4445/3082 4462/3083 4446/3081
f 4446/3081 4462/3083 4461/3078
f 4462/3083 6199/3083 4461/3078
f 6200/3084 6199/3083 4462/3083
f 4463/3084 6200/3084 4462/3083
f 6201/3085 6200/3084 4463/3084
f 4464/3085 6201/3085 4463/3084
f 4444/3086 4464/3085 4463/3084
f 4444/3086 4463/3084 4445/3082
f 4445/3082 6182/3082 4444/3086
f 6182/3082 6181/3086 4444/3086
f 4444/3086 6181/3086 4443/2372
f 6182/3082 6200/3084 6181/3086
f 4464/3085 4444/3086 4443/2372
f 6202/2370 6201/3085 4464/3085
f 4465/2370 6202/2370 4464/3085
f 6201/3085 6202/2370 6180/2372
f 6180/2372 6181/3086 6201/3085
f 6200/3084 6201/3085 6181/3086
f 6199/3083 6200/3084 6182/3082
f 6183/3081 6199/3083 6182/3082
f 6198/3078 6199/3083 6183/3081
f 4445/3082 4463/3084 4462/3083
f 6183/3081 6182/3082 4445/3082
f 6174/3079 6198/3078 6183/3081
f 6197/3077 6174/3079 6175/3080
f 6175/3080 6244/2385 6197/3077
f 6245/3075 6197/3077 6244/2385
f 6196/3061 6197/3077 6245/3075
f 6176/3087 6244/2385 6175/3080
f 6176/3087 6177/2383 6244/2385
f 6177/2383 6176/3087 4439/3087
f 4440/2383 6177/2383 4439/3087
f 6178/2373 6177/2383 4440/2383
f 4441/2373 6178/2373 4440/2383
f 6177/2383 6178/2373 6147/2382
f 6177/2383 6147/2382 6148/2381
f 6148/2381 6170/2379 6177/2383
f 6177/2383 6170/2379 6243/2384
f 6153/2375 6147/2382 6178/2373
f 4439/3087 6176/3087 4438/3080
f 4438/3080 4507/2385 4439/3087
f 6176/3087 6175/3080 4438/3080
f 4446/3081 4461/3078 4437/3079
f 6199/3083 6198/3078 4461/3078
f 6197/3077 6198/3078 6174/3079
f 4460/3077 4507/2385 4438/3080
f 6246/3074 6247/3072 6287/3071
f 6236/3073 6546/2406 6247/3072
f 6286/3070 6247/3072 6546/2406
f 6546/2406 6236/3073 6239/2405
f 6546/2406 6239/2405 6545/2398
f 6240/2404 6545/2398 6239/2405
f 6163/2400 6545/2398 6240/2404
f 6166/2399 6545/2398 6163/2400
f 6237/3088 6239/2405 6236/3073
f 6238/3072 6239/2405 6237/3088
f 6238/3072 6237/3088 4500/3088
f 4501/3072 6238/3072 4500/3088
f 4500/3088 4502/2405 4501/3072
f 4502/2405 6239/2405 4501/3072
f 4499/3073 4502/2405 4500/3088
f 4500/3088 6237/3088 4499/3073
f 6239/2405 6238/3072 4501/3072
f 6237/3088 6236/3073 4499/3073
f 4550/3071 4510/3072 4509/3074
f 6288/3076 6287/3071 4550/3071
f 6286/3070 6287/3071 6247/3072
f 6286/3070 6546/2406 6285/3068
f 6285/3068 6546/2406 6282/3066
f 6283/3069 6285/3068 6282/3066
f 6282/3066 6546/2406 6337/3067
f 6337/3067 6546/2406 6336/3089
f 6337/3067 6336/3089 4599/3089
f 4600/3067 6337/3067 4599/3089
f 6338/3063 6337/3067 4600/3067
f 4601/3063 6338/3063 4600/3067
f 6339/3090 6338/3063 4601/3063
f 4602/3090 6339/3090 4601/3063
f 6340/3091 6339/3090 4602/3090
f 4603/3091 6340/3091 4602/3090
f 4602/3090 4553/3055 4603/3091
f 4603/3091 4553/3055 4684/3092
f 4603/3091 4684/3092 4675/3093
f 4603/3091 4675/3093 4604/3094
f 4604/3094 6341/3094 4603/3091
f 6342/3095 6341/3094 4604/3094
f 4605/3095 6342/3095 4604/3094
f 4604/3094 4613/3096 4605/3095
f 4605/3095 4613/3096 4612/3097
f 4605/3095 4612/3097 4606/3098
f 4606/3098 6343/3098 4605/3095
f 6344/3099 6343/3098 4606/3098
f 4607/3099 6344/3099 4606/3098
f 6335/3100 6344/3099 4607/3099
f 4598/3100 6335/3100 4607/3099
f 4598/3100 4607/3099 4611/2408
f 4611/2408 4599/3089 4598/3100
f 4607/3099 4612/3097 4611/2408
f 4612/3097 6349/3097 4611/2408
f 6349/3097 6348/2408 4611/2408
f 6348/2408 6349/3097 6344/3099
f 6350/3096 6349/3097 4612/3097
f 6349/3097 6350/3096 6342/3095
f 6343/3098 6349/3097 6342/3095
f 6336/3089 6335/3100 4598/3100
f 6335/3100 6336/3089 6348/2408
f 6348/2408 6344/3099 6335/3100
f 6343/3098 6344/3099 6349/3097
f 4612/3097 4607/3099 4606/3098
f 4613/3096 6350/3096 4612/3097
f 6351/3101 6350/3096 4613/3096
f 4614/3101 6351/3101 4613/3096
f 4613/3096 4673/3102 4614/3101
f 4673/3102 4660/3103 4614/3101
f 4614/3101 4660/3103 4659/3104
f 4632/3105 4614/3101 4659/3104
f 4659/3104 4633/3106 4632/3105
f 4633/3106 6370/3106 4632/3105
f 6370/3106 6369/3105 4632/3105
f 4632/3105 6369/3105 4631/2413
f 4615/3107 4632/3105 4631/2413
f 4615/3107 4631/2413 4616/3108
f 4616/3108 6353/3108 4615/3107
f 6353/3108 6352/3107 4615/3107
f 4615/3107 6352/3107 4614/3101
f 6353/3108 6368/2413 6352/3107
f 6368/2413 6369/3105 6352/3107
f 6352/3107 6369/3105 6351/3101
f 6396/3104 6351/3101 6369/3105
f 6396/3104 6397/3103 6351/3101
f 6351/3101 6397/3103 6410/3102
f 6397/3103 6398/3109 6410/3102
f 6315/3110 6410/3102 6398/3109
f 6314/3111 6315/3110 6398/3109
f 6313/3112 6314/3111 6398/3109
f 6313/3112 6398/3109 6312/3113
f 6313/3112 6312/3113 4575/3113
f 4576/3112 6313/3112 4575/3113
f 4575/3113 4661/3109 4576/3112
f 4661/3109 4577/3111 4576/3112
f 4577/3111 6314/3111 4576/3112
f 4661/3109 4578/3110 4577/3111
f 4578/3110 6315/3110 4577/3111
f 6316/3114 6315/3110 4578/3110
f 4579/3114 6316/3114 4578/3110
f 4578/3110 4525/3115 4579/3114
f 4525/3115 4580/3116 4579/3114
f 4580/3116 6317/3116 4579/3114
f 6318/3117 6317/3116 4580/3116
f 4581/3117 6318/3117 4580/3116
f 4580/3116 4582/3118 4581/3117
f 4582/3118 6319/3118 4581/3117
f 6320/3119 6319/3118 4582/3118
f 4583/3119 6320/3119 4582/3118
f 4533/3120 4583/3119 4582/3118
f 4532/3121 4583/3119 4533/3120
f 4533/3120 6270/3120 4532/3121
f 6270/3120 6269/3121 4532/3121
f 4532/3121 6269/3121 4531/3122
f 4531/3122 4587/3123 4532/3121
f 4532/3121 4587/3123 4586/3124
f 4585/3125 4532/3121 4586/3124
f 4586/3124 6323/3124 4585/3125
f 6323/3124 6322/3125 4585/3125
f 4585/3125 6322/3125 4584/3126
f 6322/3125 6321/3126 4584/3126
f 4584/3126 6321/3126 4583/3119
f 6322/3125 6269/3121 6321/3126
f 6321/3126 6269/3121 6320/3119
f 6323/3124 6269/3121 6322/3125
f 6323/3124 6324/3123 6269/3121
f 6269/3121 6324/3123 6268/3122
f 6268/3122 6324/3123 6405/3127
f 6268/3122 6405/3127 6267/3128
f 6268/3122 6267/3128 4530/3128
f 4531/3122 6268/3122 4530/3128
f 4530/3128 4668/3127 4531/3122
f 4530/3128 4669/3129 4668/3127
f 4669/3129 6406/3129 4668/3127
f 6406/3129 6405/3127 4668/3127
f 4668/3127 6405/3127 4667/3130
f 4559/3131 4668/3127 4667/3130
f 4663/3132 4559/3131 4667/3130
f 4667/3130 4664/3133 4663/3132
f 4664/3133 6401/3133 4663/3132
f 6401/3133 6400/3132 4663/3132
f 4663/3132 6400/3132 4662/3134
f 4571/3135 4663/3132 4662/3134
f 4571/3135 4662/3134 4572/3136
f 4572/3136 6309/3136 4571/3135
f 6309/3136 6308/3135 4571/3135
f 4571/3135 6308/3135 4588/3137
f 6308/3135 6325/3137 4588/3137
f 4588/3137 6325/3137 4587/3123
f 4587/3123 4557/3138 4588/3137
f 4663/3132 4588/3137 4557/3138
f 4557/3138 4587/3123 4558/3139
f 4558/3139 6295/3139 4557/3138
f 6295/3139 6294/3138 4557/3138
f 4557/3138 6294/3138 4559/3131
f 6294/3138 6296/3131 4559/3131
f 4559/3131 6296/3131 4558/3139
f 6294/3138 6400/3132 6296/3131
f 6404/3130 6296/3131 6400/3132
f 6404/3130 6405/3127 6296/3131
f 6294/3138 6325/3137 6400/3132
f 6325/3137 6294/3138 6324/3123
f 6295/3139 6324/3123 6294/3138
f 6296/3131 6324/3123 6295/3139
f 6296/3131 6295/3139 4558/3139
f 4558/3139 4587/3123 4559/3131
f 6325/3137 6324/3123 4587/3123
f 6325/3137 6308/3135 6400/3132
f 6399/3134 6400/3132 6308/3135
f 6309/3136 6399/3134 6308/3135
f 6309/3136 6310/3140 6399/3134
f 6398/3109 6399/3134 6310/3140
f 6399/3134 6398/3109 4661/3109
f 4662/3134 6399/3134 4661/3109
f 4573/3140 4662/3134 4661/3109
f 4661/3109 6398/3109 4660/3103
f 6310/3140 6309/3136 4572/3136
f 4573/3140 6310/3140 4572/3136
f 6311/3141 6310/3140 4573/3140
f 4574/3141 6311/3141 4573/3140
f 4573/3140 4575/3113 4574/3141
f 6312/3113 6311/3141 4574/3141
f 6311/3141 6312/3113 6310/3140
f 4662/3134 4573/3140 4572/3136
f 4663/3132 4571/3135 4588/3137
f 6400/3132 6399/3134 4662/3134
f 6400/3132 6401/3133 6404/3130
f 6403/3142 6404/3130 6401/3133
f 6402/3143 6403/3142 6401/3133
f 6403/3142 6402/3143 4665/3143
f 4666/3142 6403/3142 4665/3143
f 4664/3133 4666/3142 4665/3143
f 4665/3143 6402/3143 4664/3133
f 6404/3130 6403/3142 4666/3142
f 4667/3130 6404/3130 4666/3142
f 6402/3143 6401/3133 4664/3133
f 4664/3133 4667/3130 4666/3142
f 4559/3131 4663/3132 4557/3138
f 4668/3127 4559/3131 4587/3123
f 6405/3127 6404/3130 4667/3130
f 6407/3144 6406/3129 4669/3129
f 4670/3144 6407/3144 4669/3129
f 4669/3129 4529/3145 4670/3144
f 4528/3146 4670/3144 4529/3145
f 4529/3145 6266/3145 4528/3146
f 6266/3145 6265/3146 4528/3146
f 4528/3146 6265/3146 4527/3147
f 4671/3148 4528/3146 4527/3147
f 4671/3148 4527/3147 4672/3149
f 4672/3149 6409/3149 4671/3148
f 6409/3149 6408/3148 4671/3148
f 4671/3148 6408/3148 4670/3144
f 6409/3149 6264/3147 6408/3148
f 6264/3147 6265/3146 6408/3148
f 6408/3148 6265/3146 6407/3144
f 6263/3150 6264/3147 6409/3149
f 6263/3150 6409/3149 6262/3115
f 6263/3150 6262/3115 4525/3115
f 4526/3150 6263/3150 4525/3115
f 4525/3115 4672/3149 4526/3150
f 4672/3149 4525/3115 4673/3102
f 4673/3102 6410/3102 4672/3149
f 6411/3151 6410/3102 4673/3102
f 4674/3151 6411/3151 4673/3102
f 6412/3093 6411/3151 4674/3151
f 4675/3093 6412/3093 4674/3151
f 6413/3152 6412/3093 4675/3093
f 4676/3152 6413/3152 4675/3093
f 4683/3153 4676/3152 4675/3093
f 4682/3154 4676/3152 4683/3153
f 4683/3153 6420/3153 4682/3154
f 6420/3153 6419/3154 4682/3154
f 4682/3154 6419/3154 4681/3155
f 4681/3155 4677/3156 4682/3154
f 4681/3155 4678/3157 4677/3156
f 4678/3157 6415/3157 4677/3156
f 6415/3157 6414/3156 4677/3156
f 4677/3156 6414/3156 4676/3152
f 6414/3156 6415/3157 6418/3155
f 6419/3154 6414/3156 6418/3155
f 6413/3152 6414/3156 6419/3154
f 6418/3155 6415/3157 6417/3158
f 6418/3155 6417/3158 4680/3158
f 4681/3155 6418/3155 4680/3158
f 4680/3158 6417/3158 4679/3159
f 4678/3157 4680/3158 4679/3159
f 4679/3159 6416/3159 4678/3157
f 6417/3158 6416/3159 4679/3159
f 6416/3159 6417/3158 6415/3157
f 6416/3159 6415/3157 4678/3157
f 4680/3158 4678/3157 4681/3155
f 6419/3154 6418/3155 4681/3155
f 6420/3153 6413/3152 6419/3154
f 6421/3092 6420/3153 4683/3153
f 4684/3092 6421/3092 4683/3153
f 6422/3160 6421/3092 4684/3092
f 4685/3160 6422/3160 4684/3092
f 6423/3161 6422/3160 4685/3160
f 4686/3161 6423/3161 4685/3160
f 4685/3160 4472/3053 4686/3161
f 6424/3052 6423/3161 4686/3161
f 4687/3052 6424/3052 4686/3161
f 6425/3051 6424/3052 4687/3052
f 6424/3052 6425/3051 6221/3050
f 6209/3053 6424/3052 6221/3050
f 6423/3161 6424/3052 6209/3053
f 6423/3161 6209/3053 6422/3160
f 6209/3053 6290/3055 6422/3160
f 6422/3160 6290/3055 6421/3092
f 6421/3092 6290/3055 6340/3091
f 6412/3093 6421/3092 6340/3091
f 6341/3094 6412/3093 6340/3091
f 6412/3093 6420/3153 6421/3092
f 4682/3154 4677/3156 4676/3152
f 6414/3156 6413/3152 4676/3152
f 6412/3093 6413/3152 6420/3153
f 6411/3151 6412/3093 6341/3094
f 6411/3151 6341/3094 6350/3096
f 6410/3102 6411/3151 6350/3096
f 4525/3115 6262/3115 4524/3162
f 6262/3115 6261/3162 4524/3162
f 4524/3162 6261/3162 4533/3120
f 4533/3120 4580/3116 4524/3162
f 6261/3162 6262/3115 6317/3116
f 6261/3162 6317/3116 6270/3120
f 6319/3118 6270/3120 6317/3116
f 6316/3114 6317/3116 6262/3115
f 6410/3102 6262/3115 6409/3149
f 6264/3147 6263/3150 4526/3150
f 4527/3147 6264/3147 4526/3150
f 6410/3102 6409/3149 4672/3149
f 4672/3149 4527/3147 4526/3150
f 6265/3146 6264/3147 4527/3147
f 6266/3145 6407/3144 6265/3146
f 6267/3128 6266/3145 4529/3145
f 6266/3145 6267/3128 6406/3129
f 4670/3144 4528/3146 4671/3148
f 6408/3148 6407/3144 4670/3144
f 6407/3144 6266/3145 6406/3129
f 4669/3129 4530/3128 4529/3145
f 4530/3128 6267/3128 4529/3145
f 6405/3127 6406/3129 6267/3128
f 6324/3123 6296/3131 6405/3127
f 6324/3123 6323/3124 4586/3124
f 4584/3126 4532/3121 4585/3125
f 4587/3123 6324/3123 4586/3124
f 4668/3127 4587/3123 4531/3122
f 6269/3121 6268/3122 4531/3122
f 6270/3120 6320/3119 6269/3121
f 6261/3162 6270/3120 4533/3120
f 4583/3119 4532/3121 4584/3126
f 6321/3126 6320/3119 4583/3119
f 6319/3118 6320/3119 6270/3120
f 4580/3116 4533/3120 4582/3118
f 6319/3118 6318/3117 4581/3117
f 6318/3117 6319/3118 6317/3116
f 4580/3116 4525/3115 4524/3162
f 4525/3115 4578/3110 4673/3102
f 6317/3116 6316/3114 4579/3114
f 6316/3114 6262/3115 6315/3110
f 4661/3109 4673/3102 4578/3110
f 4575/3113 4573/3140 4661/3109
f 4575/3113 6312/3113 4574/3141
f 6398/3109 6310/3140 6312/3113
f 6314/3111 6313/3112 4576/3112
f 6315/3110 6314/3111 4577/3111
f 6410/3102 6315/3110 6262/3115
f 6398/3109 6397/3103 4660/3103
f 6397/3103 6396/3104 4659/3104
f 4659/3104 6396/3104 4658/3163
f 4728/3164 4659/3104 4658/3163
f 4729/3165 4728/3164 4658/3163
f 4651/3166 4729/3165 4658/3163
f 4651/3166 4658/3163 4652/3167
f 4652/3167 6389/3167 4651/3166
f 6389/3167 6388/3166 4651/3166
f 4651/3166 6388/3166 4650/3168
f 6388/3166 6387/3168 4650/3168
f 4650/3168 6387/3168 4649/3169
f 4751/3170 4650/3168 4649/3169
f 4751/3170 4649/3169 4752/2440
f 4752/2440 6489/2440 4751/3170
f 6489/2440 6488/3170 4751/3170
f 4751/3170 6488/3170 4750/3171
f 4750/3171 4740/3172 4751/3170
f 4749/3173 4740/3172 4750/3171
f 4750/3171 6487/3171 4749/3173
f 6487/3171 6486/3173 4749/3173
f 4749/3173 6486/3173 4748/3174
f 4741/3175 4749/3173 4748/3174
f 4747/3176 4741/3175 4748/3174
f 4748/3174 6485/3174 4747/3176
f 6485/3174 6484/3176 4747/3176
f 4747/3176 6484/3176 4746/2430
f 4733/3177 4747/3176 4746/2430
f 4734/3178 4733/3177 4746/2430
f 4734/3178 6471/3178 4733/3177
f 6471/3178 6470/3177 4733/3177
f 4733/3177 6470/3177 4742/3179
f 6470/3177 6479/3179 4742/3179
f 4742/3179 6479/3179 4741/3175
f 6479/3179 6478/3175 4741/3175
f 4741/3175 6478/3175 4740/3172
f 6478/3175 6477/3172 4740/3172
f 4740/3172 6477/3172 4739/3180
f 4650/3168 4740/3172 4739/3180
f 4739/3180 4729/3165 4650/3168
f 4738/3181 4729/3165 4739/3180
f 4739/3180 6476/3180 4738/3181
f 6476/3180 6475/3181 4738/3181
f 4738/3181 6475/3181 4737/2427
f 4730/3182 4738/3181 4737/2427
f 4730/3182 4737/2427 4731/3183
f 4731/3183 6468/3183 4730/3182
f 6468/3183 6467/3182 4730/3182
f 4730/3182 6467/3182 4729/3165
f 6467/3182 6466/3165 4729/3165
f 6467/3182 6475/3181 6466/3165
f 6474/2427 6475/3181 6467/3182
f 6468/3183 6474/2427 6467/3182
f 6468/3183 6469/2425 6474/2427
f 6469/2425 6468/3183 4731/3183
f 4732/2425 6469/2425 4731/3183
f 6476/3180 6466/3165 6475/3181
f 6387/3168 6466/3165 6476/3180
f 6476/3180 6477/3172 6387/3168
f 6477/3172 6488/3170 6387/3168
f 6386/3169 6387/3168 6488/3170
f 6488/3170 6477/3172 6487/3171
f 4729/3165 4738/3181 4730/3182
f 6477/3172 6476/3180 4739/3180
f 6478/3175 6486/3173 6477/3172
f 6485/3174 6486/3173 6478/3175
f 6479/3179 6484/3176 6478/3175
f 6479/3179 6470/3177 6484/3176
f 6483/2430 6484/3176 6470/3177
f 6483/2430 6470/3177 6471/3178
f 6471/3178 6472/2428 6483/2430
f 6472/2428 6471/3178 4734/3178
f 4735/2428 6472/2428 4734/3178
f 4747/3176 4733/3177 4742/3179
f 6485/3174 6478/3175 6484/3176
f 4741/3175 4747/3176 4742/3179
f 6486/3173 6485/3174 4748/3174
f 6487/3171 6477/3172 6486/3173
f 4740/3172 4749/3173 4741/3175
f 6488/3170 6487/3171 4750/3171
f 6489/2440 6386/3169 6488/3170
f 6489/2440 6385/3184 6386/3169
f 6386/3169 6385/3184 4648/3184
f 4649/3169 6386/3169 4648/3184
f 4648/3184 6385/3184 4653/3185
f 4653/3185 5039/3186 4648/3184
f 4648/3184 5039/3186 5038/3187
f 4648/3184 5038/3187 4752/2440
f 4752/2440 5038/3187 5037/3188
f 5036/3189 4752/2440 5037/3188
f 5037/3188 6774/3188 5036/3189
f 6774/3188 6773/3189 5036/3189
f 5036/3189 6773/3189 5035/3190
f 6773/3189 6772/3190 5035/3190
f 5035/3190 6772/3190 5034/3191
f 5034/3191 4752/2440 5035/3190
f 6772/3190 6771/3191 5034/3191
f 5034/3191 6771/3191 5033/2441
f 6772/3190 6489/2440 6771/3191
f 6771/3191 6489/2440 6770/2441
f 6773/3189 6489/2440 6772/3190
f 6774/3188 6489/2440 6773/3189
f 6774/3188 6775/3187 6489/2440
f 6775/3187 6774/3188 5037/3188
f 5035/3190 4752/2440 5036/3189
f 5038/3187 6775/3187 5037/3188
f 6776/3186 6775/3187 5038/3187
f 6775/3187 6776/3186 6385/3184
f 6385/3184 6776/3186 6390/3185
f 6777/3192 6390/3185 6776/3186
f 6777/3192 6776/3186 5039/3186
f 5040/3192 6777/3192 5039/3186
f 6778/3193 6777/3192 5040/3192
f 5041/3193 6778/3193 5040/3192
f 5040/3192 5043/3194 5041/3193
f 5041/3193 5043/3194 5042/3195
f 5042/3195 6779/3195 5041/3193
f 6780/3194 6779/3195 5042/3195
f 6779/3195 6780/3194 6778/3193
f 5043/3194 6780/3194 5042/3195
f 6781/2945 6780/3194 5043/3194
f 5044/2945 6781/2945 5043/3194
f 6782/2944 6781/2945 5044/2945
f 6781/2945 6782/2944 7095/2941
f 6818/2946 6781/2945 7095/2941
f 6824/2947 6818/2946 7095/2941
f 6818/2946 6824/2947 5087/2947
f 5087/2947 6824/2947 5086/3196
f 5086/3196 5360/3197 5087/2947
f 5360/3197 5086/3196 5361/3198
f 5361/3198 7098/3198 5360/3197
f 7098/3198 7097/3197 5360/3197
f 5360/3197 7097/3197 5359/2948
f 7098/3198 6823/3196 7097/3197
f 6824/2947 7097/3197 6823/3196
f 6824/2947 7096/2948 7097/3197
f 7010/3199 6823/3196 7098/3198
f 6714/3200 7010/3199 7098/3198
f 6713/3201 6714/3200 7098/3198
f 6789/3202 6713/3201 7098/3198
f 6788/3203 6789/3202 7098/3198
f 7098/3198 7099/3204 6788/3203
f 6826/3205 6788/3203 7099/3204
f 6825/3206 6826/3205 7099/3204
f 6851/3207 6825/3206 7099/3204
f 6962/3208 6851/3207 7099/3204
f 6962/3208 7099/3204 6970/3209
f 6962/3208 6970/3209 5233/3209
f 5225/3208 6962/3208 5233/3209
f 5233/3209 5362/3204 5225/3208
f 5362/3204 5114/3207 5225/3208
f 5225/3208 5114/3207 5113/3210
f 5120/3211 5225/3208 5113/3210
f 5113/3210 6850/3210 5120/3211
f 6850/3210 6857/3211 5120/3211
f 5120/3211 6857/3211 5119/3212
f 5227/3213 5120/3211 5119/3212
f 5227/3213 5119/3212 5098/3214
f 5104/3215 5227/3213 5098/3214
f 5098/3214 6835/3214 5104/3215
f 6835/3214 6841/3215 5104/3215
f 5104/3215 6841/3215 5103/3216
f 5103/3216 5228/3217 5104/3215
f 5228/3217 5103/3216 5107/3218
f 5228/3217 5107/3218 5106/3219
f 5106/3219 5229/3220 5228/3217
f 5229/3220 6966/3220 5228/3217
f 6966/3220 6965/3217 5228/3217
f 5228/3217 6965/3217 5227/3213
f 6965/3217 6964/3213 5227/3213
f 5227/3213 6964/3213 5226/3221
f 6964/3213 6963/3221 5226/3221
f 5226/3221 6963/3221 5225/3208
f 6963/3221 6964/3213 6857/3211
f 6963/3221 6857/3211 6962/3208
f 6856/3212 6857/3211 6964/3213
f 6835/3214 6856/3212 6964/3213
f 6856/3212 6835/3214 6855/3222
f 6856/3212 6855/3222 5118/3222
f 5119/3212 6856/3212 5118/3222
f 5118/3222 6855/3222 5117/3223
f 5099/3224 5118/3222 5117/3223
f 5117/3223 5100/3225 5099/3224
f 5100/3225 6837/3225 5099/3224
f 6837/3225 6836/3224 5099/3224
f 5099/3224 6836/3224 5098/3214
f 6836/3224 6837/3225 6854/3223
f 6854/3223 6855/3222 6836/3224
f 6834/3226 6854/3223 6837/3225
f 6834/3226 6837/3225 6833/3227
f 6834/3226 6833/3227 5096/3227
f 5097/3226 6834/3226 5096/3227
f 5096/3227 5100/3225 5097/3226
f 5100/3225 5096/3227 5101/3228
f 5101/3228 6838/3228 5100/3225
f 6839/3229 6838/3228 5101/3228
f 5102/3229 6839/3229 5101/3228
f 6840/3216 6839/3229 5102/3229
f 5103/3216 6840/3216 5102/3229
f 5095/3230 5103/3216 5102/3229
f 5095/3230 5102/3229 5096/3227
f 5094/3231 5103/3216 5095/3230
f 5095/3230 6832/3230 5094/3231
f 6832/3230 6831/3231 5094/3231
f 5094/3231 6831/3231 5093/3232
f 5093/3232 5273/3199 5094/3231
f 5094/3231 5273/3199 5109/3233
f 5094/3231 5109/3233 5108/3234
f 5109/3233 6846/3233 5108/3234
f 6846/3233 6845/3234 5108/3234
f 5108/3234 6845/3234 5107/3218
f 6845/3234 6844/3218 5107/3218
f 6844/3218 6845/3234 6840/3216
f 6844/3218 6840/3216 6965/3217
f 6843/3219 6844/3218 6965/3217
f 6844/3218 6843/3219 5106/3219
f 5106/3219 6843/3219 5105/3235
f 6843/3219 6842/3235 5105/3235
f 5105/3235 6842/3235 5112/3236
f 5229/3220 5105/3235 5112/3236
f 5229/3220 5112/3236 5111/3237
f 5229/3220 5111/3237 5110/3238
f 5110/3238 5271/3239 5229/3220
f 5229/3220 5271/3239 5257/3240
f 5229/3220 5257/3240 5256/3241
f 5229/3220 5256/3241 5255/3242
f 5240/3243 5229/3220 5255/3242
f 5240/3243 5255/3242 5254/3244
f 5240/3243 5254/3244 5241/3245
f 5241/3245 6978/3245 5240/3243
f 6978/3245 6977/3243 5240/3243
f 5240/3243 6977/3243 5239/3246
f 6977/3243 6976/3246 5239/3246
f 5239/3246 6976/3246 5238/3247
f 5238/3247 5229/3220 5239/3246
f 5229/3220 5238/3247 5230/3248
f 5230/3248 6967/3248 5229/3220
f 6968/3249 6967/3248 5230/3248
f 5231/3249 6968/3249 5230/3248
f 5230/3248 5224/3250 5231/3249
f 5231/3249 5224/3250 5223/3251
f 5231/3249 5223/3251 5232/3252
f 5232/3252 6969/3252 5231/3249
f 6970/3209 6969/3252 5232/3252
f 6970/3209 7017/3253 6969/3252
f 7018/3254 6969/3252 7017/3253
f 7018/3254 7017/3253 5280/3253
f 5281/3254 7018/3254 5280/3253
f 5280/3253 5232/3252 5281/3254
f 5232/3252 5235/3255 5281/3254
f 5235/3255 5282/3256 5281/3254
f 5282/3256 7019/3256 5281/3254
f 7020/3257 7019/3256 5282/3256
f 5283/3257 7020/3257 5282/3256
f 5234/3258 5283/3257 5282/3256
f 5241/3245 5283/3257 5234/3258
f 5234/3258 6971/3258 5241/3245
f 6972/3255 6971/3258 5234/3258
f 5235/3255 6972/3255 5234/3258
f 6973/3259 6972/3255 5235/3255
f 5236/3259 6973/3259 5235/3255
f 6974/3260 6973/3259 5236/3259
f 5237/3260 6974/3260 5236/3259
f 5236/3259 5223/3251 5237/3260
f 5223/3251 5222/3261 5237/3260
f 5222/3261 5238/3247 5237/3260
f 5238/3247 6975/3247 5237/3260
f 5238/3247 5222/3261 5224/3250
f 5222/3261 6959/3261 5224/3250
f 6959/3261 6961/3250 5224/3250
f 6961/3250 6959/3261 6975/3247
f 6967/3248 6961/3250 6975/3247
f 6967/3248 6975/3247 6966/3220
f 6976/3246 6966/3220 6975/3247
f 6974/3260 6975/3247 6959/3261
f 6974/3260 6959/3261 6960/3251
f 6960/3251 6959/3261 5222/3261
f 5223/3251 6960/3251 5222/3261
f 6961/3250 6960/3251 5223/3251
f 6960/3251 6961/3250 6968/3249
f 6969/3252 6960/3251 6968/3249
f 6969/3252 6973/3259 6960/3251
f 6975/3247 6974/3260 5237/3260
f 6974/3260 6960/3251 6973/3259
f 6973/3259 6969/3252 6972/3255
f 6972/3255 7019/3256 6971/3258
f 7018/3254 7019/3256 6972/3255
f 5283/3257 5241/3245 5284/3262
f 5284/3262 7021/3262 5283/3257
f 7022/3263 7021/3262 5284/3262
f 5285/3263 7022/3263 5284/3262
f 5303/3264 5285/3263 5284/3262
f 5303/3264 5284/3262 5267/3265
f 5269/3266 5303/3264 5267/3265
f 5267/3265 7004/3265 5269/3266
f 7004/3265 7006/3266 5269/3266
f 5269/3266 7006/3266 5268/3267
f 5268/3267 5241/3245 5269/3266
f 5304/3268 5269/3266 5241/3245
f 5304/3268 5241/3245 5253/3269
f 5304/3268 5253/3269 5252/3270
f 5259/3271 5304/3268 5252/3270
f 5252/3270 6989/3270 5259/3271
f 6989/3270 6996/3271 5259/3271
f 5259/3271 6996/3271 5258/3272
f 5305/3273 5259/3271 5258/3272
f 5305/3273 5258/3272 5257/3240
f 5258/3272 6995/3272 5257/3240
f 6995/3272 6994/3240 5257/3240
f 6994/3240 6995/3272 7042/3273
f 7042/3273 7008/3239 6994/3240
f 6994/3240 7008/3239 6966/3220
f 6993/3241 6994/3240 6966/3220
f 6992/3242 6993/3241 6966/3220
f 6992/3242 6966/3220 6977/3243
f 6991/3244 6992/3242 6977/3243
f 6992/3242 6991/3244 5254/3244
f 5254/3244 6991/3244 5253/3269
f 6991/3244 6990/3269 5253/3269
f 6991/3244 6978/3245 6990/3269
f 6990/3269 6978/3245 7041/3268
f 6989/3270 6990/3269 7041/3268
f 6978/3245 7006/3266 7041/3268
f 7040/3264 7041/3268 7006/3266
f 7041/3268 7040/3264 5303/3264
f 5304/3268 7041/3268 5303/3264
f 7042/3273 7041/3268 5304/3268
f 5305/3273 7042/3273 5304/3268
f 7043/3274 7042/3273 5305/3273
f 5306/3274 7043/3274 5305/3273
f 5305/3273 5271/3239 5306/3274
f 5270/3275 5306/3274 5271/3239
f 5271/3239 7008/3239 5270/3275
f 7008/3239 7007/3275 5270/3275
f 5270/3275 7007/3275 5277/2341
f 7007/3275 7014/2341 5277/2341
f 5277/2341 7014/2341 5276/2950
f 7007/3275 7043/3274 7014/2341
f 7043/3274 7063/3276 7014/2341
f 7063/3276 7064/3277 7014/2341
f 7064/3277 7063/3276 5326/3276
f 5327/3277 7064/3277 5326/3276
f 5277/2341 5327/3277 5326/3276
f 5277/2341 5326/3276 5306/3274
f 5325/3278 5306/3274 5326/3276
f 5306/3274 5325/3278 5307/3279
f 5307/3279 7044/3279 5306/3274
f 7045/3280 7044/3279 5307/3279
f 5308/3280 7045/3280 5307/3279
f 5307/3279 5324/3281 5308/3280
f 5308/3280 5324/3281 5323/3282
f 5322/3283 5308/3280 5323/3282
f 5323/3282 7060/3282 5322/3283
f 7060/3282 7059/3283 5322/3283
f 5322/3283 7059/3283 5321/3284
f 5321/3284 5309/3285 5322/3283
f 5321/3284 5310/3286 5309/3285
f 5310/3286 7047/3286 5309/3285
f 7047/3286 7046/3285 5309/3285
f 5309/3285 7046/3285 5308/3280
f 7046/3285 7047/3286 7058/3284
f 7059/3283 7046/3285 7058/3284
f 7046/3285 7059/3283 7045/3280
f 7047/3286 7038/3287 7058/3284
f 7038/3287 7100/2340 7058/3284
f 7058/3284 7100/2340 7057/3288
f 7058/3284 7057/3288 5320/3288
f 5321/3284 7058/3284 5320/3288
f 5320/3288 5363/2340 5321/3284
f 5321/3284 5363/2340 5301/3287
f 5301/3287 5363/2340 5279/3289
f 5278/3290 5301/3287 5279/3289
f 5279/3289 7016/3289 5278/3290
f 7016/3289 7015/3290 5278/3290
f 5278/3290 7015/3290 5285/3263
f 7016/3289 7038/3287 7015/3290
f 7039/3291 7015/3290 7038/3287
f 7039/3291 7038/3287 5301/3287
f 5302/3291 7039/3291 5301/3287
f 7040/3264 7039/3291 5302/3291
f 5301/3287 7038/3287 5310/3286
f 7039/3291 7040/3264 7015/3290
f 7022/3263 7015/3290 7040/3264
f 7017/3253 7016/3289 5279/3289
f 5301/3287 5278/3290 5302/3291
f 5278/3290 5303/3264 5302/3291
f 5279/3289 5363/2340 5233/3209
f 5279/3289 5233/3209 5280/3253
f 5327/3277 5363/2340 5320/3288
f 5320/3288 7057/3288 5327/3277
f 7057/3288 7100/2340 7064/3277
f 7016/3289 7100/2340 7038/3287
f 6970/3209 7100/2340 7016/3289
f 7038/3287 7047/3286 5310/3286
f 5321/3284 5301/3287 5310/3286
f 7059/3283 7058/3284 5321/3284
f 7060/3282 7045/3280 7059/3283
f 7060/3282 7061/3281 7045/3280
f 7061/3281 7060/3282 5323/3282
f 5308/3280 5322/3283 5309/3285
f 5324/3281 7061/3281 5323/3282
f 7062/3278 7061/3281 5324/3281
f 5325/3278 7062/3278 5324/3281
f 7063/3276 7062/3278 5325/3278
f 7061/3281 7062/3278 7044/3279
f 7044/3279 7062/3278 7043/3274
f 7046/3285 7045/3280 5308/3280
f 7045/3280 7061/3281 7044/3279
f 5307/3279 5325/3278 5324/3281
f 7057/3288 7064/3277 5327/3277
f 5326/3276 7063/3276 5325/3278
f 7063/3276 7043/3274 7062/3278
f 7008/3239 7043/3274 7007/3275
f 7009/3292 7008/3239 5271/3239
f 5272/3292 7009/3292 5271/3239
f 7010/3199 7009/3292 5272/3292
f 5273/3199 7010/3199 5272/3292
f 7011/3293 7010/3199 5273/3199
f 5274/3293 7011/3293 5273/3199
f 5273/3199 5086/3196 5274/3293
f 5274/3293 5086/3196 5275/3294
f 5275/3294 7012/3294 5274/3293
f 7013/2950 7012/3294 5275/3294
f 5276/2950 7013/2950 5275/3294
f 7012/3294 7013/2950 6823/3196
f 7012/3294 6823/3196 7011/3293
f 6822/2959 6823/3196 7013/2950
f 6925/2957 6822/2959 7013/2950
f 6823/3196 6822/2959 5085/2959
f 5086/3196 6823/3196 5085/2959
f 5276/2950 5086/3196 5085/2959
f 5085/2959 6822/2959 5084/3295
f 4998/3296 5085/2959 5084/3295
f 4998/3296 5084/3295 4999/3297
f 4999/3297 6736/3297 4998/3296
f 6736/3297 6735/3296 4998/3296
f 4998/3296 6735/3296 4997/3298
f 6735/3296 6734/3298 4997/3298
f 4997/3298 6734/3298 4996/3299
f 4996/3299 4716/2960 4997/3298
f 4716/2960 4996/3299 4717/3300
f 4717/3300 6454/3300 4716/2960
f 6454/3300 6453/2960 4716/2960
f 4716/2960 6453/2960 4715/2964
f 6454/3300 6733/3299 6453/2960
f 6734/3298 6453/2960 6733/3299
f 6822/2959 6453/2960 6734/3298
f 6926/2958 6453/2960 6822/2959
f 6927/2961 6453/2960 6926/2958
f 6732/3301 6733/3299 6454/3300
f 6455/3302 6732/3301 6454/3300
f 6731/3303 6732/3301 6455/3302
f 6456/3304 6731/3303 6455/3302
f 6456/3304 6455/3302 4718/3302
f 4719/3304 6456/3304 4718/3302
f 4718/3302 4994/3303 4719/3304
f 4719/3304 4994/3303 4993/3305
f 4719/3304 4993/3305 4720/3306
f 4720/3306 6457/3306 4719/3304
f 6391/3307 6457/3306 4720/3306
f 4654/3307 6391/3307 4720/3306
f 6392/3308 6391/3307 4654/3307
f 4655/3308 6392/3308 4654/3307
f 4654/3307 4842/3309 4655/3308
f 4655/3308 4842/3309 4841/3310
f 4655/3308 4841/3310 4656/3311
f 4656/3311 6393/3311 4655/3308
f 6394/3312 6393/3311 4656/3311
f 4657/3312 6394/3312 4656/3311
f 4656/3311 4653/3185 4657/3312
f 4653/3185 4658/3163 4657/3312
f 4658/3163 6395/3163 4657/3312
f 4653/3185 4656/3311 4840/3313
f 4653/3185 4840/3313 4839/3314
f 4838/3315 4653/3185 4839/3314
f 4839/3314 6576/3314 4838/3315
f 6576/3314 6575/3315 4838/3315
f 4838/3315 6575/3315 4837/3316
f 6575/3315 6574/3316 4837/3316
f 4837/3316 6574/3316 4836/3317
f 4836/3317 4653/3185 4837/3316
f 5040/3192 4653/3185 4836/3317
f 5040/3192 4836/3317 4835/3318
f 5040/3192 4835/3318 5083/3319
f 5082/3320 5040/3192 5083/3319
f 5083/3319 6820/3319 5082/3320
f 6820/3319 6819/3320 5082/3320
f 5082/3320 6819/3320 5081/2946
f 6819/3320 6818/2946 5081/2946
f 6819/3320 6777/3192 6818/2946
f 6820/3319 6777/3192 6819/3320
f 6820/3319 6572/3318 6777/3192
f 6572/3318 6573/3317 6777/3192
f 6573/3317 6572/3318 4835/3318
f 4835/3318 6572/3318 4834/3321
f 4988/3322 4835/3318 4834/3321
f 4988/3322 4834/3321 4831/3323
f 4830/3324 4988/3322 4831/3323
f 4831/3323 6568/3323 4830/3324
f 6568/3323 6567/3324 4830/3324
f 4830/3324 6567/3324 4850/3325
f 4850/3325 4990/3326 4830/3324
f 4990/3326 4850/3325 4991/3327
f 4991/3327 6728/3327 4990/3326
f 6728/3327 6727/3326 4990/3326
f 4990/3326 6727/3326 4989/3328
f 4990/3326 4989/3328 4988/3322
f 4989/3328 6726/3328 4988/3322
f 6726/3328 6725/3322 4988/3322
f 4988/3322 6725/3322 5006/3329
f 4988/3322 5006/3329 5083/3319
f 5006/3329 5084/3295 5083/3319
f 5084/3295 6821/3295 5083/3319
f 5084/3295 5006/3329 5005/3330
f 5084/3295 5005/3330 5004/3331
f 5084/3295 5004/3331 5003/3332
f 5084/3295 5003/3332 5002/3333
f 5084/3295 5002/3333 5001/3334
f 5084/3295 5001/3334 5000/3335
f 5001/3334 6738/3334 5000/3335
f 6738/3334 6737/3335 5000/3335
f 5000/3335 6737/3335 4999/3297
f 6737/3335 6738/3334 6821/3295
f 6736/3297 6737/3335 6821/3295
f 6738/3334 6739/3333 6821/3295
f 6739/3333 6740/3332 6821/3295
f 6740/3332 6741/3331 6821/3295
f 6741/3331 6742/3330 6821/3295
f 6742/3330 6743/3329 6821/3295
f 6820/3319 6821/3295 6743/3329
f 6820/3319 6743/3329 6725/3322
f 6743/3329 6742/3330 5005/3330
f 6742/3330 6741/3331 5004/3331
f 6741/3331 6740/3332 5003/3332
f 6740/3332 6739/3333 5002/3333
f 6739/3333 6738/3334 5001/3334
f 5002/3333 6739/3333 5001/3334
f 5003/3332 6740/3332 5002/3333
f 5004/3331 6741/3331 5003/3332
f 5005/3330 6742/3330 5004/3331
f 5006/3329 6743/3329 5005/3330
f 6725/3322 6743/3329 5006/3329
f 6725/3322 6726/3328 6727/3326
f 6725/3322 6727/3326 6567/3324
f 6567/3324 6727/3326 6587/3325
f 6727/3326 6726/3328 4989/3328
f 6728/3327 6587/3325 6727/3326
f 6728/3327 6586/3336 6587/3325
f 6587/3325 6586/3336 4849/3336
f 4850/3325 6587/3325 4849/3336
f 4849/3336 6586/3336 4848/3337
f 4992/3338 4849/3336 4848/3337
f 4847/3339 4992/3338 4848/3337
f 4848/3337 6585/3337 4847/3339
f 6585/3337 6584/3339 4847/3339
f 4847/3339 6584/3339 4846/3340
f 4993/3305 4847/3339 4846/3340
f 4993/3305 4846/3340 4845/3341
f 4993/3305 4845/3341 4843/3342
f 4993/3305 4843/3342 4842/3309
f 4843/3342 6580/3342 4842/3309
f 6580/3342 6579/3309 4842/3309
f 6579/3309 6580/3342 6730/3305
f 6391/3307 6579/3309 6730/3305
f 6580/3342 6582/3341 6730/3305
f 6582/3341 6583/3340 6730/3305
f 6583/3340 6584/3339 6730/3305
f 6729/3338 6730/3305 6584/3339
f 6730/3305 6729/3338 4992/3338
f 4993/3305 6730/3305 4992/3338
f 6731/3303 6730/3305 4993/3305
f 4992/3338 6729/3338 4991/3327
f 6583/3340 6582/3341 4845/3341
f 4845/3341 6582/3341 4844/3343
f 6582/3341 6581/3343 4844/3343
f 4844/3343 6581/3343 4843/3342
f 6581/3343 6582/3341 6580/3342
f 6581/3343 6580/3342 4843/3342
f 4843/3342 4845/3341 4844/3343
f 4846/3340 6583/3340 4845/3341
f 6584/3339 6583/3340 4846/3340
f 6585/3337 6729/3338 6584/3339
f 6585/3337 6586/3336 6729/3338
f 4847/3339 4993/3305 4992/3338
f 4849/3336 4992/3338 4991/3327
f 6586/3336 6585/3337 4848/3337
f 6728/3327 6729/3338 6586/3336
f 6729/3338 6728/3327 4991/3327
f 4850/3325 4849/3336 4991/3327
f 6567/3324 6587/3325 4850/3325
f 6568/3323 6725/3322 6567/3324
f 6568/3323 6571/3321 6725/3322
f 6571/3321 6572/3318 6725/3322
f 6571/3321 6568/3323 6569/3344
f 6571/3321 6569/3344 6570/3345
f 6571/3321 6570/3345 4833/3345
f 4834/3321 6571/3321 4833/3345
f 4833/3345 4832/3344 4834/3321
f 4833/3345 6570/3345 4832/3344
f 6570/3345 6569/3344 4832/3344
f 4832/3344 6569/3344 4831/3323
f 6569/3344 6568/3323 4831/3323
f 4830/3324 4990/3326 4988/3322
f 4832/3344 4831/3323 4834/3321
f 6572/3318 6571/3321 4834/3321
f 6820/3319 6725/3322 6572/3318
f 6821/3295 6820/3319 5083/3319
f 5081/2946 5040/3192 5082/3320
f 4835/3318 4988/3322 5083/3319
f 4836/3317 6573/3317 4835/3318
f 6574/3316 6573/3317 4836/3317
f 6574/3316 6390/3185 6573/3317
f 6575/3315 6390/3185 6574/3316
f 6576/3314 6390/3185 6575/3315
f 6576/3314 6577/3313 6390/3185
f 6577/3313 6393/3311 6390/3185
f 6577/3313 6578/3310 6393/3311
f 6393/3311 6578/3310 6392/3308
f 6578/3310 6579/3309 6392/3308
f 6579/3309 6578/3310 4841/3310
f 4841/3310 6578/3310 4840/3313
f 6578/3310 6577/3313 4840/3313
f 6577/3313 6576/3314 4839/3314
f 4837/3316 4653/3185 4838/3315
f 4840/3313 6577/3313 4839/3314
f 6395/3163 6394/3312 4657/3312
f 6394/3312 6395/3163 6390/3185
f 6389/3167 6390/3185 6395/3163
f 6394/3312 6390/3185 6393/3311
f 4656/3311 4841/3310 4840/3313
f 4842/3309 6579/3309 4841/3310
f 4993/3305 4842/3309 4654/3307
f 6393/3311 6392/3308 4655/3308
f 6392/3308 6579/3309 6391/3307
f 6457/3306 6391/3307 6730/3305
f 6457/3306 6730/3305 6456/3304
f 4993/3305 4654/3307 4720/3306
f 4994/3303 6731/3303 4993/3305
f 4718/3302 4995/3301 4994/3303
f 4995/3301 6732/3301 4994/3303
f 4717/3300 4995/3301 4718/3302
f 6457/3306 6456/3304 4719/3304
f 4718/3302 6455/3302 4717/3300
f 6730/3305 6731/3303 6456/3304
f 6732/3301 6731/3303 4994/3303
f 6733/3299 6732/3301 4995/3301
f 4996/3299 6733/3299 4995/3301
f 6455/3302 6454/3300 4717/3300
f 4717/3300 4996/3299 4995/3301
f 6734/3298 6733/3299 4996/3299
f 6734/3298 6735/3296 6822/2959
f 6821/3295 6822/2959 6735/3296
f 6736/3297 6821/3295 6735/3296
f 6737/3335 6736/3297 4999/3297
f 5084/3295 5000/3335 4999/3297
f 5085/2959 4998/3296 4997/3298
f 6822/2959 6821/3295 5084/3295
f 5086/3196 5276/2950 5275/3294
f 7012/3294 7011/3293 5274/3293
f 6846/3233 7009/3292 7010/3199
f 6846/3233 7010/3199 6831/3231
f 6831/3231 7010/3199 6830/3232
f 6830/3232 7010/3199 6723/3346
f 6723/3346 6724/3347 6830/3232
f 6724/3347 6718/3348 6830/3232
f 6718/3348 6719/3349 6830/3232
f 6829/3350 6830/3232 6719/3349
f 6829/3350 6719/3349 6716/3351
f 6717/3352 6829/3350 6716/3351
f 6717/3352 6716/3351 4979/3351
f 4980/3352 6717/3352 4979/3351
f 4979/3351 5092/3350 4980/3352
f 5092/3350 5025/3353 4980/3352
f 5024/3354 4980/3352 5025/3353
f 5025/3353 6762/3353 5024/3354
f 6762/3353 6761/3354 5024/3354
f 5024/3354 6761/3354 5023/3355
f 6761/3354 6760/3355 5023/3355
f 5023/3355 6760/3355 5025/3353
f 5025/3353 5091/3356 5023/3355
f 5091/3356 4974/3357 5023/3355
f 4980/3352 5023/3355 4974/3357
f 4974/3357 6711/3357 4980/3352
f 6712/3358 6711/3357 4974/3357
f 4975/3358 6712/3358 4974/3357
f 4974/3357 5055/3359 4975/3358
f 4975/3358 5055/3359 5054/3360
f 5054/3360 4976/3201 4975/3358
f 4976/3201 6713/3201 4975/3358
f 5053/3361 4976/3201 5054/3360
f 5054/3360 6791/3360 5053/3361
f 6791/3360 6790/3361 5053/3361
f 5053/3361 6790/3361 5052/3202
f 6790/3361 6789/3202 5052/3202
f 5052/3202 6789/3202 5051/3203
f 5361/3198 5052/3202 5051/3203
f 5051/3203 5362/3204 5361/3198
f 5362/3204 7099/3204 5361/3198
f 7100/2340 7099/3204 5362/3204
f 5363/2340 7100/2340 5362/3204
f 5362/3204 5051/3203 5089/3205
f 5362/3204 5089/3205 5088/3206
f 5089/3205 6826/3205 5088/3206
f 6827/3362 6826/3205 5089/3205
f 5090/3362 6827/3362 5089/3205
f 5089/3205 5050/3363 5090/3362
f 5057/3364 5090/3362 5050/3363
f 5050/3363 6787/3363 5057/3364
f 6787/3363 6794/3364 5057/3364
f 5057/3364 6794/3364 5056/3365
f 5091/3356 5057/3364 5056/3365
f 5091/3356 5056/3365 5055/3359
f 5056/3365 6793/3365 5055/3359
f 6793/3365 6792/3359 5055/3359
f 6792/3359 6793/3365 6828/3356
f 6711/3357 6792/3359 6828/3356
f 6760/3355 6711/3357 6828/3356
f 6760/3355 6828/3356 6762/3353
f 6828/3356 6829/3350 6762/3353
f 6829/3350 6828/3356 5091/3356
f 5092/3350 6829/3350 5091/3356
f 5091/3356 6828/3356 5090/3362
f 6711/3357 6760/3355 6717/3352
f 6793/3365 6794/3364 6828/3356
f 6827/3362 6828/3356 6794/3364
f 6794/3364 6793/3365 5056/3365
f 6787/3363 6827/3362 6794/3364
f 6788/3203 6787/3363 5050/3363
f 5051/3203 6788/3203 5050/3363
f 5057/3364 5091/3356 5090/3362
f 6828/3356 6827/3362 5090/3362
f 6827/3362 6787/3363 6826/3205
f 5089/3205 5051/3203 5050/3363
f 5361/3198 4976/3201 5052/3202
f 5361/3198 4977/3200 4976/3201
f 4977/3200 6714/3200 4976/3201
f 6715/3366 6714/3200 4977/3200
f 4978/3366 6715/3366 4977/3200
f 4977/3200 5273/3199 4978/3366
f 4978/3366 5273/3199 4979/3351
f 4979/3351 5273/3199 4983/3367
f 4982/3349 4979/3351 4983/3367
f 4983/3367 6720/3367 4982/3349
f 6720/3367 6719/3349 4982/3349
f 4982/3349 6719/3349 4981/3348
f 5093/3232 4982/3349 4981/3348
f 5093/3232 4981/3348 4987/3347
f 5093/3232 4987/3347 4986/3346
f 4987/3347 6724/3347 4986/3346
f 4981/3348 6718/3348 4987/3347
f 4982/3349 5093/3232 5092/3350
f 5093/3232 6830/3232 5092/3350
f 6721/3368 6720/3367 4983/3367
f 4984/3368 6721/3368 4983/3367
f 6722/3369 6721/3368 4984/3368
f 4985/3369 6722/3369 4984/3368
f 4984/3368 5273/3199 4985/3369
f 4985/3369 5273/3199 4986/3346
f 4986/3346 6723/3346 4985/3369
f 6723/3346 6722/3369 4985/3369
f 6722/3369 7010/3199 6721/3368
f 6721/3368 7010/3199 6720/3367
f 6720/3367 7010/3199 6716/3351
f 6716/3351 7010/3199 6715/3366
f 4983/3367 5273/3199 4984/3368
f 6716/3351 6715/3366 4978/3366
f 5361/3198 5273/3199 4977/3200
f 6791/3360 6713/3201 6790/3361
f 6712/3358 6713/3201 6791/3360
f 6791/3360 6792/3359 6712/3358
f 6792/3359 6791/3360 5054/3360
f 5052/3202 4976/3201 5053/3361
f 5055/3359 6792/3359 5054/3360
f 6713/3201 6712/3358 4975/3358
f 6712/3358 6792/3359 6711/3357
f 5091/3356 5055/3359 4974/3357
f 6761/3354 6717/3352 6760/3355
f 6762/3353 6717/3352 6761/3354
f 6760/3355 6762/3353 5025/3353
f 5023/3355 4980/3352 5024/3354
f 5025/3353 5092/3350 5091/3356
f 4979/3351 4982/3349 5092/3350
f 6711/3357 6717/3352 4980/3352
f 4979/3351 6716/3351 4978/3366
f 6717/3352 6762/3353 6829/3350
f 6720/3367 6716/3351 6719/3349
f 6830/3232 6829/3350 5092/3350
f 6719/3349 6718/3348 4981/3348
f 6718/3348 6724/3347 4987/3347
f 6724/3347 6723/3346 4986/3346
f 6723/3346 7010/3199 6722/3369
f 6846/3233 6847/3238 7009/3292
f 7009/3292 6847/3238 7008/3239
f 5277/2341 5306/3274 5270/3275
f 7044/3279 7043/3274 5306/3274
f 7041/3268 7042/3273 6996/3271
f 5303/3264 7040/3264 5302/3291
f 7006/3266 6978/3245 7005/3267
f 7005/3267 6978/3245 7004/3265
f 7004/3265 6978/3245 7021/3262
f 7004/3265 7021/3262 7040/3264
f 7021/3262 6978/3245 7020/3257
f 6971/3258 7020/3257 6978/3245
f 6993/3241 6992/3242 5255/3242
f 6994/3240 6993/3241 5256/3241
f 6966/3220 7008/3239 6847/3238
f 6847/3238 6848/3237 6966/3220
f 6848/3237 6849/3236 6966/3220
f 6849/3236 6842/3235 6966/3220
f 6849/3236 6848/3237 5111/3237
f 6848/3237 6847/3238 5110/3238
f 5110/3238 6847/3238 5109/3233
f 5272/3292 5110/3238 5109/3233
f 7043/3274 7008/3239 7042/3273
f 6995/3272 6996/3271 7042/3273
f 6996/3271 6995/3272 5258/3272
f 6989/3270 7041/3268 6996/3271
f 6990/3269 6989/3270 5252/3270
f 5259/3271 5305/3273 5304/3268
f 5253/3269 6990/3269 5252/3270
f 5267/3265 5241/3245 5268/3267
f 5268/3267 7005/3267 5267/3265
f 7006/3266 7005/3267 5268/3267
f 7004/3265 7040/3264 7006/3266
f 7005/3267 7004/3265 5267/3265
f 5269/3266 5304/3268 5303/3264
f 5303/3264 5278/3290 5285/3263
f 7015/3290 7022/3263 5285/3263
f 7021/3262 7022/3263 7040/3264
f 5284/3262 5241/3245 5267/3265
f 7021/3262 7020/3257 5283/3257
f 7019/3256 7020/3257 6971/3258
f 5234/3258 5282/3256 5235/3255
f 5235/3255 5232/3252 5236/3259
f 5232/3252 5280/3253 5233/3209
f 7019/3256 7018/3254 5281/3254
f 5280/3253 7017/3253 5279/3289
f 7018/3254 6972/3255 6969/3252
f 7017/3253 6970/3209 7016/3289
f 5223/3251 5236/3259 5232/3252
f 5224/3250 6961/3250 5223/3251
f 6969/3252 6968/3249 5231/3249
f 6968/3249 6961/3250 6967/3248
f 5238/3247 5224/3250 5230/3248
f 6976/3246 6975/3247 5238/3247
f 6977/3243 6966/3220 6976/3246
f 6978/3245 6991/3244 6977/3243
f 6971/3258 6978/3245 5241/3245
f 5253/3269 5241/3245 5254/3244
f 5255/3242 6992/3242 5254/3244
f 5239/3246 5229/3220 5240/3243
f 5256/3241 6993/3241 5255/3242
f 5257/3240 6994/3240 5256/3241
f 5257/3240 5271/3239 5305/3273
f 5271/3239 5110/3238 5272/3292
f 5111/3237 6848/3237 5110/3238
f 5112/3236 6849/3236 5111/3237
f 6842/3235 6849/3236 5112/3236
f 6842/3235 6843/3219 6966/3220
f 6841/3215 6965/3217 6840/3216
f 6845/3234 6831/3231 6840/3216
f 6845/3234 6846/3233 6831/3231
f 6847/3238 6846/3233 5109/3233
f 5273/3199 5272/3292 5109/3233
f 4986/3346 5273/3199 5093/3232
f 6831/3231 6830/3232 5093/3232
f 6832/3230 6840/3216 6831/3231
f 6833/3227 6832/3230 5095/3230
f 6833/3227 6839/3229 6832/3230
f 5103/3216 5094/3231 5108/3234
f 6839/3229 6840/3216 6832/3230
f 6838/3228 6839/3229 6833/3227
f 5096/3227 5102/3229 5101/3228
f 6825/3206 6834/3226 5097/3226
f 5088/3206 6825/3206 5097/3226
f 5097/3226 5115/3370 5088/3206
f 5114/3207 5088/3206 5115/3370
f 5115/3370 6852/3370 5114/3207
f 6852/3370 6851/3207 5114/3207
f 6853/3371 6852/3370 5115/3370
f 5116/3371 6853/3371 5115/3370
f 6854/3223 6853/3371 5116/3371
f 5117/3223 6854/3223 5116/3371
f 5097/3226 5117/3223 5116/3371
f 6853/3371 6834/3226 6852/3370
f 5115/3370 5097/3226 5116/3371
f 6825/3206 6852/3370 6834/3226
f 5096/3227 6833/3227 5095/3230
f 6838/3228 6833/3227 6837/3225
f 6853/3371 6854/3223 6834/3226
f 6838/3228 6837/3225 5100/3225
f 5100/3225 5117/3223 5097/3226
f 5098/3214 5118/3222 5099/3224
f 6855/3222 6854/3223 5117/3223
f 6836/3224 6855/3222 6835/3214
f 6964/3213 6965/3217 6841/3215
f 6965/3217 6966/3220 6843/3219
f 6967/3248 6966/3220 5229/3220
f 5229/3220 5106/3219 5105/3235
f 5107/3218 6844/3218 5106/3219
f 5103/3216 5108/3234 5107/3218
f 6841/3215 6840/3216 5103/3216
f 6835/3214 6964/3213 6841/3215
f 6836/3224 6835/3214 5098/3214
f 5104/3215 5228/3217 5227/3213
f 5118/3222 5098/3214 5119/3212
f 5120/3211 5227/3213 5226/3221
f 6857/3211 6856/3212 5119/3212
f 6850/3210 6962/3208 6857/3211
f 6851/3207 6850/3210 5113/3210
f 5225/3208 5120/3211 5226/3221
f 5114/3207 6851/3207 5113/3210
f 5362/3204 5088/3206 5114/3207
f 5362/3204 5233/3209 5363/2340
f 6963/3221 6962/3208 5225/3208
f 5233/3209 6970/3209 5232/3252
f 7100/2340 6970/3209 7099/3204
f 6850/3210 6851/3207 6962/3208
f 6852/3370 6825/3206 6851/3207
f 6826/3205 6825/3206 5088/3206
f 6787/3363 6788/3203 6826/3205
f 6789/3202 6788/3203 5051/3203
f 6790/3361 6713/3201 6789/3202
f 6714/3200 6713/3201 4976/3201
f 6715/3366 7010/3199 6714/3200
f 7011/3293 6823/3196 7010/3199
f 7099/3204 7098/3198 5361/3198
f 5361/3198 5086/3196 5273/3199
f 6824/2947 6823/3196 5086/3196
f 6777/3192 6781/2945 6818/2946
f 6782/2944 6783/2943 7095/2941
f 6783/2943 6784/2942 7095/2941
f 6784/2942 6786/2940 7095/2941
f 6786/2940 7310/2937 7095/2941
f 7310/2937 6786/2940 7309/2939
f 7309/2939 6786/2940 7318/3372
f 7308/2938 7309/2939 7318/3372
f 7308/2938 7318/3372 7699/3373
f 7700/2936 7308/2938 7699/3373
f 7700/2936 7699/3373 5962/3373
f 5963/2936 7700/2936 5962/3373
f 5962/3373 7699/3373 5961/3374
f 5961/3374 5581/3372 5962/3373
f 5962/3373 5581/3372 5571/2938
f 5581/3372 5572/2939 5571/2938
f 5572/2939 7309/2939 5571/2938
f 5680/3375 5581/3372 5961/3374
f 5680/3375 5961/3374 5960/3376
f 5680/3375 5960/3376 5681/3377
f 5681/3377 7418/3377 5680/3375
f 7418/3377 7417/3375 5680/3375
f 5680/3375 7417/3375 5679/3378
f 7417/3375 7416/3378 5679/3378
f 5679/3378 7416/3378 5678/3379
f 5582/3380 5679/3378 5678/3379
f 5582/3380 5678/3379 5583/3381
f 5583/3381 7320/3381 5582/3380
f 7320/3381 7319/3380 5582/3380
f 5582/3380 7319/3380 5581/3372
f 7319/3380 7318/3372 5581/3372
f 5581/3372 7318/3372 5580/3382
f 5580/3382 5049/2940 5581/3372
f 5049/2940 5580/3382 5026/3383
f 5026/3383 6763/3383 5049/2940
f 6763/3383 6786/2940 5049/2940
f 5049/2940 6786/2940 5048/3384
f 6786/2940 6785/3384 5048/3384
f 5048/3384 6785/3384 5047/2942
f 6785/3384 6784/2942 5047/2942
f 6763/3383 7317/3382 6786/2940
f 6763/3383 6767/2443 7317/3382
f 7316/2444 7317/3382 6767/2443
f 7316/2444 6767/2443 6768/2442
f 6768/2442 6497/2438 7316/2444
f 6498/2445 7316/2444 6497/2438
f 7315/3385 7316/2444 6498/2445
f 7315/3385 6498/2445 7235/3386
f 7235/3386 7236/3387 7315/3385
f 7236/3387 7237/3388 7315/3385
f 7314/3389 7315/3385 7237/3388
f 7314/3389 7237/3388 7339/3390
f 7339/3390 7340/3391 7314/3389
f 7313/3392 7314/3389 7340/3391
f 7341/3393 7313/3392 7340/3391
f 7341/3393 7340/3391 5603/3391
f 5604/3393 7341/3393 5603/3391
f 5603/3391 5576/3392 5604/3393
f 5576/3392 5605/3394 5604/3393
f 5605/3394 7342/3394 5604/3393
f 7343/3395 7342/3394 5605/3394
f 5606/3395 7343/3395 5605/3394
f 5605/3394 5607/3396 5606/3395
f 5607/3396 7344/3396 5606/3395
f 7345/3397 7344/3396 5607/3396
f 5608/3397 7345/3397 5607/3396
f 5607/3396 5632/3398 5608/3397
f 5608/3397 5632/3398 5631/3399
f 5608/3397 5631/3399 5587/3400
f 5587/3400 7324/3400 5608/3397
f 7325/3401 7324/3400 5587/3400
f 5588/3401 7325/3401 5587/3400
f 7326/3402 7325/3401 5588/3401
f 5589/3402 7326/3402 5588/3401
f 5588/3401 5482/3403 5589/3402
f 5590/3404 5589/3402 5482/3403
f 5481/3405 5590/3404 5482/3403
f 5482/3403 7219/3403 5481/3405
f 7219/3403 7218/3405 5481/3405
f 5481/3405 7218/3405 5480/3406
f 5480/3406 5593/3407 5481/3405
f 5593/3407 5592/3408 5481/3405
f 5593/3407 7330/3407 5592/3408
f 7330/3407 7329/3408 5592/3408
f 5592/3408 7329/3408 5591/3409
f 5592/3408 5591/3409 5590/3404
f 5591/3409 7328/3409 5590/3404
f 7328/3409 7327/3404 5590/3404
f 7327/3404 7328/3409 7329/3408
f 7327/3404 7329/3408 7218/3405
f 7329/3408 7328/3409 5591/3409
f 7218/3405 7329/3408 7330/3407
f 7218/3405 7330/3407 7217/3406
f 7331/3410 7217/3406 7330/3407
f 7332/3411 7217/3406 7331/3410
f 7332/3411 7331/3410 5594/3410
f 5595/3411 7332/3411 5594/3410
f 5594/3410 5480/3406 5595/3411
f 5480/3406 5596/3412 5595/3411
f 5596/3412 7333/3412 5595/3411
f 7334/3413 7333/3412 5596/3412
f 5597/3413 7334/3413 5596/3412
f 5596/3412 5479/3414 5597/3413
f 5597/3413 5479/3414 5598/3415
f 5598/3415 7335/3415 5597/3413
f 7336/3416 7335/3415 5598/3415
f 5599/3416 7336/3416 5598/3415
f 7337/3417 7336/3416 5599/3416
f 5600/3417 7337/3417 5599/3416
f 5599/3416 5601/3418 5600/3417
f 5601/3418 7338/3418 5600/3417
f 7339/3390 7338/3418 5601/3418
f 5602/3390 7339/3390 5601/3418
f 7338/3418 7339/3390 7336/3416
f 5599/3416 5602/3390 5601/3418
f 5599/3416 5500/3388 5602/3390
f 5602/3390 5500/3388 5577/3389
f 5577/3389 5603/3391 5602/3390
f 5500/3388 5578/3385 5577/3389
f 5578/3385 7315/3385 5577/3389
f 5578/3385 5500/3388 5499/3387
f 5578/3385 5499/3387 5498/3386
f 5498/3386 4761/2445 5578/3385
f 5499/3387 7236/3387 5498/3386
f 5500/3388 7237/3388 5499/3387
f 7238/3419 7237/3388 5500/3388
f 5501/3419 7238/3419 5500/3388
f 7216/3414 7238/3419 5501/3419
f 5479/3414 7216/3414 5501/3419
f 5599/3416 5479/3414 5501/3419
f 7217/3406 7216/3414 5479/3414
f 5480/3406 7217/3406 5479/3414
f 7217/3406 7333/3412 7216/3414
f 7238/3419 7216/3414 7336/3416
f 7238/3419 7336/3416 7237/3388
f 5500/3388 5599/3416 5501/3419
f 7338/3418 7337/3417 5600/3417
f 7337/3417 7338/3418 7336/3416
f 7335/3415 7336/3416 7216/3414
f 7335/3415 7216/3414 7334/3413
f 5479/3414 5599/3416 5598/3415
f 7335/3415 7334/3413 5597/3413
f 7334/3413 7216/3414 7333/3412
f 5479/3414 5596/3412 5480/3406
f 7333/3412 7332/3411 5595/3411
f 5594/3410 7331/3410 5593/3407
f 7332/3411 7333/3412 7217/3406
f 7331/3410 7330/3407 5593/3407
f 5593/3407 5480/3406 5594/3410
f 7218/3405 7217/3406 5480/3406
f 7219/3403 7327/3404 7218/3405
f 7219/3403 7326/3402 7327/3404
f 7220/3420 7219/3403 5482/3403
f 5483/3420 7220/3420 5482/3403
f 5482/3403 5676/3421 5483/3420
f 5676/3421 5221/3422 5483/3420
f 5220/3423 5483/3420 5221/3422
f 5221/3422 6958/3422 5220/3423
f 6958/3422 6957/3423 5220/3423
f 5220/3423 6957/3423 5219/3424
f 5486/3425 5220/3423 5219/3424
f 5218/3426 5486/3425 5219/3424
f 5219/3424 6956/3424 5218/3426
f 6956/3424 6955/3426 5218/3426
f 5218/3426 6955/3426 5217/3427
f 5217/3427 4795/3428 5218/3426
f 5218/3426 4795/3428 4856/3429
f 5218/3426 4856/3429 4931/3430
f 4930/3431 5218/3426 4931/3430
f 4931/3430 6668/3430 4930/3431
f 6668/3430 6667/3431 4930/3431
f 4930/3431 6667/3431 4929/3432
f 4929/3432 4927/3433 4930/3431
f 5487/3434 4930/3431 4927/3433
f 4926/3435 5487/3434 4927/3433
f 4927/3433 6664/3433 4926/3435
f 6664/3433 6663/3435 4926/3435
f 4926/3435 6663/3435 4952/3436
f 5488/3437 4926/3435 4952/3436
f 4951/3438 5488/3437 4952/3436
f 4952/3436 6689/3436 4951/3438
f 6689/3436 6688/3438 4951/3438
f 4951/3438 6688/3438 4950/3439
f 5489/3440 4951/3438 4950/3439
f 4949/3441 5489/3440 4950/3439
f 4950/3439 6687/3439 4949/3441
f 6687/3439 6686/3441 4949/3441
f 4949/3441 6686/3441 4948/3442
f 4948/3442 5490/3443 4949/3441
f 5497/3444 5490/3443 4948/3442
f 5497/3444 4948/3442 4947/3445
f 5497/3444 4947/3445 4946/3446
f 4945/3447 5497/3444 4946/3446
f 4946/3446 6683/3446 4945/3447
f 6683/3446 6682/3447 4945/3447
f 4945/3447 6682/3447 4944/3448
f 4944/3448 4940/3449 4945/3447
f 5498/3386 4945/3447 4940/3449
f 5498/3386 4940/3449 4939/3450
f 5498/3386 4939/3450 4866/3451
f 5498/3386 4866/3451 4775/3452
f 5498/3386 4775/3452 4774/2450
f 5498/3386 4774/2450 4773/2447
f 4774/2450 6511/2450 4773/2447
f 6511/2450 6510/2447 4773/2447
f 6510/2447 6511/2450 7235/3386
f 6511/2450 6512/3452 7235/3386
f 6512/3452 6603/3451 7235/3386
f 6603/3451 6676/3450 7235/3386
f 6676/3450 6677/3449 7235/3386
f 6677/3449 6682/3447 7235/3386
f 7234/3444 7235/3386 6682/3447
f 7235/3386 7234/3444 5497/3444
f 5498/3386 7235/3386 5497/3444
f 5497/3444 7234/3444 5496/3453
f 5491/3454 5497/3444 5496/3453
f 5491/3454 5496/3453 5492/3455
f 5492/3455 7229/3455 5491/3454
f 7229/3455 7228/3454 5491/3454
f 5491/3454 7228/3454 5490/3443
f 7228/3454 7227/3443 5490/3443
f 5490/3443 7227/3443 5489/3440
f 7227/3443 7226/3440 5489/3440
f 5489/3440 7226/3440 5488/3437
f 7226/3440 7225/3437 5488/3437
f 5488/3437 7225/3437 5487/3434
f 7225/3437 7224/3434 5487/3434
f 5487/3434 7224/3434 5486/3425
f 7224/3434 7223/3425 5486/3425
f 5486/3425 7223/3425 5485/3456
f 7223/3425 7222/3456 5485/3456
f 5485/3456 7222/3456 5484/3457
f 5484/3457 5220/3423 5485/3456
f 7222/3456 7221/3457 5484/3457
f 5484/3457 7221/3457 5483/3420
f 7222/3456 6957/3423 7221/3457
f 7221/3457 6957/3423 7220/3420
f 7222/3456 7223/3425 6957/3423
f 6956/3424 6957/3423 7223/3425
f 7223/3425 7224/3434 6955/3426
f 6667/3431 6955/3426 7224/3434
f 6664/3433 6667/3431 7224/3434
f 6667/3431 6664/3433 6666/3432
f 6664/3433 6665/3458 6666/3432
f 6666/3432 6665/3458 4928/3458
f 4929/3432 6666/3432 4928/3458
f 4928/3458 6665/3458 4927/3433
f 7224/3434 7225/3437 6663/3435
f 6689/3436 6663/3435 7225/3437
f 7225/3437 7226/3440 6688/3438
f 6687/3439 6688/3438 7226/3440
f 7227/3443 6686/3441 7226/3440
f 6686/3441 7227/3443 6685/3442
f 6685/3442 7227/3443 7234/3444
f 6684/3445 6685/3442 7234/3444
f 6683/3446 6684/3445 7234/3444
f 6685/3442 6684/3445 4947/3445
f 7227/3443 7228/3454 7234/3444
f 7233/3453 7234/3444 7228/3454
f 7229/3455 7233/3453 7228/3454
f 7232/3459 7233/3453 7229/3455
f 7232/3459 7229/3455 7231/3460
f 7232/3459 7231/3460 5494/3460
f 5495/3459 7232/3459 5494/3460
f 5494/3460 5492/3455 5495/3459
f 5492/3455 5494/3460 5493/3461
f 5493/3461 7230/3461 5492/3455
f 7231/3460 7230/3461 5493/3461
f 5494/3460 7231/3460 5493/3461
f 7230/3461 7231/3460 7229/3455
f 7233/3453 7232/3459 5495/3459
f 5496/3453 7233/3453 5495/3459
f 7230/3461 7229/3455 5492/3455
f 5492/3455 5496/3453 5495/3459
f 7234/3444 7233/3453 5496/3453
f 6682/3447 6677/3449 6681/3448
f 6678/3462 6681/3448 6677/3449
f 6678/3462 6677/3449 4940/3449
f 4941/3462 6678/3462 4940/3449
f 6679/3463 6678/3462 4941/3462
f 4942/3463 6679/3463 4941/3462
f 4941/3462 4943/3464 4942/3463
f 4943/3464 6680/3464 4942/3463
f 6681/3448 6680/3464 4943/3464
f 4944/3448 6681/3448 4943/3464
f 4941/3462 4944/3448 4943/3464
f 6680/3464 6679/3463 4942/3463
f 6679/3463 6680/3464 6678/3462
f 6680/3464 6681/3448 6678/3462
f 6677/3449 6676/3450 4939/3450
f 4939/3450 6676/3450 4938/3465
f 4870/3466 4939/3450 4938/3465
f 4870/3466 4938/3465 4871/3467
f 4871/3467 6608/3467 4870/3466
f 6608/3467 6607/3466 4870/3466
f 4870/3466 6607/3466 4869/3468
f 4869/3468 4866/3451 4870/3466
f 4866/3451 4869/3468 4867/3469
f 4867/3469 6604/3469 4866/3451
f 6604/3469 6603/3451 4866/3451
f 4866/3451 6603/3451 4865/3470
f 6603/3451 6602/3470 4865/3470
f 4865/3470 6602/3470 4864/3471
f 4864/3471 4775/3452 4865/3470
f 4863/3472 4775/3452 4864/3471
f 4864/3471 6601/3471 4863/3472
f 6601/3471 6600/3472 4863/3472
f 4863/3472 6600/3472 4862/3473
f 6600/3472 6599/3473 4862/3473
f 4862/3473 6599/3473 4861/3474
f 4862/3473 4861/3474 4776/3475
f 4775/3452 4862/3473 4776/3475
f 4776/3475 6513/3475 4775/3452
f 6513/3475 6512/3452 4775/3452
f 6513/3475 6599/3473 6512/3452
f 6513/3475 6598/3474 6599/3473
f 6597/3476 6598/3474 6513/3475
f 6597/3476 6513/3475 6596/3477
f 6597/3476 6596/3477 4859/3477
f 4860/3476 6597/3476 4859/3477
f 4859/3477 4776/3475 4860/3476
f 4793/3478 4776/3475 4859/3477
f 4859/3477 4794/3479 4793/3478
f 4794/3479 6531/3479 4793/3478
f 6531/3479 6530/3478 4793/3478
f 4793/3478 6530/3478 4792/3480
f 4777/3481 4793/3478 4792/3480
f 4777/3481 4792/3480 4778/3482
f 4778/3482 6515/3482 4777/3481
f 6515/3482 6514/3481 4777/3481
f 4777/3481 6514/3481 4776/3475
f 6515/3482 6529/3480 6514/3481
f 6529/3480 6530/3478 6514/3481
f 6514/3481 6530/3478 6513/3475
f 6528/3483 6529/3480 6515/3482
f 6528/3483 6515/3482 6502/3484
f 6528/3483 6502/3484 6550/2459
f 6528/3483 6550/2459 6527/3485
f 6528/3483 6527/3485 4790/3485
f 4791/3483 6528/3483 4790/3485
f 4790/3485 4813/2459 4791/3483
f 4813/2459 4765/3484 4791/3483
f 4765/3484 4778/3482 4791/3483
f 4765/3484 6502/3484 4778/3482
f 6503/2458 6502/3484 4765/3484
f 4766/2458 6503/2458 4765/3484
f 4790/3485 6527/3485 4789/2461
f 6527/3485 6550/2459 6526/2461
f 6503/2458 6550/2459 6502/3484
f 6550/2459 6503/2458 6549/2434
f 6529/3480 6528/3483 4791/3483
f 4792/3480 6529/3480 4791/3483
f 6502/3484 6515/3482 4778/3482
f 4778/3482 4792/3480 4791/3483
f 6530/3478 6529/3480 4792/3480
f 6530/3478 6531/3479 6596/3477
f 6595/3486 6596/3477 6531/3479
f 6532/3428 6595/3486 6531/3479
f 6594/3487 6595/3486 6532/3428
f 6594/3487 6532/3428 6593/3429
f 6594/3487 6593/3429 4856/3429
f 4857/3487 6594/3487 4856/3429
f 4856/3429 6593/3429 4855/3488
f 4855/3488 4852/3489 4856/3429
f 4932/3490 4856/3429 4852/3489
f 4851/3491 4932/3490 4852/3489
f 4852/3489 6589/3489 4851/3491
f 6589/3489 6588/3491 4851/3491
f 4851/3491 6588/3491 4874/3492
f 4874/3492 4933/3493 4851/3491
f 4874/3492 4934/3494 4933/3493
f 4934/3494 6671/3494 4933/3493
f 6671/3494 6670/3493 4933/3493
f 4933/3493 6670/3493 4932/3490
f 6670/3493 6669/3490 4932/3490
f 4932/3490 6669/3490 4931/3430
f 6669/3490 6670/3493 6588/3491
f 6588/3491 6670/3493 6611/3492
f 6670/3493 6671/3494 6611/3492
f 6611/3492 6671/3494 6610/3495
f 6611/3492 6610/3495 4873/3495
f 4874/3492 6611/3492 4873/3495
f 4873/3495 6610/3495 4872/3496
f 4872/3496 4935/3497 4873/3495
f 4873/3495 4935/3497 4934/3494
f 4935/3497 6672/3497 4934/3494
f 6673/3498 6672/3497 4935/3497
f 4936/3498 6673/3498 4935/3497
f 6674/3499 6673/3498 4936/3498
f 4937/3499 6674/3499 4936/3498
f 4872/3496 4937/3499 4936/3498
f 4871/3467 4937/3499 4872/3496
f 4872/3496 6609/3496 4871/3467
f 6675/3465 6674/3499 4937/3499
f 4938/3465 6675/3465 4937/3499
f 6674/3499 6675/3465 6608/3467
f 6609/3496 6674/3499 6608/3467
f 6673/3498 6674/3499 6609/3496
f 6673/3498 6609/3496 6672/3497
f 6610/3495 6672/3497 6609/3496
f 4935/3497 4872/3496 4936/3498
f 6610/3495 6609/3496 4872/3496
f 6671/3494 6672/3497 6610/3495
f 6672/3497 6671/3494 4934/3494
f 4873/3495 4934/3494 4874/3492
f 6588/3491 6611/3492 4874/3492
f 6589/3489 6669/3490 6588/3491
f 6589/3489 6593/3429 6669/3490
f 6668/3430 6669/3490 6593/3429
f 6668/3430 6593/3429 6955/3426
f 6593/3429 6589/3489 6592/3488
f 6590/3500 6592/3488 6589/3489
f 6590/3500 6591/3501 6592/3488
f 6592/3488 6591/3501 4854/3501
f 4855/3488 6592/3488 4854/3501
f 4855/3488 4854/3501 4853/3500
f 4854/3501 6591/3501 4853/3500
f 6591/3501 6590/3500 4853/3500
f 4853/3500 6590/3500 4852/3489
f 6590/3500 6589/3489 4852/3489
f 4851/3491 4933/3493 4932/3490
f 4852/3489 4855/3488 4853/3500
f 6593/3429 6592/3488 4855/3488
f 6593/3429 6532/3428 6955/3426
f 6955/3426 6532/3428 6954/3427
f 6954/3427 6532/3428 6953/3502
f 6954/3427 6953/3502 5216/3502
f 5217/3427 6954/3427 5216/3502
f 5216/3502 6953/3502 5215/3503
f 4894/3504 5216/3502 5215/3503
f 4894/3504 5215/3503 4895/3505
f 4895/3505 6632/3505 4894/3504
f 6632/3505 6631/3504 4894/3504
f 4894/3504 6631/3504 4893/3506
f 6631/3504 6630/3506 4893/3506
f 4893/3506 6630/3506 4892/3507
f 5216/3502 4893/3506 4892/3507
f 5216/3502 4892/3507 4888/3508
f 5216/3502 4888/3508 4796/3509
f 4795/3428 5216/3502 4796/3509
f 4796/3509 6533/3509 4795/3428
f 6533/3509 6532/3428 4795/3428
f 4795/3428 6532/3428 4794/3479
f 4794/3479 4858/3486 4795/3428
f 4795/3428 4858/3486 4857/3487
f 4858/3486 6595/3486 4857/3487
f 6534/2463 6533/3509 4796/3509
f 4797/2463 6534/2463 4796/3509
f 6534/2463 6560/2465 6533/3509
f 6562/3510 6533/3509 6560/2465
f 6561/3511 6562/3510 6560/2465
f 6562/3510 6561/3511 4824/3511
f 4825/3510 6562/3510 4824/3511
f 4823/2465 4825/3510 4824/3511
f 4823/2465 4796/3509 4825/3510
f 4825/3510 4796/3509 4826/3512
f 4826/3512 6563/3512 4825/3510
f 6564/3511 6563/3512 4826/3512
f 4827/3511 6564/3511 4826/3512
f 4887/3513 4827/3511 4826/3512
f 4827/3511 4887/3513 4886/3514
f 4885/3515 4827/3511 4886/3514
f 4886/3514 6623/3514 4885/3515
f 6623/3514 6622/3515 4885/3515
f 4885/3515 6622/3515 4884/3516
f 4885/3515 4884/3516 4828/3517
f 4828/3517 4884/3516 4883/3518
f 4882/3519 4828/3517 4883/3518
f 4883/3518 6620/3518 4882/3519
f 6620/3518 6619/3519 4882/3519
f 4882/3519 6619/3519 4881/3520
f 6619/3519 6618/3520 4881/3520
f 4881/3520 6618/3520 4880/3521
f 4881/3520 4880/3521 5214/3522
f 5213/3523 4881/3520 5214/3522
f 5214/3522 6951/3522 5213/3523
f 6951/3522 6950/3523 5213/3523
f 5213/3523 6950/3523 5212/3524
f 4829/3525 5213/3523 5212/3524
f 5211/3526 4829/3525 5212/3524
f 5212/3524 6949/3524 5211/3526
f 6949/3524 6948/3526 5211/3526
f 5211/3526 6948/3526 5210/3527
f 5210/3527 5637/3528 5211/3526
f 5637/3528 5695/3529 5211/3526
f 5211/3526 5695/3529 5704/3530
f 5211/3526 5704/3530 4816/2493
f 4816/2493 5704/3530 5703/3531
f 5702/3532 4816/2493 5703/3531
f 5703/3531 7440/3531 5702/3532
f 7440/3531 7439/3532 5702/3532
f 5702/3532 7439/3532 5701/2495
f 7439/3532 7438/2495 5701/2495
f 5701/2495 7438/2495 5700/2494
f 7439/3532 6553/2493 7438/2495
f 7438/2495 6553/2493 7437/2494
f 7440/3531 6553/2493 7439/3532
f 7440/3531 7441/3530 6553/2493
f 6553/2493 7441/3530 6948/3526
f 6553/2493 6948/3526 6566/3525
f 6553/2493 6566/3525 4829/3525
f 4816/2493 6553/2493 4829/3525
f 6554/3533 6553/2493 4816/2493
f 4817/3533 6554/3533 4816/2493
f 4816/2493 5436/3534 4817/3533
f 5436/3534 4818/2470 4817/3533
f 4818/2470 6555/2470 4817/3533
f 5436/3534 5432/3535 4818/2470
f 5432/3535 5436/3534 5435/3536
f 5432/3535 5435/3536 5433/3537
f 5433/3537 7170/3537 5432/3535
f 7170/3537 7169/3535 5432/3535
f 5432/3535 7169/3535 5431/2471
f 7169/3535 7168/2471 5431/2471
f 7169/3535 6555/2470 7168/2471
f 6556/2199 7168/2471 6555/2470
f 7167/2472 7168/2471 6556/2199
f 6555/2470 7169/3535 7173/3534
f 6554/3533 6555/2470 7173/3534
f 7172/3536 7173/3534 7169/3535
f 7173/3534 7172/3536 5435/3536
f 5435/3536 7172/3536 5434/3538
f 7172/3536 7171/3538 5434/3538
f 5434/3538 7171/3538 5433/3537
f 7171/3538 7172/3536 7170/3537
f 7170/3537 7172/3536 7169/3535
f 7171/3538 7170/3537 5433/3537
f 5433/3537 5435/3536 5434/3538
f 5436/3534 7173/3534 5435/3536
f 7174/2492 7173/3534 5436/3534
f 5437/2492 7174/2492 5436/3534
f 7175/2490 7174/2492 5437/2492
f 7174/2492 7175/2490 7436/2491
f 7436/2491 6553/2493 7174/2492
f 7175/2490 7176/2489 7436/2491
f 7450/2487 7436/2491 7176/2489
f 7450/2487 7447/2495 7436/2491
f 7174/2492 6553/2493 7173/3534
f 6555/2470 6554/3533 4817/3533
f 6554/3533 7173/3534 6553/2493
f 4829/3525 6566/3525 4828/3517
f 6566/3525 6565/3517 4828/3517
f 4828/3517 6565/3517 4827/3511
f 6566/3525 6950/3523 6565/3517
f 6618/3520 6565/3517 6950/3523
f 6949/3524 6950/3523 6566/3525
f 7441/3530 7432/3529 6948/3526
f 6948/3526 7432/3529 7374/3528
f 6948/3526 7374/3528 6947/3527
f 7378/3539 6947/3527 7374/3528
f 7374/3528 7375/3540 7378/3539
f 7378/3539 7375/3540 7377/3541
f 7378/3539 7377/3541 5640/3541
f 5641/3539 7378/3539 5640/3541
f 5640/3541 5638/3540 5641/3539
f 5641/3539 5638/3540 5637/3528
f 5638/3540 7375/3540 5637/3528
f 7376/3542 7375/3540 5638/3540
f 5639/3542 7376/3542 5638/3540
f 7377/3541 7376/3542 5639/3542
f 5640/3541 5639/3542 5638/3540
f 7379/3543 7378/3539 5641/3539
f 5642/3543 7379/3543 5641/3539
f 5641/3539 5210/3527 5642/3543
f 5642/3543 5210/3527 5510/3544
f 5510/3544 5643/3545 5642/3543
f 5643/3545 7380/3545 5642/3543
f 7381/3546 7380/3545 5643/3545
f 5644/3546 7381/3546 5643/3545
f 5529/3547 5644/3546 5643/3545
f 5529/3547 5643/3545 5530/3548
f 5530/3548 7267/3548 5529/3547
f 7267/3548 7266/3547 5529/3547
f 5529/3547 7266/3547 5528/3549
f 7266/3547 7265/3549 5528/3549
f 5528/3549 7265/3549 5527/3550
f 5527/3550 5645/3551 5528/3549
f 5528/3549 5645/3551 5644/3546
f 5645/3551 7382/3551 5644/3546
f 7383/3552 7382/3551 5645/3551
f 5646/3552 7383/3552 5645/3551
f 5645/3551 5647/3553 5646/3552
f 5647/3553 7384/3553 5646/3552
f 7385/3554 7384/3553 5647/3553
f 5648/3554 7385/3554 5647/3553
f 5647/3553 5524/3555 5648/3554
f 5648/3554 5524/3555 5651/3556
f 5648/3554 5651/3556 5650/3557
f 5648/3554 5650/3557 5649/3558
f 5649/3558 7386/3558 5648/3554
f 7387/3557 7386/3558 5649/3558
f 7386/3558 7387/3557 7385/3554
f 7387/3557 7388/3556 7385/3554
f 7388/3556 7261/3555 7385/3554
f 7261/3555 7388/3556 7413/3421
f 7260/3559 7261/3555 7413/3421
f 6958/3422 7260/3559 7413/3421
f 7220/3420 6958/3422 7413/3421
f 7260/3559 6958/3422 7256/3560
f 7256/3560 7257/3561 7260/3559
f 7259/3562 7260/3559 7257/3561
f 7258/3563 7259/3562 7257/3561
f 7258/3563 7257/3561 5520/3561
f 5521/3563 7258/3563 5520/3561
f 5520/3561 5522/3562 5521/3563
f 5522/3562 7259/3562 5521/3563
f 5520/3561 5523/3559 5522/3562
f 5523/3559 7260/3559 5522/3562
f 5523/3559 5520/3561 5519/3560
f 5519/3560 5221/3422 5523/3559
f 5221/3422 5519/3560 5202/3564
f 5202/3564 6939/3564 5221/3422
f 6940/3565 6939/3564 5202/3564
f 5203/3565 6940/3565 5202/3564
f 6941/3566 6940/3565 5203/3565
f 5204/3566 6941/3566 5203/3565
f 5203/3565 5209/3567 5204/3566
f 5209/3567 5205/3568 5204/3566
f 5205/3568 6942/3568 5204/3566
f 6943/3569 6942/3568 5205/3568
f 5206/3569 6943/3569 5205/3568
f 5205/3568 5208/3570 5206/3569
f 5208/3570 5207/3571 5206/3569
f 5207/3571 6944/3571 5206/3569
f 6945/3570 6944/3571 5207/3571
f 6943/3569 6944/3571 6945/3570
f 5208/3570 6945/3570 5207/3571
f 6946/3567 6945/3570 5208/3570
f 5209/3567 6946/3567 5208/3570
f 6947/3527 6946/3567 5209/3567
f 5210/3527 6947/3527 5209/3567
f 6947/3527 6940/3565 6946/3567
f 6947/3527 7253/3572 6940/3565
f 7254/3573 6940/3565 7253/3572
f 7254/3573 7253/3572 5516/3572
f 5517/3573 7254/3573 5516/3572
f 5516/3572 5203/3565 5517/3573
f 5517/3573 5203/3565 5518/3574
f 5518/3574 7255/3574 5517/3573
f 7256/3560 7255/3574 5518/3574
f 5519/3560 7256/3560 5518/3574
f 7255/3574 7256/3560 6940/3565
f 5203/3565 5519/3560 5518/3574
f 5203/3565 5516/3572 5210/3527
f 5210/3527 5516/3572 5515/3575
f 5514/3576 5210/3527 5515/3575
f 5515/3575 7252/3575 5514/3576
f 7252/3575 7251/3576 5514/3576
f 5514/3576 7251/3576 5513/3577
f 7251/3576 7250/3577 5513/3577
f 5513/3577 7250/3577 5512/3578
f 5513/3577 5512/3578 5511/3579
f 5511/3579 5210/3527 5513/3577
f 5512/3578 7249/3578 5511/3579
f 7249/3578 7248/3579 5511/3579
f 5511/3579 7248/3579 5510/3544
f 7248/3579 7247/3544 5510/3544
f 5510/3544 7247/3544 5530/3548
f 7248/3579 6947/3527 7247/3544
f 7247/3544 6947/3527 7379/3543
f 7379/3543 7380/3545 7247/3544
f 7267/3548 7247/3544 7380/3545
f 7250/3577 6947/3527 7248/3579
f 7248/3579 7249/3578 7250/3577
f 7250/3577 7249/3578 5512/3578
f 7251/3576 6947/3527 7250/3577
f 7252/3575 6947/3527 7251/3576
f 7253/3572 7252/3575 5515/3575
f 5513/3577 5210/3527 5514/3576
f 7255/3574 7254/3573 5517/3573
f 5516/3572 7253/3572 5515/3575
f 7255/3574 6940/3565 7254/3573
f 7252/3575 7253/3572 6947/3527
f 6946/3567 6942/3568 6945/3570
f 6941/3566 6942/3568 6946/3567
f 6944/3571 6943/3569 5206/3569
f 6943/3569 6945/3570 6942/3568
f 5208/3570 5205/3568 5209/3567
f 5209/3567 5203/3565 5210/3527
f 6942/3568 6941/3566 5204/3566
f 6941/3566 6946/3567 6940/3565
f 6939/3564 6940/3565 7256/3560
f 5519/3560 5203/3565 5202/3564
f 5520/3561 7257/3561 5519/3560
f 7259/3562 7258/3563 5521/3563
f 7260/3559 7259/3562 5522/3562
f 7257/3561 7256/3560 5519/3560
f 6939/3564 7256/3560 6958/3422
f 7261/3555 7260/3559 5523/3559
f 5524/3555 7261/3555 5523/3559
f 5676/3421 5524/3555 5523/3559
f 7262/3580 7261/3555 5524/3555
f 5525/3580 7262/3580 5524/3555
f 7263/3581 7262/3580 5525/3580
f 5526/3581 7263/3581 5525/3580
f 5647/3553 5526/3581 5525/3580
f 5647/3553 5527/3550 5526/3581
f 5527/3550 7264/3550 5526/3581
f 7264/3550 7263/3581 5526/3581
f 7263/3581 7264/3550 7384/3553
f 7264/3550 7382/3551 7384/3553
f 7265/3549 7382/3551 7264/3550
f 7381/3546 7382/3551 7265/3549
f 7262/3580 7263/3581 7384/3553
f 7262/3580 7384/3553 7261/3555
f 7388/3556 7389/3582 7413/3421
f 7412/3583 7413/3421 7389/3582
f 7412/3583 7389/3582 7411/3584
f 7412/3583 7411/3584 5674/3584
f 5675/3583 7412/3583 5674/3584
f 5674/3584 5652/3582 5675/3583
f 5652/3582 5676/3421 5675/3583
f 5676/3421 7413/3421 5675/3583
f 7414/3585 7413/3421 5676/3421
f 5677/3585 7414/3585 5676/3421
f 5633/3586 5677/3585 5676/3421
f 5631/3399 5633/3586 5676/3421
f 5588/3401 5631/3399 5676/3421
f 5631/3399 7368/3399 5633/3586
f 7368/3399 7370/3586 5633/3586
f 5633/3586 7370/3586 5632/3398
f 7370/3586 7369/3398 5632/3398
f 7370/3586 7344/3396 7369/3398
f 7311/3587 7344/3396 7370/3586
f 7311/3587 7370/3586 7414/3585
f 7323/3588 7311/3587 7414/3585
f 7321/3589 7323/3588 7414/3585
f 7321/3589 7414/3585 7320/3381
f 7414/3585 7415/3379 7320/3381
f 7322/3590 7323/3588 7321/3589
f 7322/3590 7321/3589 5584/3589
f 5585/3590 7322/3590 5584/3589
f 5584/3589 5586/3588 5585/3590
f 5586/3588 7323/3588 5585/3590
f 5677/3585 5586/3588 5584/3589
f 5583/3381 5677/3585 5584/3589
f 5677/3585 5574/3587 5586/3588
f 5574/3587 7311/3587 5586/3588
f 7312/3590 7311/3587 5574/3587
f 5575/3590 7312/3590 5574/3587
f 5574/3587 5607/3396 5575/3590
f 5607/3396 5576/3392 5575/3590
f 5576/3392 7313/3392 5575/3590
f 5633/3586 5607/3396 5574/3587
f 7313/3392 7312/3590 5575/3590
f 7312/3590 7313/3392 7344/3396
f 7342/3394 7344/3396 7313/3392
f 5584/3589 7321/3589 5583/3381
f 7323/3588 7322/3590 5585/3590
f 7311/3587 7323/3588 5586/3588
f 7312/3590 7344/3396 7311/3587
f 7413/3421 7370/3586 7368/3399
f 7413/3421 7368/3399 7325/3401
f 7413/3421 7325/3401 7219/3403
f 7369/3398 7368/3399 5631/3399
f 7368/3399 7369/3398 7345/3397
f 7324/3400 7368/3399 7345/3397
f 5677/3585 5633/3586 5574/3587
f 7415/3379 7414/3585 5677/3585
f 5678/3379 7415/3379 5677/3585
f 7413/3421 7414/3585 7370/3586
f 5676/3421 5652/3582 5651/3556
f 5652/3582 7389/3582 5651/3556
f 7390/3591 7389/3582 5652/3582
f 5653/3591 7390/3591 5652/3582
f 7391/3592 7390/3591 5653/3591
f 5654/3592 7391/3592 5653/3591
f 5653/3591 5687/3593 5654/3592
f 5687/3593 5655/3594 5654/3592
f 5655/3594 7392/3594 5654/3592
f 7393/3595 7392/3594 5655/3594
f 5656/3595 7393/3595 5655/3594
f 7394/3596 7393/3595 5656/3595
f 5657/3596 7394/3596 5656/3595
f 5687/3593 5657/3596 5656/3595
f 5657/3596 5687/3593 5686/3597
f 5657/3596 5686/3597 5634/3598
f 5634/3598 7371/3598 5657/3596
f 7372/3599 7371/3598 5634/3598
f 5635/3599 7372/3599 5634/3598
f 5634/3598 5696/3600 5635/3599
f 5635/3599 5696/3600 5695/3529
f 5636/3601 5635/3599 5695/3529
f 5636/3601 7373/3601 5635/3599
f 7374/3528 7373/3601 5636/3601
f 5637/3528 7374/3528 5636/3601
f 5696/3600 7433/3600 5695/3529
f 7433/3600 7432/3529 5695/3529
f 5695/3529 7432/3529 5698/3602
f 7432/3529 7435/3602 5698/3602
f 5698/3602 7435/3602 5697/3603
f 5684/3604 5698/3602 5697/3603
f 5684/3604 5697/3603 5685/3605
f 5685/3605 7422/3605 5684/3604
f 7422/3605 7421/3604 5684/3604
f 5684/3604 7421/3604 5694/3606
f 5705/3607 5684/3604 5694/3606
f 5705/3607 5694/3606 5693/3608
f 5692/3609 5705/3607 5693/3608
f 5693/3608 7430/3608 5692/3609
f 7430/3608 7429/3609 5692/3609
f 5692/3609 7429/3609 5691/3610
f 5959/3611 5692/3609 5691/3610
f 5690/3612 5959/3611 5691/3610
f 5691/3610 7428/3610 5690/3612
f 7428/3610 7427/3612 5690/3612
f 5690/3612 7427/3612 5689/3613
f 5689/3613 5681/3377 5690/3612
f 5681/3377 5689/3613 5682/3614
f 5682/3614 7419/3614 5681/3377
f 7420/3615 7419/3614 5682/3614
f 5683/3615 7420/3615 5682/3614
f 5682/3614 5688/3616 5683/3615
f 5683/3615 5688/3616 5687/3593
f 5674/3584 5683/3615 5687/3593
f 5688/3616 7425/3616 5687/3593
f 7425/3616 7424/3593 5687/3593
f 7424/3593 7425/3616 7420/3615
f 7424/3593 7420/3615 7411/3584
f 7424/3593 7411/3584 7390/3591
f 7426/3613 7425/3616 5688/3616
f 5689/3613 7426/3613 5688/3616
f 7425/3616 7426/3613 7419/3614
f 7419/3614 7426/3613 7418/3377
f 7427/3612 7418/3377 7426/3613
f 7418/3377 7427/3612 7697/3376
f 7696/3611 7697/3376 7427/3612
f 7697/3376 7696/3611 5959/3611
f 5960/3376 7697/3376 5959/3611
f 7698/3374 7697/3376 5960/3376
f 7697/3376 7698/3374 7417/3375
f 7698/3374 7318/3372 7417/3375
f 5959/3611 7696/3611 5958/3617
f 7696/3611 7695/3617 5958/3617
f 5958/3617 7695/3617 5957/2533
f 5719/3618 5958/3617 5957/2533
f 5720/3619 5719/3618 5957/2533
f 5720/3619 5957/2533 5721/3620
f 5721/3620 7458/3620 5720/3619
f 7458/3620 7457/3619 5720/3619
f 7458/3620 7694/2533 7457/3619
f 7694/2533 7456/3618 7457/3619
f 7457/3619 7456/3618 5719/3618
f 5719/3618 7456/3618 5718/3621
f 5718/3621 5707/3622 5719/3618
f 5716/3623 5707/3622 5718/3621
f 5716/3623 5718/3621 5717/3619
f 5717/3619 7454/3619 5716/3623
f 7454/3619 7453/3623 5716/3623
f 5716/3623 7453/3623 5715/3624
f 7453/3623 7452/3624 5715/3624
f 5715/3624 7452/3624 5714/2496
f 5708/3625 5715/3624 5714/2496
f 5708/3625 5714/2496 5709/3626
f 5709/3626 7446/3626 5708/3625
f 7446/3626 7445/3625 5708/3625
f 5708/3625 7445/3625 5707/3622
f 7445/3625 7444/3622 5707/3622
f 5707/3622 7444/3622 5706/3627
f 5958/3617 5707/3622 5706/3627
f 5958/3617 5706/3627 5705/3607
f 5706/3627 7443/3627 5705/3607
f 7443/3627 7442/3607 5705/3607
f 5705/3607 7442/3607 5704/3530
f 7442/3607 7441/3530 5704/3530
f 7441/3530 7442/3607 7421/3604
f 7441/3530 7421/3604 7435/3602
f 7434/3603 7435/3602 7421/3604
f 7431/3606 7421/3604 7442/3607
f 7430/3608 7431/3606 7442/3607
f 7442/3607 7443/3627 7695/3617
f 7695/3617 7429/3609 7442/3607
f 7443/3627 7444/3622 7695/3617
f 7444/3622 7456/3618 7695/3617
f 7456/3618 7444/3622 7455/3621
f 7455/3621 7444/3622 7453/3623
f 7444/3622 7443/3627 5706/3627
f 7445/3625 7452/3624 7444/3622
f 7451/2496 7452/3624 7445/3625
f 7446/3626 7451/2496 7445/3625
f 7446/3626 7447/2495 7451/2496
f 7447/2495 7446/3626 5709/3626
f 5710/2495 7447/2495 5709/3626
f 5707/3622 5715/3624 5708/3625
f 7453/3623 7444/3622 7452/3624
f 7454/3619 7455/3621 7453/3623
f 7455/3621 7454/3619 5717/3619
f 5718/3621 7455/3621 5717/3619
f 5715/3624 5707/3622 5716/3623
f 7456/3618 7455/3621 5718/3621
f 7694/2533 7695/3617 7456/3618
f 7458/3620 7482/3628 7694/2533
f 7482/3628 7483/2530 7694/2533
f 7483/2530 7492/2531 7694/2533
f 7492/2531 7483/2530 7491/2529
f 7483/2530 7482/3628 5745/3628
f 5746/2530 7483/2530 5745/3628
f 5957/2533 5746/2530 5745/3628
f 7484/2527 7483/2530 5746/2530
f 7484/2527 7490/2528 7483/2530
f 5745/3628 7482/3628 5744/3629
f 5744/3629 5721/3620 5745/3628
f 5743/3630 5721/3620 5744/3629
f 5744/3629 7481/3629 5743/3630
f 7481/3629 7480/3630 5743/3630
f 5743/3630 7480/3630 5742/2502
f 5722/3631 5743/3630 5742/2502
f 7481/3629 7458/3620 7480/3630
f 7459/3631 7480/3630 7458/3620
f 7479/2502 7480/3630 7459/3631
f 7460/2500 7479/2502 7459/3631
f 7460/2500 7459/3631 5722/3631
f 5723/2500 7460/2500 5722/3631
f 5722/3631 7459/3631 5721/3620
f 5721/3620 5743/3630 5722/3631
f 7482/3628 7481/3629 5744/3629
f 7482/3628 7458/3620 7481/3629
f 7459/3631 7458/3620 5721/3620
f 5957/2533 5745/3628 5721/3620
f 5720/3619 7457/3619 5719/3618
f 5958/3617 5719/3618 5707/3622
f 7695/3617 7694/2533 5957/2533
f 5957/2533 7694/2533 5956/3632
f 5879/3633 5957/2533 5956/3632
f 5974/3634 5879/3633 5956/3632
f 5955/2331 5974/3634 5956/3632
f 5956/3632 7693/3632 5955/2331
f 7693/3632 7692/2331 5955/2331
f 7693/3632 7711/3634 7692/2331
f 7693/3632 7616/3633 7711/3634
f 7618/3635 7711/3634 7616/3633
f 7617/3636 7618/3635 7616/3633
f 7617/3636 7616/3633 5879/3633
f 5880/3636 7617/3636 5879/3633
f 5879/3633 5881/3635 5880/3636
f 5881/3635 7618/3635 5880/3636
f 7619/3637 7618/3635 5881/3635
f 5882/3637 7619/3637 5881/3635
f 5881/3635 5973/3638 5882/3637
f 5882/3637 5973/3638 5972/3639
f 6011/3640 5882/3637 5972/3639
f 6011/3640 5972/3639 6012/3641
f 6012/3641 7749/3641 6011/3640
f 7749/3641 7748/3640 6011/3640
f 6011/3640 7748/3640 6010/3642
f 6010/3642 6020/3643 6011/3640
f 6011/3640 6020/3643 5872/3644
f 5872/3644 6020/3643 5873/3645
f 5873/3645 7610/3645 5872/3644
f 7610/3645 7609/3644 5872/3644
f 5872/3644 7609/3644 5882/3637
f 7610/3645 7757/3643 7609/3644
f 7609/3644 7757/3643 7748/3640
f 7609/3644 7748/3640 7619/3637
f 7709/3639 7619/3637 7748/3640
f 7709/3639 7710/3638 7619/3637
f 7710/3638 7709/3639 5972/3639
f 5972/3639 7709/3639 5971/3646
f 7709/3639 7708/3646 5971/3646
f 5971/3646 7708/3646 5970/2329
f 5970/2329 6012/3641 5971/3646
f 7708/3646 7707/2329 5970/2329
f 7708/3646 7749/3641 7707/2329
f 7708/3646 7709/3639 7749/3641
f 7748/3640 7757/3643 7747/3642
f 7758/3647 7747/3642 7757/3643
f 7758/3647 7757/3643 6020/3643
f 6021/3647 7758/3647 6020/3643
f 7750/2327 7758/3647 6021/3647
f 6013/2327 7750/2327 6021/3647
f 6021/3647 6008/3648 6013/2327
f 6008/3648 6021/3647 6009/3649
f 6009/3649 7746/3649 6008/3648
f 7746/3649 7745/3648 6008/3648
f 6008/3648 7745/3648 6007/2328
f 7745/3648 7744/2328 6007/2328
f 6007/2328 7744/2328 6012/3641
f 7746/3649 7758/3647 7745/3648
f 7747/3642 7746/3649 6009/3649
f 6010/3642 7747/3642 6009/3649
f 6021/3647 6010/3642 6009/3649
f 7751/3650 7750/2327 6013/2327
f 6014/3650 7751/3650 6013/2327
f 7752/3651 7751/3650 6014/3650
f 6015/3651 7752/3651 6014/3650
f 6015/3651 6014/3650 6022/2326
f 6032/3652 6015/3651 6022/2326
f 6022/2326 7759/2326 6032/3652
f 7759/2326 7769/3652 6032/3652
f 6032/3652 7769/3652 6031/3653
f 6031/3653 6017/3654 6032/3652
f 6032/3652 6017/3654 6016/3655
f 6017/3654 7754/3654 6016/3655
f 7754/3654 7753/3655 6016/3655
f 6016/3655 7753/3655 6015/3651
f 7753/3655 7754/3654 7769/3652
f 7753/3655 7769/3652 7752/3651
f 7769/3652 7754/3654 7768/3653
f 7754/3654 7755/3656 7768/3653
f 7768/3653 7755/3656 7767/3657
f 7768/3653 7767/3657 6030/3657
f 6031/3653 7768/3653 6030/3657
f 6030/3657 6018/3656 6031/3653
f 6018/3656 6030/3657 6019/3658
f 6019/3658 7756/3658 6018/3656
f 7756/3658 7755/3656 6018/3656
f 6018/3656 7755/3656 6017/3654
f 7757/3643 7756/3658 6019/3658
f 7757/3643 7611/3659 7756/3658
f 7611/3659 7612/3660 7756/3658
f 7767/3657 7756/3658 7612/3660
f 7767/3657 7612/3660 7766/3661
f 7767/3657 7766/3661 6029/3661
f 6029/3661 7766/3661 6028/3662
f 5865/3663 6029/3661 6028/3662
f 6028/3662 5984/3664 5865/3663
f 5865/3663 5984/3664 5866/3665
f 5866/3665 7603/3665 5865/3663
f 7603/3665 7602/3663 5865/3663
f 5865/3663 7602/3663 5864/3666
f 7602/3663 7601/3666 5864/3666
f 5864/3666 7601/3666 5871/3667
f 5871/3667 5876/3668 5864/3666
f 5864/3666 5876/3668 5875/3660
f 6029/3661 5864/3666 5875/3660
f 6029/3661 5875/3660 6030/3657
f 5876/3668 7613/3668 5875/3660
f 7613/3668 7612/3660 5875/3660
f 5875/3660 7612/3660 5874/3659
f 6019/3658 5875/3660 5874/3659
f 6019/3658 5874/3659 6020/3643
f 7612/3660 7613/3668 7601/3666
f 7601/3666 7613/3668 7608/3667
f 7615/3669 7608/3667 7613/3668
f 7614/3636 7615/3669 7613/3668
f 7615/3669 7614/3636 5877/3636
f 5878/3669 7615/3669 5877/3636
f 5876/3668 5878/3669 5877/3636
f 7616/3633 7615/3669 5878/3669
f 5877/3636 7614/3636 5876/3668
f 7616/3633 7608/3667 7615/3669
f 7608/3667 7616/3633 7694/2533
f 7607/3670 7608/3667 7694/2533
f 7571/3671 7607/3670 7694/2533
f 7519/2540 7571/3671 7694/2533
f 7503/2534 7519/2540 7694/2533
f 7493/2532 7503/2534 7694/2533
f 7494/2535 7503/2534 7493/2532
f 7570/3672 7571/3671 7519/2540
f 7570/3672 7519/2540 7569/3673
f 7570/3672 7569/3673 5832/3673
f 5833/3672 7570/3672 5832/3673
f 5832/3673 5782/2540 5833/3672
f 5782/2540 5834/3671 5833/3672
f 5834/3671 7571/3671 5833/3672
f 7572/3674 7571/3671 5834/3671
f 5835/3674 7572/3674 5834/3671
f 5834/3671 5860/3675 5835/3674
f 5835/3674 5860/3675 5859/3676
f 5835/3674 5859/3676 5836/3677
f 5836/3677 7573/3677 5835/3674
f 7564/2596 7573/3677 5836/3677
f 5827/2596 7564/2596 5836/3677
f 7564/2596 7677/2597 7573/3677
f 7595/2607 7573/3677 7677/2597
f 7595/2607 7677/2597 7685/2599
f 7595/2607 7596/3676 7573/3677
f 7573/3677 7596/3676 7572/3674
f 7596/3676 7597/3675 7572/3674
f 7597/3675 7596/3676 5859/3676
f 5859/3676 7596/3676 5858/2607
f 7596/3676 7595/2607 5858/2607
f 7677/2597 7564/2596 7676/2553
f 7565/2595 7676/2553 7564/2596
f 5836/3677 5859/3676 5858/2607
f 5940/2597 5836/3677 5858/2607
f 5860/3675 7597/3675 5859/3676
f 7598/3678 7597/3675 5860/3675
f 5861/3678 7598/3678 5860/3675
f 7599/3679 7598/3678 5861/3678
f 5862/3679 7599/3679 5861/3678
f 5834/3671 5862/3679 5861/3678
f 5834/3671 5870/3670 5862/3679
f 5869/3680 5862/3679 5870/3670
f 5870/3670 7607/3670 5869/3680
f 7607/3670 7606/3680 5869/3680
f 5869/3680 7606/3680 5868/3681
f 7606/3680 7605/3681 5868/3681
f 5868/3681 7605/3681 5867/3682
f 5983/3683 5868/3681 5867/3682
f 5983/3683 5867/3682 5984/3664
f 5984/3664 7721/3664 5983/3683
f 7721/3664 7720/3683 5983/3683
f 5983/3683 7720/3683 5982/2611
f 7721/3664 7604/3682 7720/3683
f 7604/3682 7605/3681 7720/3683
f 7600/2610 7720/3683 7605/3681
f 7600/2610 7605/3681 7599/3679
f 7719/2611 7720/3683 7600/2610
f 7593/2609 7719/2611 7600/2610
f 7687/2612 7719/2611 7593/2609
f 7687/2612 7593/2609 7686/2606
f 7603/3665 7604/3682 7721/3664
f 7722/3684 7721/3664 5984/3664
f 5985/3684 7722/3684 5984/3664
f 5984/3664 6027/3685 5985/3684
f 5985/3684 6027/3685 6026/3686
f 5985/3684 6026/3686 5986/3687
f 5986/3687 7723/3687 5985/3684
f 7724/3688 7723/3687 5986/3687
f 5987/3688 7724/3688 5986/3687
f 5986/3687 6025/3689 5987/3688
f 5987/3688 6025/3689 6024/3690
f 5987/3688 6024/3690 5988/3691
f 5988/3691 7725/3691 5987/3688
f 7713/2623 7725/3691 5988/3691
f 5976/2623 7713/2623 5988/3691
f 6022/2326 5976/2623 5988/3691
f 6022/2326 5988/3691 6023/3692
f 6023/3692 7760/3692 6022/2326
f 7761/3690 7760/3692 6023/3692
f 6024/3690 7761/3690 6023/3692
f 7762/3689 7761/3690 6024/3690
f 7761/3690 7762/3689 7724/3688
f 7725/3691 7761/3690 7724/3688
f 7725/3691 7760/3692 7761/3690
f 7760/3692 7725/3691 7759/2326
f 7714/2620 7713/2623 5976/2623
f 7713/2623 7714/2620 7691/2621
f 7725/3691 7713/2623 7759/2326
f 6024/3690 6023/3692 5988/3691
f 6025/3689 7762/3689 6024/3690
f 7763/3686 7762/3689 6025/3689
f 6026/3686 7763/3686 6025/3689
f 7764/3685 7763/3686 6026/3686
f 7763/3686 7764/3685 7722/3684
f 7723/3687 7763/3686 7722/3684
f 7762/3689 7763/3686 7723/3687
f 7725/3691 7724/3688 5987/3688
f 7724/3688 7762/3689 7723/3687
f 5986/3687 6026/3686 6025/3689
f 6027/3685 7764/3685 6026/3686
f 7765/3662 7764/3685 6027/3685
f 6028/3662 7765/3662 6027/3685
f 7765/3662 7721/3664 7764/3685
f 7602/3663 7721/3664 7765/3662
f 7765/3662 7766/3661 7602/3663
f 7723/3687 7722/3684 5985/3684
f 7722/3684 7764/3685 7721/3664
f 5868/3681 5983/3683 5863/2610
f 5862/3679 5868/3681 5863/2610
f 5863/2610 7600/2610 5862/3679
f 7605/3681 7604/3682 5867/3682
f 5867/3682 7604/3682 5866/3665
f 7606/3680 7599/3679 7605/3681
f 7607/3670 7599/3679 7606/3680
f 5868/3681 5862/3679 5869/3680
f 5957/2533 5870/3670 5834/3671
f 5957/2533 5871/3667 5870/3670
f 5871/3667 7608/3667 5870/3670
f 7600/2610 7599/3679 5862/3679
f 7598/3678 7599/3679 7571/3671
f 7598/3678 7571/3671 7597/3675
f 5860/3675 5834/3671 5861/3678
f 7573/3677 7572/3674 5835/3674
f 7572/3674 7597/3675 7571/3671
f 5957/2533 5834/3671 5782/2540
f 5832/3673 7569/3673 5831/2546
f 7569/3673 7568/2546 5831/2546
f 7569/3673 7519/2540 7568/2546
f 7571/3671 7570/3672 5833/3672
f 7599/3679 7607/3670 7571/3671
f 7608/3667 7607/3670 5870/3670
f 7614/3636 7613/3668 5876/3668
f 5876/3668 5871/3667 5878/3669
f 5878/3669 5871/3667 5879/3633
f 7601/3666 7608/3667 5871/3667
f 7602/3663 7766/3661 7601/3666
f 7603/3665 7721/3664 7602/3663
f 7604/3682 7603/3665 5866/3665
f 5984/3664 5867/3682 5866/3665
f 6027/3685 5984/3664 6028/3662
f 5864/3666 6029/3661 5865/3663
f 7766/3661 7765/3662 6028/3662
f 7612/3660 7601/3666 7766/3661
f 7612/3660 7611/3659 5874/3659
f 5874/3659 7611/3659 5873/3645
f 5875/3660 6019/3658 6030/3657
f 6030/3657 7767/3657 6029/3661
f 7756/3658 7767/3657 7755/3656
f 7755/3656 7754/3654 6017/3654
f 6031/3653 6018/3656 6017/3654
f 7769/3652 7768/3653 6031/3653
f 7759/2326 7752/3651 7769/3652
f 7760/3692 7759/2326 6022/2326
f 6015/3651 6032/3652 6016/3655
f 7753/3655 7752/3651 6015/3651
f 7759/2326 7751/3650 7752/3651
f 7750/2327 7745/3648 7758/3647
f 6020/3643 7757/3643 6019/3658
f 7746/3649 7747/3642 7758/3647
f 7610/3645 7611/3659 7757/3643
f 7611/3659 7610/3645 5873/3645
f 6020/3643 5874/3659 5873/3645
f 6020/3643 6010/3642 6021/3647
f 7748/3640 7747/3642 6010/3642
f 7749/3641 7709/3639 7748/3640
f 7744/2328 7749/3641 6012/3641
f 6012/3641 5972/3639 5971/3646
f 5882/3637 6011/3640 5872/3644
f 5973/3638 7710/3638 5972/3639
f 7711/3634 7710/3638 5973/3638
f 5974/3634 7711/3634 5973/3638
f 7712/2330 7711/3634 5974/3634
f 5975/2330 7712/2330 5974/3634
f 5973/3638 5881/3635 5974/3634
f 7609/3644 7619/3637 5882/3637
f 7619/3637 7710/3638 7618/3635
f 5879/3633 7616/3633 5878/3669
f 7618/3635 7617/3636 5880/3636
f 7711/3634 7618/3635 7710/3638
f 7693/3632 7694/2533 7616/3633
f 5879/3633 5974/3634 5881/3635
f 5957/2533 5879/3633 5871/3667
f 7694/2533 7693/3632 5956/3632
f 7695/3617 7696/3611 7429/3609
f 7428/3610 7429/3609 7696/3611
f 7411/3584 7420/3615 5683/3615
f 7420/3615 7425/3616 7419/3614
f 5682/3614 5689/3613 5688/3616
f 7427/3612 7426/3613 5689/3613
f 7428/3610 7696/3611 7427/3612
f 5690/3612 5960/3376 5959/3611
f 5692/3609 5959/3611 5958/3617
f 7429/3609 7428/3610 5691/3610
f 7430/3608 7442/3607 7429/3609
f 7431/3606 7430/3608 5693/3608
f 5705/3607 5692/3609 5958/3617
f 5694/3606 7431/3606 5693/3608
f 5684/3604 5705/3607 5704/3530
f 7421/3604 7431/3606 5694/3606
f 7422/3605 7434/3603 7421/3604
f 7433/3600 7434/3603 7422/3605
f 7422/3605 7371/3598 7433/3600
f 7422/3605 7423/3597 7371/3598
f 7371/3598 7423/3597 7394/3596
f 7423/3597 7424/3593 7394/3596
f 7424/3593 7423/3597 5686/3597
f 5686/3597 7423/3597 5685/3605
f 7423/3597 7422/3605 5685/3605
f 5685/3605 5697/3603 5696/3600
f 5697/3603 7434/3603 5696/3600
f 5698/3602 5684/3604 5704/3530
f 7435/3602 7434/3603 5697/3603
f 7432/3529 7433/3600 7372/3599
f 7432/3529 7372/3599 7373/3601
f 7434/3603 7433/3600 5696/3600
f 5696/3600 5634/3598 5685/3605
f 7373/3601 7372/3599 5635/3599
f 7372/3599 7433/3600 7371/3598
f 5634/3598 5686/3597 5685/3605
f 5687/3593 7424/3593 5686/3597
f 7371/3598 7394/3596 5657/3596
f 7393/3595 7394/3596 7424/3593
f 7392/3594 7393/3595 7424/3593
f 7391/3592 7392/3594 7424/3593
f 5687/3593 5656/3595 5655/3594
f 5653/3591 5674/3584 5687/3593
f 7392/3594 7391/3592 5654/3592
f 7391/3592 7424/3593 7390/3591
f 5652/3582 5674/3584 5653/3591
f 5674/3584 7411/3584 5683/3615
f 7390/3591 7411/3584 7389/3582
f 7413/3421 7412/3583 5675/3583
f 7389/3582 7388/3556 5651/3556
f 7388/3556 7387/3557 5650/3557
f 5650/3557 7387/3557 5649/3558
f 5651/3556 7388/3556 5650/3557
f 5676/3421 5651/3556 5524/3555
f 5524/3555 5647/3553 5525/3580
f 7386/3558 7385/3554 5648/3554
f 7385/3554 7261/3555 7384/3553
f 7384/3553 7383/3552 5646/3552
f 7383/3552 7384/3553 7382/3551
f 5647/3553 5645/3551 5527/3550
f 7265/3549 7264/3550 5527/3550
f 7266/3547 7381/3546 7265/3549
f 7267/3548 7380/3545 7266/3547
f 7247/3544 7267/3548 5530/3548
f 5528/3549 5644/3546 5529/3547
f 7382/3551 7381/3546 5644/3546
f 7380/3545 7381/3546 7266/3547
f 5643/3545 5510/3544 5530/3548
f 5510/3544 5210/3527 5511/3579
f 7380/3545 7379/3543 5642/3543
f 5640/3541 7377/3541 5639/3542
f 7375/3540 7376/3542 7377/3541
f 7375/3540 7374/3528 5637/3528
f 7379/3543 6947/3527 7378/3539
f 7432/3529 7373/3601 7374/3528
f 7441/3530 7435/3602 7432/3529
f 7441/3530 7440/3531 5703/3531
f 5701/2495 4816/2493 5702/3532
f 5704/3530 7441/3530 5703/3531
f 5695/3529 5698/3602 5704/3530
f 5637/3528 5636/3601 5695/3529
f 5637/3528 5210/3527 5641/3539
f 6948/3526 6947/3527 5210/3527
f 6949/3524 6566/3525 6948/3526
f 4829/3525 5211/3526 4816/2493
f 4828/3517 5213/3523 4829/3525
f 6950/3523 6949/3524 5212/3524
f 6951/3522 6618/3520 6950/3523
f 6951/3522 6617/3521 6618/3520
f 6951/3522 6613/3693 6617/3521
f 6617/3521 6613/3693 6616/3694
f 6617/3521 6616/3694 4879/3694
f 4880/3521 6617/3521 4879/3694
f 4879/3694 4876/3693 4880/3521
f 4876/3693 4879/3694 4877/3695
f 4877/3695 6614/3695 4876/3693
f 6614/3695 6613/3693 4876/3693
f 4876/3693 6613/3693 4875/3696
f 5215/3503 4876/3693 4875/3696
f 5215/3503 4875/3696 4897/3697
f 5215/3503 4897/3697 4896/3698
f 4897/3697 6634/3697 4896/3698
f 6634/3697 6633/3698 4896/3698
f 4896/3698 6633/3698 4895/3505
f 6633/3698 6634/3697 6952/3503
f 6632/3505 6633/3698 6952/3503
f 6634/3697 6612/3696 6952/3503
f 6612/3696 6613/3693 6952/3503
f 6612/3696 6634/3697 4897/3697
f 4875/3696 6612/3696 4897/3697
f 4876/3693 5215/3503 5214/3522
f 5215/3503 6952/3503 5214/3522
f 6613/3693 6612/3696 4875/3696
f 6615/3699 6614/3695 4877/3695
f 4878/3699 6615/3699 4877/3695
f 6616/3694 6615/3699 4878/3699
f 6614/3695 6615/3699 6616/3694
f 4879/3694 4878/3699 4877/3695
f 4879/3694 6616/3694 4878/3699
f 6614/3695 6616/3694 6613/3693
f 6951/3522 6952/3503 6613/3693
f 6952/3503 6951/3522 5214/3522
f 5213/3523 4828/3517 4881/3520
f 4880/3521 4876/3693 5214/3522
f 6618/3520 6617/3521 4880/3521
f 6619/3519 6565/3517 6618/3520
f 6620/3518 6565/3517 6619/3519
f 6620/3518 6621/3516 6565/3517
f 6565/3517 6621/3516 6622/3515
f 6565/3517 6622/3515 6564/3511
f 6621/3516 6620/3518 4883/3518
f 4881/3520 4828/3517 4882/3519
f 4884/3516 6621/3516 4883/3518
f 6622/3515 6621/3516 4884/3516
f 6623/3514 6564/3511 6622/3515
f 6623/3514 6624/3513 6564/3511
f 6624/3513 6623/3514 4886/3514
f 4827/3511 4885/3515 4828/3517
f 4887/3513 6624/3513 4886/3514
f 6625/3508 6624/3513 4887/3513
f 4888/3508 6625/3508 4887/3513
f 6626/3700 6625/3508 4888/3508
f 4889/3700 6626/3700 4888/3508
f 4888/3508 4891/3701 4889/3700
f 4889/3700 4891/3701 4890/3702
f 4890/3702 6627/3702 4889/3700
f 6628/3701 6627/3702 4890/3702
f 6627/3702 6628/3701 6626/3700
f 4891/3701 6628/3701 4890/3702
f 6629/3507 6628/3701 4891/3701
f 4892/3507 6629/3507 4891/3701
f 6629/3507 6625/3508 6628/3701
f 6625/3508 6629/3507 6953/3502
f 6533/3509 6625/3508 6953/3502
f 6629/3507 6630/3506 6953/3502
f 6627/3702 6626/3700 4889/3700
f 6626/3700 6628/3701 6625/3508
f 6625/3508 6533/3509 6624/3513
f 6624/3513 6533/3509 6563/3512
f 6565/3517 6564/3511 4827/3511
f 6563/3512 6564/3511 6624/3513
f 4826/3512 4796/3509 4887/3513
f 6563/3512 6562/3510 4825/3510
f 4824/3511 6561/3511 4823/2465
f 6563/3512 6533/3509 6562/3510
f 4887/3513 4796/3509 4888/3508
f 4891/3701 4888/3508 4892/3507
f 6630/3506 6629/3507 4892/3507
f 6630/3506 6631/3504 6953/3502
f 6952/3503 6953/3502 6631/3504
f 6632/3505 6952/3503 6631/3504
f 6633/3698 6632/3505 4895/3505
f 5215/3503 4896/3698 4895/3505
f 5216/3502 4894/3504 4893/3506
f 6953/3502 6952/3503 5215/3503
f 6533/3509 6953/3502 6532/3428
f 6595/3486 6594/3487 4857/3487
f 6596/3477 6595/3486 4858/3486
f 6532/3428 6531/3479 4794/3479
f 4794/3479 4859/3477 4858/3486
f 4776/3475 4793/3478 4777/3481
f 4859/3477 6596/3477 4858/3486
f 6596/3477 6513/3475 6530/3478
f 6598/3474 6597/3476 4860/3476
f 4861/3474 6598/3474 4860/3476
f 6514/3481 6513/3475 4776/3475
f 4776/3475 4861/3474 4860/3476
f 6599/3473 6598/3474 4861/3474
f 6600/3472 6512/3452 6599/3473
f 6601/3471 6512/3452 6600/3472
f 6602/3470 6512/3452 6601/3471
f 4862/3473 4775/3452 4863/3472
f 6602/3470 6601/3471 4864/3471
f 6604/3469 6606/3468 6603/3451
f 6607/3466 6603/3451 6606/3468
f 6605/3703 6606/3468 6604/3469
f 6606/3468 6605/3703 4868/3703
f 4869/3468 6606/3468 4868/3703
f 4868/3703 6605/3703 4867/3469
f 6605/3703 6604/3469 4867/3469
f 4867/3469 4869/3468 4868/3703
f 6607/3466 6606/3468 4869/3468
f 6608/3467 6675/3465 6607/3466
f 6675/3465 6676/3450 6607/3466
f 6609/3496 6608/3467 4871/3467
f 4871/3467 4938/3465 4937/3499
f 6676/3450 6675/3465 4938/3465
f 6676/3450 6603/3451 6607/3466
f 6603/3451 6512/3452 6602/3470
f 6512/3452 6511/2450 4774/2450
f 4775/3452 6512/3452 4774/2450
f 4865/3470 4775/3452 4866/3451
f 4870/3466 4866/3451 4939/3450
f 4940/3449 6677/3449 4939/3450
f 4940/3449 4944/3448 4941/3462
f 6682/3447 6681/3448 4944/3448
f 6683/3446 7234/3444 6682/3447
f 6684/3445 6683/3446 4946/3446
f 4945/3447 5498/3386 5497/3444
f 4947/3445 6684/3445 4946/3446
f 4948/3442 6685/3442 4947/3445
f 5497/3444 5491/3454 5490/3443
f 6686/3441 6685/3442 4948/3442
f 6687/3439 7226/3440 6686/3441
f 5489/3440 4949/3441 5490/3443
f 6688/3438 6687/3439 4950/3439
f 6689/3436 7225/3437 6688/3438
f 4951/3438 5489/3440 5488/3437
f 6663/3435 6689/3436 4952/3436
f 6664/3433 7224/3434 6663/3435
f 6665/3458 6664/3433 4927/3433
f 4926/3435 5488/3437 5487/3434
f 4929/3432 4928/3458 4927/3433
f 6667/3431 6666/3432 4929/3432
f 6668/3430 6955/3426 6667/3431
f 6669/3490 6668/3430 4931/3430
f 5487/3434 5218/3426 4930/3431
f 4856/3429 4932/3490 4931/3430
f 4856/3429 4795/3428 4857/3487
f 5216/3502 4795/3428 5217/3427
f 6955/3426 6954/3427 5217/3427
f 6956/3424 7223/3425 6955/3426
f 5218/3426 5487/3434 5486/3425
f 5220/3423 5486/3425 5485/3456
f 6957/3423 6956/3424 5219/3424
f 6958/3422 7220/3420 6957/3423
f 6939/3564 6958/3422 5221/3422
f 5483/3420 5220/3423 5484/3457
f 5676/3421 5523/3559 5221/3422
f 7221/3457 7220/3420 5483/3420
f 7220/3420 7413/3421 7219/3403
f 5481/3405 5592/3408 5590/3404
f 5590/3404 7327/3404 5589/3402
f 5482/3403 5588/3401 5676/3421
f 7327/3404 7326/3402 5589/3402
f 7326/3402 7219/3403 7325/3401
f 7324/3400 7325/3401 7368/3399
f 5631/3399 5588/3401 5587/3400
f 5632/3398 7369/3398 5631/3399
f 5632/3398 5607/3396 5633/3586
f 7324/3400 7345/3397 5608/3397
f 7345/3397 7369/3398 7344/3396
f 7344/3396 7343/3395 5606/3395
f 7343/3395 7344/3396 7342/3394
f 5576/3392 5607/3396 5605/3394
f 5603/3391 5577/3389 5576/3392
f 5577/3389 7314/3389 5576/3392
f 7342/3394 7341/3393 5604/3393
f 5603/3391 7340/3391 5602/3390
f 7341/3393 7342/3394 7313/3392
f 7314/3389 7313/3392 5576/3392
f 7340/3391 7339/3390 5602/3390
f 7339/3390 7237/3388 7336/3416
f 7315/3385 7314/3389 5577/3389
f 7237/3388 7236/3387 5499/3387
f 7236/3387 7235/3386 5498/3386
f 7235/3386 6498/2445 6510/2447
f 7316/2444 7315/3385 5578/3385
f 5579/2444 7316/2444 5578/3385
f 7317/3382 7316/2444 5579/2444
f 5580/3382 7317/3382 5579/2444
f 6767/2443 6763/3383 6766/3704
f 6767/2443 6766/3704 5029/3704
f 5030/2443 6767/2443 5029/3704
f 5029/3704 5026/3383 5030/2443
f 5026/3383 5029/3704 5027/3705
f 5027/3705 6764/3705 5026/3383
f 6765/3706 6764/3705 5027/3705
f 5028/3706 6765/3706 5027/3705
f 6766/3704 6765/3706 5028/3706
f 6764/3705 6765/3706 6766/3704
f 5029/3704 5028/3706 5027/3705
f 5029/3704 6766/3704 5028/3706
f 6764/3705 6766/3704 6763/3383
f 6764/3705 6763/3383 5026/3383
f 5580/3382 5030/2443 5026/3383
f 7318/3372 7317/3382 5580/3382
f 7319/3380 7416/3378 7318/3372
f 7415/3379 7416/3378 7319/3380
f 7320/3381 7415/3379 7319/3380
f 7321/3589 7320/3381 5583/3381
f 5583/3381 5678/3379 5677/3585
f 5581/3372 5679/3378 5582/3380
f 7416/3378 7415/3379 5678/3379
f 7417/3375 7318/3372 7416/3378
f 7418/3377 7697/3376 7417/3375
f 7419/3614 7418/3377 5681/3377
f 5960/3376 5690/3612 5681/3377
f 5961/3374 7698/3374 5960/3376
f 5679/3378 5581/3372 5680/3375
f 7699/3373 7698/3374 5961/3374
f 7699/3373 7318/3372 7698/3374
f 7318/3372 6786/2940 7317/3382
f 6785/3384 6786/2940 6784/2942
f 6784/2942 6783/2943 5046/2943
f 6783/2943 6782/2944 5045/2944
f 6781/2945 6777/3192 6780/3194
f 5043/3194 5040/3192 5044/2945
f 6779/3195 6778/3193 5041/3193
f 6778/3193 6780/3194 6777/3192
f 6573/3317 6390/3185 6777/3192
f 5039/3186 6776/3186 5038/3187
f 5039/3186 4653/3185 5040/3192
f 6385/3184 6390/3185 4653/3185
f 4653/3185 6390/3185 4652/3167
f 6489/2440 6775/3187 6385/3184
f 6490/3707 6489/2440 4752/2440
f 4753/3707 6490/3707 4752/2440
f 6491/2436 6490/3707 4753/3707
f 6490/3707 6491/2436 6496/2437
f 6490/3707 6496/2437 6489/2440
f 6769/2439 6489/2440 6496/2437
f 4649/3169 4648/3184 4752/2440
f 4650/3168 4751/3170 4740/3172
f 6387/3168 6386/3169 4649/3169
f 6388/3166 6466/3165 6387/3168
f 6395/3163 6466/3165 6388/3166
f 6395/3163 6465/3164 6466/3165
f 6466/3165 6465/3164 4728/3164
f 4728/3164 6465/3164 4727/3708
f 4643/3709 4728/3164 4727/3708
f 4643/3709 4727/3708 4644/3710
f 4644/3710 6381/3710 4643/3709
f 6381/3710 6380/3709 4643/3709
f 4643/3709 6380/3709 4642/3711
f 4659/3104 4643/3709 4642/3711
f 6380/3709 6379/3711 4642/3711
f 4642/3711 6379/3711 4641/3712
f 4641/3712 4633/3106 4642/3711
f 4633/3106 4641/3712 4634/3713
f 4634/3713 6371/3713 4633/3106
f 6372/3714 6371/3713 4634/3713
f 4635/3714 6372/3714 4634/3713
f 4634/3713 4640/3715 4635/3714
f 4640/3715 4627/2416 4635/3714
f 4627/2416 6364/2416 4635/3714
f 6364/2416 6372/3714 4635/3714
f 6372/3714 6364/2416 6377/3715
f 6376/2417 6377/3715 6364/2416
f 6376/2417 6364/2416 6365/2415
f 6372/3714 6377/3715 6371/3713
f 6377/3715 6378/3712 6371/3713
f 6371/3713 6378/3712 6370/3106
f 6379/3711 6370/3106 6378/3712
f 6370/3106 6379/3711 6396/3104
f 6378/3712 6377/3715 4640/3715
f 4641/3712 6378/3712 4640/3715
f 4640/3715 6377/3715 4639/2417
f 4634/3713 4641/3712 4640/3715
f 6379/3711 6378/3712 4641/3712
f 6379/3711 6380/3709 6396/3104
f 6380/3709 6465/3164 6396/3104
f 6464/3708 6465/3164 6380/3709
f 6381/3710 6464/3708 6380/3709
f 6464/3708 6381/3710 6463/3716
f 6464/3708 6463/3716 4726/3716
f 4727/3708 6464/3708 4726/3716
f 4726/3716 6463/3716 4725/3717
f 4645/3718 4726/3716 4725/3717
f 4645/3718 4725/3717 4646/3719
f 4646/3719 6383/3719 4645/3718
f 6383/3719 6382/3718 4645/3718
f 4645/3718 6382/3718 4644/3710
f 6383/3719 6462/3717 6382/3718
f 6462/3717 6463/3716 6382/3718
f 6383/3719 6384/3720 6462/3717
f 6461/2421 6462/3717 6384/3720
f 6461/2421 6384/3720 6373/3721
f 6373/3721 6374/2419 6461/2421
f 6374/2419 6373/3721 4636/3721
f 4637/2419 6374/2419 4636/3721
f 4636/3721 6373/3721 4647/3720
f 4636/3721 4647/3720 4724/2421
f 4647/3720 4725/3717 4724/2421
f 4725/3717 6462/3717 4724/2421
f 6373/3721 6384/3720 4647/3720
f 4647/3720 6384/3720 4646/3719
f 6384/3720 6383/3719 4646/3719
f 4725/3717 4647/3720 4646/3719
f 4644/3710 4726/3716 4645/3718
f 6463/3716 6462/3717 4725/3717
f 6382/3718 6463/3716 6381/3710
f 6382/3718 6381/3710 4644/3710
f 4726/3716 4644/3710 4727/3708
f 6465/3164 6464/3708 4727/3708
f 6395/3163 6396/3104 6465/3164
f 6389/3167 6395/3163 6388/3166
f 6390/3185 6389/3167 4652/3167
f 4658/3163 4653/3185 4652/3167
f 4650/3168 4729/3165 4651/3166
f 4729/3165 6466/3165 4728/3164
f 4659/3104 4728/3164 4643/3709
f 6396/3104 6395/3163 4658/3163
f 6353/3108 6345/2411 6368/2413
f 6345/2411 6353/3108 4616/3108
f 4608/2411 6345/2411 4616/3108
f 6369/3105 6370/3106 6396/3104
f 6371/3713 6370/3106 4633/3106
f 4659/3104 4642/3711 4633/3106
f 4614/3101 4632/3105 4615/3107
f 4660/3103 6397/3103 4659/3104
f 4673/3102 4661/3109 4660/3103
f 4613/3096 4674/3151 4673/3102
f 6352/3107 6351/3101 4614/3101
f 6351/3101 6410/3102 6350/3096
f 4613/3096 4604/3094 4674/3151
f 6343/3098 6342/3095 4605/3095
f 6342/3095 6350/3096 6341/3094
f 4604/3094 4675/3093 4674/3151
f 4684/3092 4683/3153 4675/3093
f 4684/3092 4553/3055 4685/3160
f 6341/3094 6340/3091 4603/3091
f 6340/3091 6290/3055 6339/3090
f 6339/3090 6290/3055 6338/3063
f 6337/3067 6338/3063 6293/3065
f 4599/3089 6336/3089 4598/3100
f 6336/3089 6546/2406 6348/2408
f 6284/3065 6285/3068 6283/3069
f 4546/3069 4548/3068 4547/3065
f 4548/3068 4809/2406 4549/3070
f 4599/3089 4809/2406 4600/3067
f 4556/3065 4601/3063 4600/3067
f 6283/3069 6282/3066 4545/3066
f 6337/3067 6293/3065 6282/3066
f 6292/3064 6293/3065 6338/3063
f 6291/3062 6292/3064 6338/3063
f 4601/3063 4556/3065 4555/3064
f 4601/3063 4553/3055 4602/3090
f 6292/3064 6291/3062 4554/3062
f 6291/3062 6338/3063 6290/3055
f 4552/3060 6289/3060 4551/3076
f 6210/3054 6211/3056 6290/3055
f 6211/3056 6208/3058 6195/3059
f 6195/3059 6208/3058 4471/3058
f 4471/3058 6208/3058 4470/3722
f 6208/3058 6207/3722 4470/3722
f 4470/3722 6207/3722 4469/3723
f 4469/3723 4476/3724 4470/3722
f 4470/3722 4476/3724 4475/3057
f 4476/3724 6213/3724 4475/3057
f 6214/3725 6213/3724 4476/3724
f 4477/3725 6214/3725 4476/3724
f 6215/2367 6214/3725 4477/3725
f 4478/2367 6215/2367 4477/3725
f 4468/3726 4478/2367 4477/3725
f 4468/3726 4477/3725 4469/3723
f 4469/3723 6206/3723 4468/3726
f 6206/3723 6205/3726 4468/3726
f 4468/3726 6205/3726 4467/2369
f 6206/3723 6214/3725 6205/3726
f 6214/3725 6215/2367 6205/3726
f 6204/2369 6205/3726 6215/2367
f 6213/3724 6214/3725 6206/3723
f 6207/3722 6213/3724 6206/3723
f 6212/3057 6213/3724 6207/3722
f 4469/3723 4477/3725 4476/3724
f 6207/3722 6206/3723 4469/3723
f 6208/3058 6212/3057 6207/3722
f 6196/3061 6245/3075 6289/3060
f 6197/3077 6196/3061 4459/3061
f 4552/3060 4508/3075 4459/3061
f 4458/3059 6195/3059 4471/3058
f 4470/3722 4475/3057 4471/3058
f 6213/3724 6212/3057 4475/3057
f 6211/3056 6212/3057 6208/3058
f 4552/3060 4474/3056 4553/3055
f 4685/3160 4553/3055 4472/3053
f 6211/3056 6210/3054 4473/3054
f 6210/3054 6290/3055 6209/3053
f 4472/3053 4687/3052 4686/3161
f 4688/3051 6425/3051 4687/3052
f 6426/3048 6425/3051 4688/3051
f 6425/3051 6426/3048 6220/3049
f 4483/3049 4689/3048 4688/3051
f 6209/3053 6221/3050 4484/3050
f 6221/3050 6425/3051 6220/3049
f 4482/3046 4689/3048 4483/3049
f 4689/3048 6426/3048 4688/3051
f 6220/3049 6426/3048 6219/3046
f 6428/3042 6427/3047 4690/3047
f 6219/3046 6218/3045 4481/3045
f 4481/3045 6218/3045 4480/2366
f 6228/3044 6229/2364 6217/2366
f 6229/2364 6228/3044 4491/3044
f 4492/2364 6229/2364 4491/3044
f 4692/3041 4490/3043 4489/3038
f 4480/2366 4691/3042 4481/3045
f 6429/3041 6428/3042 4691/3042
f 6430/3039 6226/3038 6429/3041
f 6431/3040 6225/3036 6430/3039
f 6432/3021 6431/3040 4694/3040
f 4695/3021 6432/3021 4694/3040
f 4513/3024 4695/3021 4694/3040
f 6431/3040 6432/3021 6250/3024
f 6249/3022 6250/3024 6432/3021
f 6433/3020 6249/3022 6432/3021
f 4488/3036 4513/3024 4694/3040
f 4692/3041 4489/3038 4693/3039
f 6227/3043 6226/3038 4489/3038
f 6225/3036 6226/3038 6430/3039
f 4487/3037 6224/3037 4486/3025
f 6224/3037 6223/3025 4486/3025
f 6431/3040 6250/3024 6225/3036
f 6223/3025 6222/3026 4485/3026
f 6222/3026 6235/3027 4498/3027
f 6235/3027 6234/3028 4497/3028
f 4497/3028 6234/3028 4496/3727
f 6234/3028 6233/3727 4496/3727
f 4496/3727 6233/3727 4495/3029
f 6233/3727 6232/3029 4495/3029
f 4495/3029 6232/3029 4494/2363
f 4494/2363 4449/3728 4495/3029
f 4449/3728 4494/2363 4450/3729
f 4450/3729 6187/3729 4449/3728
f 6187/3729 6186/3728 4449/3728
f 4449/3728 6186/3728 4448/3730
f 4447/3030 4449/3728 4448/3730
f 4448/3730 6185/3730 4447/3030
f 6185/3730 6184/3030 4447/3030
f 6185/3730 6186/3728 6184/3030
f 6186/3728 6185/3730 4448/3730
f 6187/3729 6231/2363 6186/3728
f 6232/3029 6186/3728 6231/2363
f 6187/3729 6188/2361 6231/2363
f 6188/2361 6187/3729 4450/3729
f 4451/2361 6188/2361 4450/3729
f 6233/3727 6234/3028 6232/3029
f 6186/3728 6232/3029 6184/3030
f 6184/3030 6194/3031 4457/3031
f 6194/3031 6193/3032 4456/3032
f 6193/3032 6192/3034 4455/3034
f 4455/3034 6192/3034 4454/2359
f 4454/2359 4419/3731 4455/3034
f 4454/2359 4420/3732 4419/3731
f 4420/3732 6157/3732 4419/3731
f 6157/3732 6156/3731 4419/3731
f 4419/3731 6156/3731 4418/3035
f 6156/3731 6157/3732 6191/2359
f 6192/3034 6156/3731 6191/2359
f 6157/3732 6158/2357 6191/2359
f 6158/2357 6157/3732 4420/3732
f 4421/2357 6158/2357 4420/3732
f 6192/3034 6155/3035 6156/3731
f 6156/3731 6155/3035 4418/3035
f 4419/3731 4418/3035 4455/3034
f 4456/3032 6193/3032 4455/3034
f 4457/3031 6194/3031 4456/3032
f 4447/3030 6184/3030 4457/3031
f 4447/3030 4495/3029 4449/3728
f 4495/3029 4497/3028 4496/3727
f 4498/3027 6235/3027 4497/3028
f 4485/3026 6222/3026 4498/3027
f 4486/3025 6223/3025 4485/3026
f 4486/3025 4513/3024 4488/3036
f 6248/3023 6250/3024 4513/3024
f 4513/3024 6250/3024 4512/3022
f 6433/3020 6248/3023 6249/3022
f 6433/3020 6256/3015 6248/3023
f 6250/3024 6249/3022 4512/3022
f 4695/3021 4513/3024 4512/3022
f 6433/3020 6432/3021 4695/3021
f 6434/3018 6256/3015 6433/3020
f 6255/3017 6256/3015 6434/3018
f 6435/3019 6255/3017 6434/3018
f 6254/3733 6255/3017 6435/3019
f 6436/3734 6254/3733 6435/3019
f 6436/3734 6437/2979 6254/3733
f 6253/3735 6254/3733 6437/2979
f 6253/3735 6437/2979 6252/2980
f 6253/3735 6252/2980 4515/2980
f 4516/3735 6253/3735 4515/2980
f 6438/2973 6252/2980 6437/2979
f 6438/2973 6251/2981 6252/2980
f 6252/2980 6251/2981 4514/2981
f 4514/2981 6251/2981 4523/3008
f 6438/2973 6299/2982 6251/2981
f 6254/3733 6253/3735 4516/3735
f 4517/3733 6254/3733 4516/3735
f 4700/2979 4517/3733 4516/3735
f 4517/3733 4700/2979 4699/3734
f 4698/3019 4517/3733 4699/3734
f 4699/3734 6436/3734 4698/3019
f 4700/2979 6437/2979 4699/3734
f 6437/2979 6436/3734 4699/3734
f 6255/3017 6254/3733 4517/3733
f 4518/3017 6255/3017 4517/3733
f 6436/3734 6435/3019 4698/3019
f 4698/3019 4518/3017 4517/3733
f 4696/3020 4519/3015 4697/3018
f 6256/3015 6255/3017 4518/3017
f 6248/3023 6256/3015 6934/3016
f 6935/2345 6934/3016 5197/3016
f 5197/3016 4519/3015 4511/3023
f 4520/3013 6257/3013 4519/3015
f 6257/3013 6280/2998 6933/3014
f 6280/2998 6279/3012 4542/3012
f 4542/3012 4521/3010 4543/2998
f 6259/3009 6258/3010 4521/3010
f 6260/3008 6277/3007 6259/3009
f 6251/2981 6260/3008 4523/3008
f 6251/2981 6276/3006 6260/3008
f 4522/3009 4541/3011 4540/3007
f 6278/3011 6277/3007 4540/3007
f 6276/3006 6277/3007 6260/3008
f 4523/3008 4539/3006 4514/2981
f 4563/3005 6300/3005 4562/2982
f 6300/3005 6251/2981 6299/2982
f 6275/3004 6276/3006 6251/2981
f 6329/3002 6330/3001 6274/3000
f 6330/3001 6329/3002 4592/3002
f 4537/3000 4591/3003 4538/3004
f 4593/3001 6330/3001 4592/3002
f 6331/2991 6330/3001 4593/3001
f 4594/2991 6331/2991 4593/3001
f 6331/2991 6273/2995 6330/3001
f 4593/3001 4536/2995 4594/2991
f 4594/2991 4536/2995 4570/2994
f 5195/2967 4570/2994 4536/2995
f 6275/3004 6274/3000 4537/3000
f 6274/3000 6330/3001 6273/2995
f 6273/2995 6272/2999 4535/2999
f 5195/2967 4536/2995 4534/2996
f 4543/2998 5196/3014 5195/2967
f 4543/2998 6280/2998 4542/3012
f 6932/2967 6933/3014 6280/2998
f 6271/2996 6281/2997 4544/2997
f 6272/2999 6273/2995 6271/2996
f 6307/2994 6273/2995 6331/2991
f 6306/2992 6307/2994 6331/2991
f 6332/2990 6306/2992 6331/2991
f 6304/2989 6451/2969 6303/2968
f 6931/2966 6303/2968 6451/2969
f 6304/2989 6333/2988 6451/2969
f 6333/2988 6334/2987 6451/2969
f 6305/2993 6332/2990 6304/2989
f 6305/2993 6306/2992 6332/2990
f 6307/2994 6306/2992 4569/2992
f 4594/2991 4570/2994 4569/2992
f 6332/2990 6331/2991 4594/2991
f 6333/2988 6304/2989 6332/2990
f 4567/2989 4595/2990 4568/2993
f 6334/2987 6333/2988 4596/2988
f 6334/2987 6326/2971 6451/2969
f 6450/2970 6451/2969 6326/2971
f 6450/2970 6326/2971 6297/2972
f 6450/2970 6297/2972 6438/2973
f 6302/2984 6326/2971 6327/2986
f 6328/3003 6327/2986 4590/2986
f 4564/2985 4591/3003 4590/2986
f 6302/2984 6301/2985 4564/2985
f 6302/2984 6297/2972 6326/2971
f 6438/2973 6297/2972 6298/2983
f 6438/2973 6298/2983 6299/2982
f 6300/3005 6299/2982 4562/2982
f 4562/2982 4514/2981 4563/3005
f 4515/2980 6252/2980 4514/2981
f 4515/2980 4700/2979 4516/3735
f 6438/2973 6437/2979 4700/2979
f 6439/2978 6446/2977 6438/2973
f 6447/2976 6438/2973 6446/2977
f 6449/2974 6438/2973 6447/2976
f 6445/3736 6446/2977 6439/2978
f 6440/3737 6445/3736 6439/2978
f 6444/3738 6445/3736 6440/3737
f 6441/3739 6444/3738 6440/3737
f 6441/3739 6440/3737 4703/3737
f 4704/3739 6441/3739 4703/3737
f 4703/3737 4707/3738 4704/3739
f 4704/3739 4707/3738 4706/3740
f 4704/3739 4706/3740 4705/3741
f 4705/3741 6442/3741 4704/3739
f 6443/3740 6442/3741 4705/3741
f 6442/3741 6443/3740 6441/3739
f 4706/3740 6443/3740 4705/3741
f 6444/3738 6443/3740 4706/3740
f 4707/3738 6444/3738 4706/3740
f 4703/3737 4708/3736 4707/3738
f 4708/3736 6445/3736 4707/3738
f 4702/2978 4708/3736 4703/3737
f 6442/3741 6441/3739 4704/3739
f 4703/3737 6440/3737 4702/2978
f 6443/3740 6444/3738 6441/3739
f 6445/3736 6444/3738 4707/3738
f 6446/2977 6445/3736 4708/3736
f 4709/2977 6446/2977 4708/3736
f 6440/3737 6439/2978 4702/2978
f 4702/2978 4709/2977 4708/3736
f 6447/2976 6446/2977 4709/2977
f 6447/2976 6448/2975 6449/2974
f 6449/2974 6448/2975 4711/2975
f 6450/2970 6438/2973 6449/2974
f 4710/2976 4701/2973 4712/2974
f 4561/2983 4560/2972 4701/2973
f 4589/2971 4560/2972 4565/2984
f 4714/2969 4589/2971 4597/2987
f 6451/2969 6450/2970 4713/2970
f 6451/2969 6452/2964 6931/2966
f 6453/2960 6452/2964 4715/2964
f 6453/2960 6928/2962 6452/2964
f 4566/2968 4714/2969 4567/2989
f 5195/2967 4566/2968 4570/2994
f 6933/3014 6932/2967 5195/2967
f 6931/2966 6932/2967 6303/2968
f 6930/2965 6931/2966 6452/2964
f 6930/2965 6452/2964 6929/2963
f 4715/2964 5194/2966 5193/2965
f 4715/2964 5191/2962 4716/2960
f 6930/2965 6929/2963 5192/2963
f 6929/2963 6452/2964 6928/2962
f 6927/2961 6928/2962 6453/2960
f 4716/2960 5191/2962 5190/2961
f 4997/3298 4716/2960 5085/2959
f 5276/2950 5085/2959 5188/2957
f 6927/2961 6926/2958 5189/2958
f 6926/2958 6822/2959 6925/2957
f 6925/2957 7013/2950 6924/2952
f 5186/2956 6923/2956 5185/3742
f 5185/3742 5062/3743 5186/2956
f 5186/2956 5062/3743 5061/2953
f 5062/3743 6799/3743 5061/2953
f 6799/3743 6798/2953 5061/2953
f 5061/2953 6798/2953 5060/3744
f 6798/2953 6797/3744 5060/3744
f 5060/3744 6797/3744 5059/3745
f 5131/2954 5060/3744 5059/3745
f 5058/3746 5131/2954 5059/3745
f 5059/3745 6796/3745 5058/3746
f 6796/3745 6795/3746 5058/3746
f 5058/3746 6795/3746 5080/3747
f 5080/3747 5132/3748 5058/3746
f 5137/3749 5132/3748 5080/3747
f 5079/3750 5137/3749 5080/3747
f 5080/3747 6817/3747 5079/3750
f 6817/3747 6816/3750 5079/3750
f 5079/3750 6816/3750 5078/3751
f 5078/3751 5018/3752 5079/3750
f 5018/3752 5017/3753 5079/3750
f 5018/3752 6755/3752 5017/3753
f 6755/3752 6754/3753 5017/3753
f 5017/3753 6754/3753 5016/3754
f 5138/3755 5017/3753 5016/3754
f 5138/3755 5016/3754 5015/3756
f 5138/3755 5015/3756 5022/3757
f 5021/3758 5138/3755 5022/3757
f 5022/3757 6759/3757 5021/3758
f 6759/3757 6758/3758 5021/3758
f 5021/3758 6758/3758 5020/3759
f 5020/3759 4967/3760 5021/3758
f 5008/3761 5021/3758 4967/3760
f 5008/3761 4967/3760 5009/3762
f 5009/3762 6746/3762 5008/3761
f 6746/3762 6745/3761 5008/3761
f 5008/3761 6745/3761 5007/3763
f 5139/3764 5008/3761 5007/3763
f 5140/3765 5139/3764 5007/3763
f 5014/3766 5140/3765 5007/3763
f 5007/3763 6744/3763 5014/3766
f 6744/3763 6751/3766 5014/3766
f 5014/3766 6751/3766 5013/3767
f 5141/3768 5014/3766 5013/3767
f 5012/3769 5141/3768 5013/3767
f 5013/3767 6750/3767 5012/3769
f 6750/3767 6749/3769 5012/3769
f 5012/3769 6749/3769 5011/3770
f 5011/3770 4965/3771 5012/3769
f 4965/3771 5011/3770 4966/3772
f 4966/3772 6703/3772 4965/3771
f 6703/3772 6702/3771 4965/3771
f 4965/3771 6702/3771 4964/3773
f 5142/3774 4965/3771 4964/3773
f 5142/3774 4964/3773 4963/3775
f 5142/3774 4963/3775 4925/3776
f 5143/3777 5142/3774 4925/3776
f 4924/3778 5143/3777 4925/3776
f 4925/3776 6662/3776 4924/3778
f 6662/3776 6661/3778 4924/3778
f 4924/3778 6661/3778 4923/3779
f 5144/3780 4924/3778 4923/3779
f 5144/3780 4923/3779 4906/3781
f 4906/3781 5145/3782 5144/3780
f 5145/3782 6882/3782 5144/3780
f 6882/3782 6881/3780 5144/3780
f 5144/3780 6881/3780 5143/3777
f 6881/3780 6880/3777 5143/3777
f 6880/3777 6881/3780 6661/3778
f 6660/3779 6661/3778 6881/3780
f 6643/3781 6660/3779 6881/3780
f 6660/3779 6643/3781 6659/3783
f 6660/3779 6659/3783 4922/3783
f 4923/3779 6660/3779 4922/3783
f 4922/3783 6659/3783 4921/3784
f 4908/3785 4922/3783 4921/3784
f 4898/3786 4908/3785 4921/3784
f 4900/3787 4898/3786 4921/3784
f 4914/3788 4900/3787 4921/3784
f 4921/3784 4915/3789 4914/3788
f 4915/3789 6652/3789 4914/3788
f 6652/3789 6651/3788 4914/3788
f 4914/3788 6651/3788 4913/3790
f 4901/3791 4914/3788 4913/3790
f 4901/3791 4913/3790 5068/3792
f 5067/3793 4901/3791 5068/3792
f 5068/3792 6805/3792 5067/3793
f 6805/3792 6804/3793 5067/3793
f 5067/3793 6804/3793 5066/3794
f 4903/3795 5067/3793 5066/3794
f 5065/3796 4903/3795 5066/3794
f 5066/3794 6803/3794 5065/3796
f 6803/3794 6802/3796 5065/3796
f 5065/3796 6802/3796 5064/3797
f 5175/3798 5065/3796 5064/3797
f 5175/3798 5064/3797 5176/3799
f 5176/3799 6913/3799 5175/3798
f 6913/3799 6912/3798 5175/3798
f 5175/3798 6912/3798 5174/3800
f 5174/3800 5168/3801 5175/3798
f 5153/3802 5175/3798 5168/3801
f 5167/3803 5153/3802 5168/3801
f 5168/3801 6905/3801 5167/3803
f 6905/3801 6904/3803 5167/3803
f 5167/3803 6904/3803 5166/3804
f 5156/3805 5167/3803 5166/3804
f 5165/3806 5156/3805 5166/3804
f 5166/3804 6903/3804 5165/3806
f 6903/3804 6902/3806 5165/3806
f 5165/3806 6902/3806 5164/3807
f 5164/3807 5157/3808 5165/3806
f 5157/3808 5164/3807 5158/3809
f 5158/3809 6895/3809 5157/3808
f 6895/3809 6894/3808 5157/3808
f 5157/3808 6894/3808 5156/3805
f 6894/3808 6893/3805 5156/3805
f 5156/3805 6893/3805 5155/3810
f 6893/3805 6892/3810 5155/3810
f 5155/3810 6892/3810 5154/3811
f 5154/3811 5167/3803 5155/3810
f 6892/3810 6891/3811 5154/3811
f 5154/3811 6891/3811 5153/3802
f 6891/3811 6890/3802 5153/3802
f 5153/3802 6890/3802 5152/3812
f 5152/3812 5065/3796 5153/3802
f 5065/3796 5152/3812 4904/3813
f 4904/3813 5152/3812 5146/3814
f 5146/3814 4905/3815 4904/3813
f 4905/3815 6642/3815 4904/3813
f 6642/3815 6641/3813 4904/3813
f 4904/3813 6641/3813 4903/3795
f 6641/3813 6640/3795 4903/3795
f 4903/3795 6640/3795 4902/3816
f 6640/3795 6639/3816 4902/3816
f 4902/3816 6639/3816 4901/3791
f 6639/3816 6638/3791 4901/3791
f 4901/3791 6638/3791 4900/3787
f 6638/3791 6637/3787 4900/3787
f 4900/3787 6637/3787 4899/3817
f 6637/3787 6636/3817 4899/3817
f 4899/3817 6636/3817 4898/3786
f 6636/3817 6635/3786 4898/3786
f 6636/3817 6637/3787 6635/3786
f 6658/3784 6635/3786 6637/3787
f 6658/3784 6637/3787 6651/3788
f 6658/3784 6645/3785 6635/3786
f 6635/3786 6645/3785 4908/3785
f 4908/3785 6645/3785 4907/3818
f 6645/3785 6644/3818 4907/3818
f 4907/3818 6644/3818 4906/3781
f 4906/3781 4922/3783 4907/3818
f 6644/3818 6643/3781 4906/3781
f 4906/3781 6643/3781 4905/3815
f 6644/3818 6645/3785 6659/3783
f 6658/3784 6659/3783 6645/3785
f 6638/3791 6651/3788 6637/3787
f 6650/3790 6651/3788 6638/3791
f 6805/3792 6650/3790 6638/3791
f 6649/3819 6650/3790 6805/3792
f 6649/3819 6805/3792 6810/3820
f 6648/3821 6649/3819 6810/3820
f 6647/3822 6648/3821 6810/3820
f 6647/3822 6810/3820 6692/3823
f 6647/3822 6692/3823 6646/3824
f 6647/3822 6646/3824 4909/3824
f 4910/3822 6647/3822 4909/3824
f 4909/3824 4955/3823 4910/3822
f 4955/3823 5073/3820 4910/3822
f 5073/3820 4911/3821 4910/3822
f 4911/3821 6648/3821 4910/3822
f 5073/3820 4912/3819 4911/3821
f 4912/3819 6649/3819 4911/3821
f 5073/3820 5068/3792 4912/3819
f 5072/3825 5068/3792 5073/3820
f 5073/3820 6810/3820 5072/3825
f 6810/3820 6809/3825 5072/3825
f 5072/3825 6809/3825 5071/3826
f 5070/3827 5072/3825 5071/3826
f 5071/3826 6808/3826 5070/3827
f 6808/3826 6807/3827 5070/3827
f 5070/3827 6807/3827 5069/3828
f 6807/3827 6806/3828 5069/3828
f 5069/3828 6806/3828 5068/3792
f 6806/3828 6807/3827 6809/3825
f 6806/3828 6809/3825 6805/3792
f 6808/3826 6809/3825 6807/3827
f 5072/3825 5070/3827 5069/3828
f 6809/3825 6808/3826 5071/3826
f 6811/3829 6810/3820 5073/3820
f 5074/3829 6811/3829 5073/3820
f 6812/3830 6811/3829 5074/3829
f 5075/3830 6812/3830 5074/3829
f 5074/3829 4953/3831 5075/3830
f 4953/3831 4970/3832 5075/3830
f 5075/3830 4970/3832 4969/3833
f 5075/3830 4969/3833 5076/3834
f 5076/3834 6813/3834 5075/3830
f 6814/3835 6813/3834 5076/3834
f 5077/3835 6814/3835 5076/3834
f 5076/3834 5078/3751 5077/3835
f 5078/3751 6815/3751 5077/3835
f 5019/3836 5078/3751 5076/3834
f 5019/3836 5076/3834 4968/3837
f 4967/3760 5019/3836 4968/3837
f 4968/3837 6705/3837 4967/3760
f 6705/3837 6704/3760 4967/3760
f 4967/3760 6704/3760 4973/3838
f 4973/3838 5010/3839 4967/3760
f 4973/3838 4966/3772 5010/3839
f 4966/3772 4973/3838 4960/3840
f 4960/3840 6697/3840 4966/3772
f 6698/3841 6697/3840 4960/3840
f 4961/3841 6698/3841 4960/3840
f 4960/3840 4972/3842 4961/3841
f 4972/3842 4957/3843 4961/3841
f 4961/3841 4957/3843 4962/3844
f 4962/3844 6699/3844 4961/3841
f 6700/3775 6699/3844 4962/3844
f 4963/3775 6700/3775 4962/3844
f 4916/3845 4963/3775 4962/3844
f 6701/3773 6700/3775 4963/3775
f 6700/3775 6701/3773 6879/3774
f 6662/3776 6700/3775 6879/3774
f 6662/3776 6879/3774 6880/3777
f 6880/3777 6879/3774 5142/3774
f 5142/3774 6879/3774 5141/3768
f 6879/3774 6878/3768 5141/3768
f 5141/3768 6878/3768 5140/3765
f 6878/3768 6877/3765 5140/3765
f 6877/3765 6878/3768 6751/3766
f 6750/3767 6751/3766 6878/3768
f 6878/3768 6879/3774 6702/3771
f 6878/3768 6702/3771 6749/3769
f 6749/3769 6702/3771 6748/3770
f 6653/3845 6700/3775 6662/3776
f 6701/3773 6702/3771 6879/3774
f 6699/3844 6700/3775 6653/3845
f 6699/3844 6653/3845 6694/3843
f 6699/3844 6694/3843 6698/3841
f 6698/3841 6694/3843 6709/3842
f 6709/3842 6694/3843 6708/3846
f 6709/3842 6708/3846 4971/3846
f 4972/3842 6709/3842 4971/3846
f 6710/3838 6709/3842 4972/3842
f 4973/3838 6710/3838 4972/3842
f 6709/3842 6710/3838 6697/3840
f 6697/3840 6710/3838 6703/3772
f 6747/3839 6703/3772 6710/3838
f 6704/3760 6747/3839 6710/3838
f 6704/3760 6746/3762 6747/3839
f 6747/3839 6748/3770 6703/3772
f 6748/3770 6747/3839 5010/3839
f 5011/3770 6748/3770 5010/3839
f 5010/3839 6747/3839 5009/3762
f 4971/3846 6708/3846 4970/3832
f 6708/3846 6707/3832 4970/3832
f 6707/3832 6708/3846 6690/3831
f 6812/3830 6707/3832 6690/3831
f 6706/3833 6707/3832 6812/3830
f 6813/3834 6706/3833 6812/3830
f 6813/3834 6705/3837 6706/3833
f 6705/3837 6813/3834 6756/3836
f 6813/3834 6815/3751 6756/3836
f 6755/3752 6756/3836 6815/3751
f 6816/3750 6755/3752 6815/3751
f 6707/3832 6706/3833 4969/3833
f 4969/3833 6706/3833 4968/3837
f 6696/3847 6690/3831 6708/3846
f 6695/3848 6696/3847 6708/3846
f 6696/3847 6695/3848 4958/3848
f 4959/3847 6696/3847 4958/3848
f 4971/3846 4959/3847 4958/3848
f 4957/3843 4971/3846 4958/3848
f 4971/3846 4953/3831 4959/3847
f 4953/3831 6690/3831 4959/3847
f 6691/3849 6690/3831 4953/3831
f 4954/3849 6691/3849 4953/3831
f 6692/3823 6691/3849 4954/3849
f 4955/3823 6692/3823 4954/3849
f 5074/3829 4955/3823 4954/3849
f 6693/3850 6692/3823 4955/3823
f 4956/3850 6693/3850 4955/3823
f 4919/3851 4956/3850 4955/3823
f 4918/3852 4956/3850 4919/3851
f 4919/3851 6656/3851 4918/3852
f 6656/3851 6655/3852 4918/3852
f 4918/3852 6655/3852 4917/3853
f 6655/3852 6654/3853 4917/3853
f 4917/3853 6654/3853 4916/3845
f 4916/3845 4956/3850 4917/3853
f 4916/3845 4957/3843 4956/3850
f 4957/3843 6694/3843 4956/3850
f 6695/3848 6694/3843 4957/3843
f 6654/3853 6653/3845 4916/3845
f 4916/3845 6653/3845 4925/3776
f 6654/3853 6693/3850 6653/3845
f 6655/3852 6693/3850 6654/3853
f 6656/3851 6693/3850 6655/3852
f 6657/3854 6656/3851 4919/3851
f 4920/3854 6657/3854 4919/3851
f 4920/3854 4919/3851 4909/3824
f 4915/3789 4920/3854 4909/3824
f 6658/3784 6657/3854 4920/3854
f 4921/3784 6658/3784 4920/3854
f 6657/3854 6658/3784 6652/3789
f 6646/3824 6657/3854 6652/3789
f 6646/3824 6656/3851 6657/3854
f 4917/3853 4956/3850 4918/3852
f 6694/3843 6693/3850 4956/3850
f 6692/3823 6693/3850 6656/3851
f 6691/3849 6692/3823 6811/3829
f 6691/3849 6811/3829 6690/3831
f 4958/3848 6695/3848 4957/3843
f 6690/3831 6696/3847 4959/3847
f 6695/3848 6708/3846 6694/3843
f 6693/3850 6694/3843 6653/3845
f 4957/3843 4916/3845 4962/3844
f 4971/3846 4957/3843 4972/3842
f 6699/3844 6698/3841 4961/3841
f 6698/3841 6709/3842 6697/3840
f 4960/3840 4973/3838 4972/3842
f 6704/3760 6710/3838 4973/3838
f 6705/3837 6756/3836 6704/3760
f 6757/3759 6704/3760 6756/3836
f 6757/3759 6756/3836 5019/3836
f 5020/3759 6757/3759 5019/3836
f 5019/3836 6756/3836 5018/3752
f 6758/3758 6704/3760 6757/3759
f 6704/3760 6758/3758 6745/3761
f 6745/3761 6758/3758 6876/3764
f 6744/3763 6745/3761 6876/3764
f 6744/3763 6876/3764 6877/3765
f 6877/3765 6876/3764 5139/3764
f 5139/3764 6876/3764 5138/3755
f 6876/3764 6875/3755 5138/3755
f 5138/3755 6875/3755 5137/3749
f 6875/3755 6874/3749 5137/3749
f 5137/3749 6874/3749 5136/3855
f 5133/3856 5137/3749 5136/3855
f 5135/3857 5133/3856 5136/3855
f 5136/3855 6873/3855 5135/3857
f 6873/3855 6872/3857 5135/3857
f 5135/3857 6872/3857 5134/3858
f 6872/3857 6871/3858 5134/3858
f 5134/3858 6871/3858 5133/3856
f 6871/3858 6870/3856 5133/3856
f 5133/3856 6870/3856 5132/3748
f 6870/3856 6869/3748 5132/3748
f 5132/3748 6869/3748 5131/2954
f 6869/3748 6868/2954 5131/2954
f 6868/2954 6869/3748 6795/3746
f 6795/3746 6869/3748 6817/3747
f 6817/3747 6869/3748 6874/3749
f 6869/3748 6870/3856 6874/3749
f 6873/3855 6874/3749 6870/3856
f 6871/3858 6872/3857 6870/3856
f 6873/3855 6870/3856 6872/3857
f 5133/3856 5135/3857 5134/3858
f 6874/3749 6873/3855 5136/3855
f 6874/3749 6875/3755 6754/3753
f 6874/3749 6754/3753 6816/3750
f 6753/3754 6754/3753 6875/3755
f 6752/3756 6753/3754 6875/3755
f 6759/3757 6752/3756 6875/3755
f 6753/3754 6752/3756 5015/3756
f 6875/3755 6876/3764 6758/3758
f 6706/3833 6705/3837 4968/3837
f 6815/3751 6814/3835 5077/3835
f 6814/3835 6815/3751 6813/3834
f 4969/3833 4968/3837 5076/3834
f 4970/3832 6707/3832 4969/3833
f 4953/3831 4971/3846 4970/3832
f 4953/3831 5074/3829 4954/3849
f 6813/3834 6812/3830 5075/3830
f 6812/3830 6690/3831 6811/3829
f 5068/3792 5072/3825 5069/3828
f 4955/3823 5074/3829 5073/3820
f 4909/3824 4919/3851 4955/3823
f 4909/3824 6646/3824 4915/3789
f 6692/3823 6656/3851 6646/3824
f 6810/3820 6811/3829 6692/3823
f 6648/3821 6647/3822 4910/3822
f 6649/3819 6648/3821 4911/3821
f 6810/3820 6805/3792 6809/3825
f 6650/3790 6649/3819 4912/3819
f 4913/3790 6650/3790 4912/3819
f 6639/3816 6804/3793 6638/3791
f 6639/3816 6640/3795 6804/3793
f 6803/3794 6804/3793 6640/3795
f 6640/3795 6641/3813 6802/3796
f 6641/3813 6889/3812 6802/3796
f 6890/3802 6802/3796 6889/3812
f 6890/3802 6912/3798 6802/3796
f 6801/3797 6802/3796 6912/3798
f 6905/3801 6912/3798 6890/3802
f 6912/3798 6905/3801 6911/3800
f 6911/3800 6905/3801 6910/3859
f 6911/3800 6910/3859 5173/3859
f 5174/3800 6911/3800 5173/3859
f 5173/3859 6910/3859 5172/3860
f 5170/3861 5173/3859 5172/3860
f 5170/3861 5172/3860 5171/3862
f 5171/3862 6908/3862 5170/3861
f 6908/3862 6907/3861 5170/3861
f 5170/3861 6907/3861 5169/3863
f 6907/3861 6906/3863 5169/3863
f 5169/3863 6906/3863 5168/3801
f 5168/3801 5173/3859 5169/3863
f 6906/3863 6907/3861 6910/3859
f 6909/3860 6910/3859 6907/3861
f 6908/3862 6909/3860 6907/3861
f 6909/3860 6908/3862 5171/3862
f 5172/3860 6909/3860 5171/3862
f 5173/3859 5170/3861 5169/3863
f 6910/3859 6909/3860 5172/3860
f 6906/3863 6910/3859 6905/3801
f 6883/3814 6889/3812 6641/3813
f 6883/3814 6884/3864 6889/3812
f 6888/3865 6889/3812 6884/3864
f 6888/3865 6884/3864 6887/3866
f 6888/3865 6887/3866 5150/3866
f 5151/3865 6888/3865 5150/3866
f 5150/3866 5147/3864 5151/3865
f 5147/3864 5152/3812 5151/3865
f 5152/3812 6889/3812 5151/3865
f 5147/3864 5150/3866 5148/3867
f 5148/3867 6885/3867 5147/3864
f 6885/3867 6884/3864 5147/3864
f 5147/3864 6884/3864 5146/3814
f 6886/3868 6885/3867 5148/3867
f 5149/3868 6886/3868 5148/3867
f 6887/3866 6886/3868 5149/3868
f 6886/3868 6887/3866 6885/3867
f 5148/3867 5150/3866 5149/3868
f 5150/3866 6887/3866 5149/3868
f 6885/3867 6887/3866 6884/3864
f 6889/3812 6888/3865 5151/3865
f 6884/3864 6883/3814 5146/3814
f 5146/3814 6883/3814 5145/3782
f 6641/3813 6642/3815 6883/3814
f 6883/3814 6642/3815 6882/3782
f 6643/3781 6882/3782 6642/3815
f 6643/3781 6642/3815 4905/3815
f 5145/3782 4905/3815 5146/3814
f 5152/3812 5147/3864 5146/3814
f 6890/3802 6889/3812 5152/3812
f 6891/3811 6904/3803 6890/3802
f 6892/3810 6904/3803 6891/3811
f 6892/3810 6893/3805 6904/3803
f 6903/3804 6904/3803 6893/3805
f 6893/3805 6894/3808 6902/3806
f 6902/3806 6894/3808 6901/3807
f 6895/3809 6901/3807 6894/3808
f 6895/3809 6896/3869 6901/3807
f 6900/3870 6901/3807 6896/3869
f 6900/3870 6896/3869 6899/3871
f 6900/3870 6899/3871 5162/3871
f 5163/3870 6900/3870 5162/3871
f 5162/3871 5159/3869 5163/3870
f 5159/3869 5164/3807 5163/3870
f 5164/3807 6901/3807 5163/3870
f 5162/3871 5160/3872 5159/3869
f 5160/3872 6897/3872 5159/3869
f 6897/3872 6896/3869 5159/3869
f 5159/3869 6896/3869 5158/3809
f 6898/3873 6897/3872 5160/3872
f 5161/3873 6898/3873 5160/3872
f 6899/3871 6898/3873 5161/3873
f 6899/3871 6897/3872 6898/3873
f 5161/3873 5160/3872 5162/3871
f 5162/3871 6899/3871 5161/3873
f 6896/3869 6897/3872 6899/3871
f 6901/3807 6900/3870 5163/3870
f 6896/3869 6895/3809 5158/3809
f 5164/3807 5159/3869 5158/3809
f 6902/3806 6901/3807 5164/3807
f 6903/3804 6893/3805 6902/3806
f 5165/3806 5157/3808 5156/3805
f 5167/3803 5156/3805 5155/3810
f 6904/3803 6903/3804 5166/3804
f 6905/3801 6890/3802 6904/3803
f 6906/3863 6905/3801 5168/3801
f 5153/3802 5167/3803 5154/3811
f 5173/3859 5168/3801 5174/3800
f 6912/3798 6911/3800 5174/3800
f 6913/3799 6801/3797 6912/3798
f 6913/3799 6914/3874 6801/3797
f 6914/3874 6915/3875 6801/3797
f 6915/3875 6922/3742 6801/3797
f 6800/3876 6801/3797 6922/3742
f 6800/3876 6922/3742 6799/3743
f 6923/2956 6799/3743 6922/3742
f 6801/3797 6800/3876 5063/3876
f 5064/3797 6801/3797 5063/3876
f 5185/3742 5064/3797 5063/3876
f 5064/3797 5185/3742 5178/3875
f 5064/3797 5178/3875 5177/3874
f 5178/3875 6915/3875 5177/3874
f 6916/3877 6915/3875 5178/3875
f 5179/3877 6916/3877 5178/3875
f 5178/3875 5180/3878 5179/3877
f 5180/3878 6917/3878 5179/3877
f 6918/3879 6917/3878 5180/3878
f 5181/3879 6918/3879 5180/3878
f 5180/3878 5184/3880 5181/3879
f 5181/3879 5184/3880 5183/3881
f 5181/3879 5183/3881 5182/3882
f 5182/3882 6919/3882 5181/3879
f 6920/3881 6919/3882 5182/3882
f 6919/3882 6920/3881 6918/3879
f 6920/3881 6921/3880 6918/3879
f 6921/3880 6920/3881 5183/3881
f 5183/3881 6920/3881 5182/3882
f 5184/3880 6921/3880 5183/3881
f 6922/3742 6921/3880 5184/3880
f 5185/3742 6922/3742 5184/3880
f 6922/3742 6917/3878 6921/3880
f 5184/3880 5180/3878 5185/3742
f 6919/3882 6918/3879 5181/3879
f 6918/3879 6921/3880 6917/3878
f 6917/3878 6916/3877 5179/3877
f 6916/3877 6917/3878 6915/3875
f 5178/3875 5185/3742 5180/3878
f 5063/3876 6800/3876 5062/3743
f 6917/3878 6922/3742 6915/3875
f 6915/3875 6914/3874 5177/3874
f 5177/3874 6914/3874 5176/3799
f 6914/3874 6913/3799 5176/3799
f 5064/3797 5177/3874 5176/3799
f 5065/3796 5175/3798 5153/3802
f 6802/3796 6801/3797 5064/3797
f 6803/3794 6640/3795 6802/3796
f 5065/3796 4904/3813 4903/3795
f 5067/3793 4903/3795 4902/3816
f 6804/3793 6803/3794 5066/3794
f 6805/3792 6638/3791 6804/3793
f 6806/3828 6805/3792 5068/3792
f 4901/3791 5067/3793 4902/3816
f 5068/3792 4913/3790 4912/3819
f 6651/3788 6650/3790 4913/3790
f 6651/3788 6652/3789 6658/3784
f 6646/3824 6652/3789 4915/3789
f 4915/3789 4921/3784 4920/3854
f 4900/3787 4914/3788 4901/3791
f 4898/3786 4900/3787 4899/3817
f 4898/3786 6635/3786 4908/3785
f 4922/3783 4908/3785 4907/3818
f 6659/3783 6658/3784 4921/3784
f 6644/3818 6659/3783 6643/3781
f 6881/3780 6882/3782 6643/3781
f 6883/3814 6882/3782 5145/3782
f 4905/3815 5145/3782 4906/3781
f 4922/3783 4906/3781 4923/3779
f 6661/3778 6660/3779 4923/3779
f 6662/3776 6880/3777 6661/3778
f 6653/3845 6662/3776 4925/3776
f 4924/3778 5144/3780 5143/3777
f 5143/3777 6880/3777 5142/3774
f 4925/3776 4963/3775 4916/3845
f 4964/3773 6701/3773 4963/3775
f 4965/3771 5142/3774 5141/3768
f 6702/3771 6701/3773 4964/3773
f 6703/3772 6748/3770 6702/3771
f 6697/3840 6703/3772 4966/3772
f 4966/3772 5011/3770 5010/3839
f 6749/3769 6748/3770 5011/3770
f 6750/3767 6878/3768 6749/3769
f 5012/3769 4965/3771 5141/3768
f 6751/3766 6750/3767 5013/3767
f 6744/3763 6877/3765 6751/3766
f 5014/3766 5141/3768 5140/3765
f 5140/3765 6877/3765 5139/3764
f 6745/3761 6744/3763 5007/3763
f 6746/3762 6704/3760 6745/3761
f 6747/3839 6746/3762 5009/3762
f 5010/3839 5009/3762 4967/3760
f 5139/3764 5021/3758 5008/3761
f 5019/3836 4967/3760 5020/3759
f 6758/3758 6757/3759 5020/3759
f 6759/3757 6875/3755 6758/3758
f 6752/3756 6759/3757 5022/3757
f 5021/3758 5139/3764 5138/3755
f 5015/3756 6752/3756 5022/3757
f 5016/3754 6753/3754 5015/3756
f 5017/3753 5138/3755 5137/3749
f 6754/3753 6753/3754 5016/3754
f 6816/3750 6754/3753 6755/3752
f 6756/3836 6755/3752 5018/3752
f 5078/3751 5019/3836 5018/3752
f 6816/3750 6815/3751 5078/3751
f 6817/3747 6874/3749 6816/3750
f 5079/3750 5017/3753 5137/3749
f 5137/3749 5133/3856 5132/3748
f 6795/3746 6817/3747 5080/3747
f 6796/3745 6868/2954 6795/3746
f 6796/3745 6797/3744 6868/2954
f 5058/3746 5132/3748 5131/2954
f 6797/3744 6796/3745 5059/3745
f 6800/3876 6799/3743 5062/3743
f 5062/3743 5185/3742 5063/3876
f 6923/2956 6922/3742 5185/3742
f 6798/2953 6799/3743 6923/2956
f 6797/3744 6798/2953 6868/2954
f 5131/2954 6868/2954 5130/2955
f 5131/2954 5061/2953 5060/3744
f 5186/2956 5061/2953 5187/2952
f 5187/2952 5276/2950 5188/2957
f 6867/2955 6866/2951 5129/2951
f 6924/2952 7013/2950 6866/2951
f 7014/2341 7013/2950 5276/2950
f 7064/3277 7100/2340 7014/2341
f 7101/2339 7100/2340 5363/2340
f 7701/2338 7468/2337 7869/2336
f 7468/2337 7742/2335 7869/2336
f 7742/2335 7743/2334 7869/2336
f 7868/2322 7869/2336 7743/2334
f 7869/2336 7868/2322 6131/2322
f 6132/2336 7869/2336 6131/2322
f 7870/2172 7869/2336 6132/2336
f 6133/2172 7870/2172 6132/2336
f 6132/2336 4620/2191 6133/2172
f 4620/2191 4619/3883 6133/2172
f 4620/2191 6357/2191 4619/3883
f 6357/2191 6356/3883 4619/3883
f 4619/3883 6356/3883 4618/2173
f 7870/2172 6356/3883 6357/2191
f 6355/2173 6356/3883 7870/2172
f 6358/2190 6357/2191 4620/2191
f 6357/2191 6358/2190 6542/2188
f 6358/2190 6359/2189 6542/2188
f 6359/2189 6360/2187 6542/2188
f 6360/2187 6522/2186 6542/2188
f 6522/2186 6360/2187 6521/2179
f 6361/2177 6521/2179 6360/2187
f 6361/2177 6360/2187 4623/2187
f 4624/2177 6361/2177 4623/2187
f 6360/2187 6359/2189 4622/2189
f 6359/2189 6358/2190 4621/2190
f 7866/3884 7870/2172 6133/2172
f 6129/3884 7866/3884 6133/2172
f 6133/2172 6130/3885 6129/3884
f 6130/3885 7867/3885 6129/3884
f 7868/2322 7867/3885 6130/3885
f 7867/3885 7868/2322 7800/2320
f 7800/2320 7870/2172 7867/3885
f 7799/2321 7800/2320 7868/2322
f 7792/2323 7799/2321 7868/2322
f 6130/3885 6133/2172 6063/2320
f 7867/3885 7866/3884 6129/3884
f 7866/3884 7867/3885 7870/2172
f 7870/2172 6357/2191 7869/2336
f 6131/2322 7868/2322 6130/3885
f 7469/3886 7742/2335 7468/2337
f 7469/3886 7468/2337 5731/2337
f 5732/3886 7469/3886 5731/2337
f 7461/3887 7469/3886 5732/3886
f 5724/3887 7461/3887 5732/3886
f 5732/3886 6004/3888 5724/3887
f 6004/3888 5725/3889 5724/3887
f 5725/3889 7462/3889 5724/3887
f 7463/3890 7462/3889 5725/3889
f 5726/3890 7463/3890 5725/3889
f 7464/3891 7463/3890 5726/3890
f 5727/3891 7464/3891 5726/3890
f 5726/3890 6003/3892 5727/3891
f 6003/3892 5728/2929 5727/3891
f 5728/2929 7465/2929 5727/3891
f 5728/2929 6003/3892 6002/3893
f 6003/3892 7740/3892 6002/3893
f 7740/3892 7739/3893 6002/3893
f 6002/3893 7739/3893 6001/2930
f 7739/3893 7738/2930 6001/2930
f 7739/3893 7740/3892 7465/2929
f 7464/3891 7465/2929 7740/3892
f 7741/3888 7740/3892 6003/3892
f 6004/3888 7741/3888 6003/3892
f 7742/2335 7741/3888 6004/3888
f 6005/2335 7742/2335 6004/3888
f 7740/3892 7741/3888 7463/3890
f 5726/3890 6004/3888 6003/3892
f 7465/2929 7464/3891 5727/3891
f 7464/3891 7740/3892 7463/3890
f 7462/3889 7463/3890 7741/3888
f 7461/3887 7462/3889 7741/3888
f 6004/3888 5726/3890 5725/3889
f 6004/3888 5732/3886 6005/2335
f 7462/3889 7461/3887 5724/3887
f 7461/3887 7741/3888 7469/3886
f 5731/2337 7468/2337 5730/2933
f 7468/2337 7467/2933 5730/2933
f 5730/2933 7467/2933 5729/2928
f 7742/2335 7469/3886 7741/3888
f 7700/2936 7701/2338 7310/2937
f 7095/2941 7310/2937 7102/2949
f 7096/2948 6824/2947 7095/2941
f 7097/3197 7096/2948 5359/2948
f 5360/3197 5359/2948 5087/2947
f 5081/2946 6818/2946 5087/2947
f 5081/2946 5044/2945 5040/3192
f 5045/2944 6782/2944 5044/2945
f 5046/2943 6783/2943 5045/2944
f 5047/2942 6784/2942 5046/2943
f 5047/2942 5049/2940 5048/3384
f 5365/2949 5573/2937 5358/2941
f 5581/3372 5049/2940 5572/2939
f 7310/2937 7309/2939 5572/2939
f 7308/2938 7700/2936 7310/2937
f 7309/2939 7308/2938 5571/2938
f 5962/3373 5571/2938 5963/2936
f 7701/2338 7700/2936 5963/2936
f 7467/2933 7468/2337 7701/2338
f 7703/2934 7702/2935 5965/2935
f 7704/2927 7703/2934 5966/2934
f 7467/2933 7466/2928 5729/2928
f 7466/2928 7465/2929 5728/2929
f 7739/3893 7465/2929 7738/2930
f 7738/2930 7737/2931 6000/2931
f 5998/2333 5968/2926 5999/2932
f 6001/2930 7738/2930 6000/2931
f 6001/2930 5728/2929 6002/3893
f 5729/2928 7466/2928 5728/2929
f 5967/2927 5730/2933 5729/2928
f 7705/2926 7704/2927 5967/2927
f 7736/2932 7705/2926 7735/2333
f 7692/2331 7706/2332 5969/2332
f 7712/2330 7692/2331 7711/3634
f 7707/2329 7712/2330 5975/2330
f 7744/2328 7707/2329 7749/3641
f 7745/3648 7750/2327 7744/2328
f 7751/3650 7759/2326 7750/2327
f 7713/2623 7770/2325 7759/2326
f 7782/2624 7770/2325 7713/2623
f 7620/2622 7782/2624 7713/2623
f 7783/2324 7792/2323 7868/2322
f 7726/2919 7792/2323 7783/2324
f 7734/2921 7726/2919 7783/2324
f 7798/2918 7792/2323 7726/2919
f 7772/2924 7783/2324 7771/2925
f 7783/2324 7772/2924 7791/2923
f 7772/2924 7773/2901 7791/2923
f 7790/2903 7791/2923 7773/2901
f 7773/2901 7772/2924 6035/2924
f 6036/2901 7773/2901 6035/2924
f 6054/2923 6036/2901 6035/2924
f 7783/2324 7791/2923 6054/2923
f 6054/2923 7791/2923 6053/2903
f 7784/2922 7734/2921 7783/2324
f 7734/2921 7784/2922 7733/3894
f 7734/2921 7733/3894 5996/3894
f 5997/2921 7734/2921 5996/3894
f 5996/3894 7733/3894 5995/2908
f 7785/3895 7733/3894 7784/2922
f 7785/3895 7786/2906 7733/3894
f 7732/2908 7733/3894 7786/2906
f 7786/2906 7785/3895 6048/3895
f 6049/2906 7786/2906 6048/3895
f 5996/3894 6049/2906 6048/3895
f 6047/2922 5996/3894 6048/3895
f 6048/3895 7785/3895 6047/2922
f 7785/3895 7784/2922 6047/2922
f 5996/3894 6047/2922 5997/2921
f 7726/2919 7734/2921 5997/2921
f 7798/2918 7726/2919 7727/2920
f 7798/2918 7727/2920 7797/2913
f 7727/2920 7728/2911 7797/2913
f 7865/2912 7797/2913 7728/2911
f 7865/2912 7728/2911 7729/2910
f 7865/2912 7729/2910 7864/2638
f 7728/2911 7727/2920 5990/2920
f 5991/2911 7728/2911 5990/2920
f 7792/2323 7798/2918 6061/2918
f 7793/2917 7799/2321 7792/2323
f 6057/2916 6056/2917 6062/2321
f 7795/2915 7794/2916 6057/2916
f 7796/2914 7865/2912 7795/2915
f 7797/2913 7865/2912 7796/2914
f 7798/2918 7797/2913 6060/2913
f 6058/2915 6128/2912 6059/2914
f 6060/2913 5991/2911 5990/2920
f 7729/2910 7728/2911 5991/2911
f 7730/2909 7864/2638 7729/2910
f 7731/2907 7864/2638 7730/2909
f 7787/2905 7864/2638 7731/2907
f 7786/2906 7787/2905 7731/2907
f 6127/2638 5992/2910 6128/2912
f 7731/2907 7730/2909 5993/2909
f 7731/2907 7732/2908 7786/2906
f 7733/3894 7732/2908 5995/2908
f 6049/2906 5996/3894 5995/2908
f 7787/2905 7786/2906 6049/2906
f 7788/2904 7864/2638 7787/2905
f 7789/2902 7864/2638 7788/2904
f 5994/2907 6127/2638 6050/2905
f 7789/2902 7788/2904 6051/2904
f 7790/2903 7773/2901 7789/2902
f 7773/2901 7774/2899 7789/2902
f 7791/2923 7790/2903 6053/2903
f 6036/2901 6054/2923 6053/2903
f 6037/2899 6052/2902 6127/2638
f 7774/2899 7773/2901 6036/2901
f 7864/2638 7789/2902 7774/2899
f 7865/2912 7864/2638 6127/2638
f 6037/2899 6127/2638 6039/2637
f 7777/2636 7776/2637 6039/2637
f 7777/2636 7863/2633 7776/2637
f 7626/2634 7627/2641 7863/2633
f 7627/2641 7626/2634 5889/2634
f 6126/2633 5890/2641 5889/2634
f 6040/2636 6126/2633 6041/2632
f 7779/2631 7778/2632 6041/2632
f 7779/2631 7625/2628 7778/2632
f 7622/2627 7623/2629 7625/2628
f 7624/2635 7623/2629 5886/2629
f 5887/2635 5886/2629 5888/2628
f 6042/2631 5888/2628 6043/2626
f 6044/2625 5885/2627 5884/2630
f 7781/2625 7780/2626 6043/2626
f 7782/2624 7620/2622 7781/2625
f 7770/2325 7782/2624 6045/2624
f 5883/2622 6044/2625 5884/2630
f 5976/2623 6033/2325 6045/2624
f 7621/2630 7620/2622 5883/2622
f 7620/2622 7713/2623 7691/2621
f 5954/2621 5977/2620 5976/2623
f 5977/2620 7714/2620 5976/2623
f 7691/2621 7714/2620 7690/2618
f 7716/2615 7715/2619 5978/2619
f 7690/2618 7689/2617 5952/2617
f 5979/2615 5953/2618 5952/2617
f 5950/2612 5980/2614 5951/2616
f 7717/2614 7716/2615 5979/2615
f 7718/2613 7687/2612 7717/2614
f 7719/2611 7687/2612 7718/2613
f 7720/3683 7719/2611 5982/2611
f 5980/2614 5950/2612 5981/2613
f 5863/2610 5983/3683 5982/2611
f 7593/2609 7600/2610 5863/2610
f 7594/2608 7686/2606 7593/2609
f 7594/2608 7595/2607 7686/2606
f 7595/2607 7594/2608 5857/2608
f 5949/2606 5856/2609 5950/2612
f 5858/2607 7595/2607 5857/2608
f 7687/2612 7686/2606 5949/2606
f 7685/2599 7686/2606 7595/2607
f 5948/2599 5940/2597 5858/2607
f 7679/2601 7678/2598 5941/2598
f 7678/2598 7685/2599 7677/2597
f 5836/3677 5940/2597 5827/2596
f 7565/2595 7564/2596 5827/2596
f 7565/2595 7566/2550 7676/2553
f 7675/2552 7676/2553 7566/2550
f 7677/2597 7676/2553 5939/2553
f 5939/2553 5829/2550 5828/2595
f 5937/2554 5924/2551 5938/2552
f 5924/2551 7661/2551 5923/2549
f 7513/2522 7660/2549 7521/2548
f 7659/2523 7660/2549 7513/2522
f 7659/2523 7513/2522 7514/2521
f 5784/2548 5830/2547 5829/2550
f 5831/2546 7568/2546 5830/2547
f 5831/2546 5782/2540 5832/3673
f 7521/2548 7520/2545 5783/2545
f 7520/2545 7568/2546 7519/2540
f 7505/2542 7504/2539 5767/2539
f 7504/2539 7519/2540 7503/2534
f 7503/2534 7494/2535 7502/2538
f 7502/2538 7494/2535 7501/2537
f 5764/2537 5757/2535 5765/2538
f 7496/2514 7495/2536 5758/2536
f 7496/2514 7500/2515 7495/2536
f 7500/2515 7501/2537 7495/2536
f 7495/2536 7501/2537 7494/2535
f 5765/2538 5757/2535 5766/2534
f 5957/2533 5782/2540 5766/2534
f 7494/2535 7493/2532 5756/2532
f 7492/2531 7493/2532 7694/2533
f 5957/2533 5755/2531 5746/2530
f 7492/2531 7491/2529 5754/2529
f 7491/2529 7483/2530 7490/2528
f 5746/2530 5753/2528 5747/2527
f 5747/2527 7484/2527 5746/2530
f 7489/2526 7490/2528 7484/2527
f 7656/2716 7657/2524 7472/2525
f 7473/2482 7472/2525 5735/2525
f 5735/2525 5920/2524 5919/2716
f 7658/2510 7657/2524 5920/2524
f 7659/2523 7514/2521 7658/2510
f 7660/2549 7659/2523 5922/2523
f 5776/2522 5923/2549 5922/2523
f 7514/2521 7513/2522 5776/2522
f 7515/2517 7658/2510 7514/2521
f 7515/2517 7516/2520 7507/2519
f 7517/2544 7516/2520 5779/2520
f 5769/2543 5779/2520 5770/2519
f 5760/2518 7497/2518 5770/2519
f 5761/2516 7498/2516 5760/2518
f 5777/2521 5921/2510 5778/2517
f 7499/2513 7498/2516 5761/2516
f 7499/2513 7500/2515 7496/2514
f 7501/2537 7500/2515 5763/2515
f 5758/2536 5763/2515 5759/2514
f 5749/2512 7486/2512 5759/2514
f 7487/2511 7486/2512 5749/2512
f 7488/2509 7658/2510 7487/2511
f 7489/2526 7488/2509 5751/2509
f 5762/2513 5921/2510 5750/2511
f 5748/2508 5752/2526 5751/2509
f 7476/2507 7485/2508 5748/2508
f 7477/2503 7471/2506 7476/2507
f 5921/2510 5734/2506 5739/2507
f 5734/2506 7471/2506 5733/2505
f 5733/2505 7470/2505 5738/2504
f 5737/2498 5741/2501 5738/2504
f 7478/2501 7477/2503 5740/2503
f 7478/2501 7479/2502 7460/2500
f 7480/3630 7479/2502 5742/2502
f 5722/3631 5742/2502 5723/2500
f 7448/2499 7460/2500 5723/2500
f 7449/2497 7474/2498 7448/2499
f 5741/2501 5737/2498 5711/2499
f 5713/2487 5737/2498 5736/2482
f 7450/2487 7449/2497 5712/2497
f 7450/2487 7451/2496 7447/2495
f 7452/3624 7451/2496 5714/2496
f 5714/2496 5710/2495 5709/3626
f 7436/2491 7447/2495 5710/2495
f 7437/2494 6553/2493 7436/2491
f 7438/2495 7437/2494 5700/2494
f 5700/2494 4816/2493 5701/2495
f 5436/3534 4816/2493 5437/2492
f 5438/2490 7175/2490 5437/2492
f 7176/2489 7175/2490 5438/2490
f 7177/2488 7450/2487 7176/2489
f 7178/2486 7177/2488 5440/2488
f 5439/2489 5699/2491 5713/2487
f 5441/2486 7178/2486 5440/2488
f 7179/2485 7178/2486 5441/2486
f 7180/2484 7473/2482 7179/2485
f 7157/2483 7180/2484 5443/2484
f 5713/2487 5736/2482 5442/2485
f 5420/2483 7157/2483 5443/2484
f 5421/2481 7158/2481 5420/2483
f 5736/2482 5625/2719 5422/2480
f 7159/2480 7158/2481 5421/2481
f 7160/2478 6556/2199 7159/2480
f 7163/2476 6556/2199 7160/2478
f 7160/2478 7162/2477 7163/2476
f 7160/2478 7161/2479 7162/2477
f 7162/2477 7161/2479 5424/2479
f 5425/2477 7162/2477 5424/2479
f 7163/2476 7162/2477 5425/2477
f 7164/2475 6556/2199 7163/2476
f 7165/2474 6556/2199 7164/2475
f 5423/2478 4819/2199 5426/2476
f 7165/2474 7164/2475 5427/2475
f 7166/2473 6556/2199 7165/2474
f 7167/2472 6556/2199 7166/2473
f 7168/2471 7167/2472 5430/2472
f 5428/2474 4819/2199 5429/2473
f 5431/2471 7168/2471 5430/2472
f 5431/2471 4818/2470 5432/3535
f 6556/2199 6555/2470 4818/2470
f 6556/2199 6536/2197 7108/2198
f 6536/2197 6516/2182 7108/2198
f 6537/2196 6516/2182 6536/2197
f 6558/2466 6557/2469 4820/2469
f 4821/2466 6558/2466 4820/2469
f 6536/2197 6535/2468 4798/2468
f 4799/2197 6536/2197 4798/2468
f 4820/2469 4799/2197 4798/2468
f 4798/2468 4821/2466 4820/2469
f 4822/2464 4815/2467 4814/2460
f 6559/2464 6558/2466 4821/2466
f 6559/2464 6560/2465 6534/2463
f 6561/3511 6560/2465 4823/2465
f 4796/3509 4823/2465 4797/2463
f 6525/2462 6534/2463 4797/2463
f 6526/2461 6551/2460 6525/2462
f 6527/3485 6526/2461 4789/2461
f 4822/2464 4814/2460 4788/2462
f 4789/2461 4813/2459 4790/3485
f 6552/2467 6551/2460 4814/2460
f 6551/2460 6526/2461 6550/2459
f 4765/3484 4813/2459 4766/2458
f 6504/2457 6503/2458 4766/2458
f 6504/2457 6549/2434 6503/2458
f 6494/2433 6493/2455 4756/2455
f 4757/2433 6494/2433 4756/2455
f 4767/2457 4812/2434 4768/2452
f 4755/2454 6492/2454 4764/2453
f 4769/2451 4764/2453 4763/2456
f 6506/2451 6505/2452 4768/2452
f 6507/2449 6499/2446 6506/2451
f 6509/2448 6499/2446 6507/2449
f 6509/2448 6510/2447 6499/2446
f 6510/2447 6509/2448 4772/2448
f 6508/2450 6509/2448 6507/2449
f 6509/2448 6508/2450 4771/2450
f 4772/2448 6509/2448 4771/2450
f 4769/2451 4762/2446 4770/2449
f 4773/2447 6510/2447 4772/2448
f 4773/2447 4761/2445 5498/3386
f 6500/2456 6499/2446 4762/2446
f 6499/2446 6510/2447 6498/2445
f 4761/2445 5579/2444 5578/3385
f 5030/2443 5580/3382 5579/2444
f 6768/2442 6767/2443 5030/2443
f 6768/2442 6769/2439 6497/2438
f 6770/2441 6489/2440 6769/2439
f 6771/3191 6770/2441 5033/2441
f 5033/2441 4752/2440 5034/3191
f 4752/2440 4759/2437 4753/3707
f 4760/2438 5032/2439 5031/2442
f 6498/2445 6497/2438 4760/2438
f 6496/2437 6497/2438 6769/2439
f 4759/2437 4754/2436 4753/3707
f 4754/2436 6491/2436 4753/3707
f 6495/2435 6496/2437 6491/2436
f 6495/2435 6494/2433 4757/2433
f 6493/2455 6494/2433 6549/2434
f 6550/2459 6549/2434 4812/2434
f 4812/2434 4757/2433 4756/2455
f 4743/2432 4758/2435 4757/2433
f 6481/2431 6480/2432 4743/2432
f 6482/2429 6548/2423 6481/2431
f 6472/2428 6548/2423 6482/2429
f 6473/2426 6548/2423 6472/2428
f 6458/2424 6548/2423 6473/2426
f 6473/2426 6469/2425 6458/2424
f 6483/2430 6472/2428 6482/2429
f 6484/3176 6483/2430 4746/2430
f 4746/2430 4735/2428 4734/3178
f 4744/2431 4811/2423 4745/2429
f 6473/2426 6472/2428 4735/2428
f 6473/2426 6474/2427 6469/2425
f 6475/3181 6474/2427 4737/2427
f 4737/2427 4732/2425 4731/3183
f 6458/2424 6469/2425 4732/2425
f 6459/2422 6548/2423 6458/2424
f 6459/2422 6460/2420 6548/2423
f 6548/2423 6460/2420 6547/2407
f 6374/2419 6547/2407 6460/2420
f 6375/2418 6547/2407 6374/2419
f 6365/2415 6547/2407 6375/2418
f 6367/2412 6547/2407 6365/2415
f 6346/2410 6547/2407 6367/2412
f 6367/2412 6345/2411 6346/2410
f 4736/2426 4811/2423 4721/2424
f 6460/2420 6459/2422 4722/2422
f 6461/2421 6374/2419 6460/2420
f 6462/3717 6461/2421 4724/2421
f 4724/2421 4637/2419 4636/3721
f 4810/2407 4723/2420 4811/2423
f 6375/2418 6374/2419 4637/2419
f 6376/2417 6365/2415 6375/2418
f 6377/3715 6376/2417 4639/2417
f 4638/2418 4810/2407 4628/2415
f 4627/2416 4640/3715 4639/2417
f 6365/2415 6364/2416 4627/2416
f 6366/2414 6367/2412 6365/2415
f 4628/2415 4810/2407 4630/2412
f 6367/2412 6366/2414 4629/2414
f 6367/2412 6368/2413 6345/2411
f 6369/3105 6368/2413 4631/2413
f 4631/2413 4608/2411 4616/3108
f 6346/2410 6345/2411 4608/2411
f 6347/2409 6547/2407 6346/2410
f 6347/2409 6348/2408 6547/2407
f 6348/2408 6347/2409 4610/2409
f 4630/2412 4810/2407 4609/2410
f 4611/2408 6348/2408 4610/2409
f 4611/2408 4809/2406 4599/3089
f 6548/2423 6547/2407 4810/2407
f 6547/2407 6348/2408 6546/2406
f 4502/2405 4499/3073 4809/2406
f 6240/2404 6239/2405 4502/2405
f 6241/2403 6163/2400 6240/2404
f 6241/2403 6173/2402 6163/2400
f 6241/2403 6242/2386 6173/2402
f 6172/2388 6173/2402 6242/2386
f 6242/2386 6241/2403 4504/2403
f 4505/2386 6242/2386 4504/2403
f 4436/2402 4505/2386 4504/2403
f 6163/2400 6173/2402 4436/2402
f 4436/2402 6173/2402 4435/2388
f 6164/2401 6166/2399 6163/2400
f 6165/2402 6166/2399 6164/2401
f 6166/2399 6165/2402 4428/2402
f 4429/2399 6166/2399 4428/2402
f 6167/2397 6166/2399 4429/2399
f 4428/2402 6165/2402 4427/2401
f 6165/2402 6164/2401 4427/2401
f 4427/2401 4429/2399 4428/2402
f 4503/2404 4808/2398 4426/2400
f 4430/2397 6167/2397 4429/2399
f 4807/2396 4431/2391 4430/2397
f 4431/2391 6168/2391 4430/2397
f 6169/2389 6168/2391 4431/2391
f 6168/2391 6169/2389 6134/2390
f 6169/2389 6170/2379 6134/2390
f 4807/2396 4399/2395 4431/2391
f 4806/2192 4399/2395 4807/2396
f 4806/2192 6132/2336 4399/2395
f 6546/2406 6545/2398 4808/2398
f 4807/2396 6544/2396 4806/2192
f 6166/2399 6167/2397 6545/2398
f 6168/2391 6167/2397 4430/2397
f 6135/2392 6136/2395 6168/2391
f 6543/2192 7869/2336 6357/2191
f 6202/2370 7869/2336 6179/2371
f 6203/2368 7869/2336 6202/2370
f 6216/2365 7869/2336 6203/2368
f 6215/2367 6216/2365 6203/2368
f 6229/2364 7869/2336 6216/2365
f 6230/2362 7869/2336 6229/2364
f 6189/2360 7869/2336 6230/2362
f 6188/2361 6189/2360 6230/2362
f 6159/2355 7869/2336 6189/2360
f 6151/2376 6179/2371 6137/2394
f 6137/2394 6138/2393 6151/2376
f 6138/2393 6137/2394 4400/2394
f 6138/2393 6139/2378 6151/2376
f 6150/2377 6151/2376 6139/2378
f 6150/2377 6139/2378 6170/2379
f 6134/2390 6170/2379 6139/2378
f 6134/2390 6135/2392 6168/2391
f 6136/2395 6135/2392 4398/2392
f 4431/2391 4399/2395 4398/2392
f 4432/2389 6169/2389 4431/2391
f 6170/2379 6169/2389 4432/2389
f 6171/2387 6243/2384 6170/2379
f 6242/2386 6243/2384 6171/2387
f 6172/2388 6242/2386 6171/2387
f 6173/2402 6172/2388 4435/2388
f 4505/2386 4436/2402 4435/2388
f 6243/2384 6242/2386 4505/2386
f 6243/2384 6244/2385 6177/2383
f 6245/3075 6244/2385 4507/2385
f 4507/2385 4440/2383 4439/3087
f 4433/2379 4506/2384 4434/2387
f 4410/2382 4441/2373 4440/2383
f 6148/2381 6147/2382 4410/2382
f 4410/2382 6147/2382 4416/2375
f 6149/2380 6170/2379 6148/2381
f 6150/2377 6170/2379 6149/2380
f 4411/2381 4433/2379 4412/2380
f 4402/2378 4433/2379 4397/2390
f 4414/2376 4402/2378 4401/2393
f 6151/2376 6150/2377 4413/2377
f 6152/2374 6179/2371 6151/2376
f 6178/2373 6179/2371 6152/2374
f 6153/2375 6178/2373 6152/2374
f 6147/2382 6153/2375 4416/2375
f 4441/2373 4410/2382 4416/2375
f 4414/2376 4442/2371 4415/2374
f 6179/2371 6178/2373 4441/2373
f 6180/2372 6202/2370 6179/2371
f 6181/3086 6180/2372 4443/2372
f 4443/2372 4465/2370 4464/3085
f 4399/2395 6132/2336 4442/2371
f 6203/2368 6202/2370 4465/2370
f 6204/2369 6215/2367 6203/2368
f 6205/3726 6204/2369 4467/2369
f 4478/2367 4468/3726 4467/2369
f 6216/2365 6215/2367 4478/2367
f 6217/2366 6229/2364 6216/2365
f 6218/3045 6217/2366 4480/2366
f 4480/2366 4492/2364 4491/3044
f 4466/2368 6132/2336 4479/2365
f 6230/2362 6229/2364 4492/2364
f 6230/2362 6231/2363 6188/2361
f 6232/3029 6231/2363 4494/2363
f 4494/2363 4451/2361 4450/3729
f 4493/2362 6132/2336 4452/2360
f 6189/2360 6188/2361 4451/2361
f 6190/2358 6159/2355 6189/2360
f 6158/2357 6159/2355 6190/2358
f 6191/2359 6158/2357 6190/2358
f 6192/3034 6191/2359 4454/2359
f 4454/2359 4421/2357 4420/3732
f 4452/2360 4422/2355 4453/2358
f 6159/2355 6158/2357 4421/2357
f 6143/2354 7869/2336 6159/2355
f 6144/2353 7869/2336 6143/2354
f 6936/2344 7869/2336 6144/2353
f 4406/2354 6143/2354 4405/2356
f 4452/2360 6132/2336 4422/2355
f 6144/2353 6143/2354 4406/2354
f 6145/2352 6936/2344 6144/2353
f 6145/2352 6146/2351 6936/2344
f 6146/2351 6161/2346 6936/2344
f 6935/2345 6936/2344 6161/2346
f 6146/2351 6145/2352 4408/2352
f 6140/2349 6161/2346 6146/2351
f 6160/2348 6161/2346 6140/2349
f 6141/2350 6160/2348 6140/2349
f 6142/2356 6141/2350 4404/2350
f 4422/2355 4404/2350 4423/2348
f 4409/2351 4424/2346 4403/2349
f 6161/2346 6160/2348 4423/2348
f 6162/2347 6935/2345 6161/2346
f 6154/3033 6162/2347 4425/2347
f 5198/2345 4417/3033 4425/2347
f 5199/2344 4424/2346 4409/2351
f 6936/2344 6935/2345 5198/2345
f 6937/2343 7869/2336 6936/2344
f 6938/2342 6937/2343 5200/2343
f 4407/2353 6132/2336 5199/2344
f 5201/2342 6938/2342 5200/2343
f 5201/2342 5277/2341 5276/2950
f 5277/2341 5363/2340 5327/3277
f 5364/2339 7101/2339 5363/2340
f 5364/2339 5964/2338 5573/2937
f 5964/2338 5731/2337 5730/2933
f 5731/2337 6005/2335 5732/3886
f 7743/2334 7742/2335 6005/2335
f 7735/2333 7868/2322 7743/2334
f 7736/2932 7735/2333 5998/2333
f 6006/2334 6132/2336 6131/2322
f 5968/2926 5998/2333 5969/2332
f 5955/2331 7692/2331 5969/2332
f 5974/3634 5955/2331 5975/2330
f 5970/2329 7707/2329 5975/2330
f 6012/3641 5970/2329 6007/2328
f 6007/2328 6013/2327 6008/3648
f 6013/2327 6022/2326 6014/3650
f 6022/2326 6033/2325 5976/2623
f 6033/2325 6046/2324 6034/2925
f 6046/2324 6055/2323 5989/2919
f 6055/2323 6062/2321 6056/2917
f 6063/2320 6131/2322 6130/3885
f 7800/2320 7799/2321 6062/2321
f 7801/2318 7870/2172 7800/2320
f 7199/2317 7870/2172 7801/2318
f 6861/2306 7870/2172 7199/2317
f 7200/2316 6861/2306 7199/2317
f 7107/2201 7870/2172 6861/2306
f 6516/2182 7870/2172 7107/2201
f 7802/2319 7199/2317 7801/2318
f 7803/2753 7802/2319 6065/2319
f 6065/2319 5462/2317 5461/2748
f 6063/2320 6133/2172 6064/2318
f 7200/2316 7199/2317 5462/2317
f 6982/2308 6861/2306 7200/2316
f 6860/2307 6861/2306 6982/2308
f 7202/2217 7201/2315 5464/2315
f 5289/2311 7026/2311 5288/2312
f 5289/2311 5244/2310 5290/2313
f 6982/2308 6981/2310 5244/2310
f 6983/2309 6860/2307 6982/2308
f 6983/2309 6859/3896 6860/2307
f 6860/2307 6859/3896 5122/3896
f 5123/2307 6860/2307 5122/3896
f 5122/3896 6859/3896 5121/3897
f 5247/3898 5122/3896 5121/3897
f 5128/2303 5247/3898 5121/3897
f 5121/3897 6858/3897 5128/2303
f 5122/3896 5247/3898 5246/2309
f 5247/3898 6984/3898 5246/2309
f 6985/2302 6984/3898 5247/3898
f 5248/2302 6985/2302 5247/3898
f 6986/2300 6985/2302 5248/2302
f 6985/2302 6986/2300 6864/2301
f 6986/2300 7107/2201 6864/2301
f 6987/2293 7107/2201 6986/2300
f 7001/2291 7107/2201 6987/2293
f 7000/2292 7001/2291 6987/2293
f 6984/3898 6985/2302 6865/2303
f 6858/3897 6984/3898 6865/2303
f 6858/3897 6859/3896 6984/3898
f 6859/3896 6858/3897 5121/3897
f 6983/2309 6984/3898 6859/3896
f 6984/3898 6983/2309 5246/2309
f 5123/2307 5122/3896 5246/2309
f 5463/2316 5124/2306 5245/2308
f 6861/2306 6860/2307 5123/2307
f 6862/2305 7107/2201 6861/2306
f 6863/2304 7107/2201 6862/2305
f 5124/2306 6133/2172 5370/2201
f 6863/2304 6862/2305 5125/2305
f 6864/2301 7107/2201 6863/2304
f 6865/2303 6985/2302 6864/2301
f 6858/3897 6865/2303 5128/2303
f 5128/2303 5248/2302 5247/3898
f 5249/2300 6986/2300 5248/2302
f 5126/2304 5370/2201 5127/2301
f 6987/2293 6986/2300 5249/2300
f 6988/2296 6999/2294 6987/2293
f 6979/2299 7033/2298 6988/2296
f 6980/2314 6979/2299 5242/2299
f 5296/2298 5243/2314 5242/2299
f 5297/2297 7034/2297 5296/2298
f 6999/2294 6998/2295 5261/2295
f 7000/2292 6987/2293 6999/2294
f 5250/2293 5262/2294 5251/2296
f 5250/2293 5370/2201 5264/2291
f 7001/2291 7000/2292 5263/2292
f 7002/2203 7107/2201 7001/2291
f 7106/2202 7107/2201 7002/2203
f 7106/2202 7002/2203 7055/2204
f 7002/2203 7003/2289 7055/2204
f 7054/2284 7055/2204 7003/2289
f 7054/2284 7003/2289 7035/2288
f 7035/2288 7036/2287 7054/2284
f 6997/2290 7035/2288 7003/2289
f 6998/2295 6997/2290 5260/2290
f 5260/2290 5298/2288 5297/2297
f 7036/2287 7035/2288 5298/2288
f 7036/2287 7037/2285 7054/2284
f 7030/2286 7053/2283 7037/2285
f 7031/2282 7030/2286 5293/2286
f 5317/2284 5300/2285 5299/2287
f 7055/2204 7054/2284 5317/2284
f 7053/2283 7054/2284 7037/2285
f 5316/2283 5294/2282 5293/2286
f 5295/2281 7032/2281 5294/2282
f 5291/2280 5296/2298 5295/2281
f 7029/2279 7028/2280 5291/2280
f 7029/2279 7023/2277 7052/2276
f 7024/2278 7051/2275 7023/2277
f 7025/2312 7024/2278 5287/2278
f 5314/2275 5245/2308 5287/2278
f 5315/2276 5286/2277 5292/2279
f 7053/2283 7052/2276 5315/2276
f 7051/2275 7052/2276 7023/2277
f 7075/2273 7050/2271 7074/2274
f 7076/2272 7050/2271 7075/2273
f 7076/2272 7077/2267 7050/2271
f 7077/2267 7076/2272 5339/2272
f 5337/2274 5313/2271 5338/2273
f 5340/2267 7077/2267 5339/2272
f 7078/2220 7077/2267 5340/2267
f 7077/2267 7078/2220 7081/2266
f 7081/2266 7048/2268 7077/2267
f 7051/2275 7050/2271 5313/2271
f 7049/2270 7050/2271 7077/2267
f 7049/2270 7077/2267 7048/2268
f 5319/2257 7056/2257 5318/2204
f 7081/2266 7082/2269 7048/2268
f 5319/2257 5345/2269 5311/2268
f 5311/2268 5340/2267 5312/2270
f 5341/2220 7078/2220 5340/2267
f 7082/2269 7081/2266 5344/2266
f 7081/2266 7078/2220 7080/2265
f 7080/2265 7078/2220 7089/2222
f 7079/2264 7080/2265 7089/2222
f 7080/2265 7079/2264 5342/2264
f 7079/2264 7089/2222 7086/2263
f 7089/2222 7090/2262 7086/2263
f 7086/2263 7090/2262 7085/2261
f 7090/2262 7091/2250 7085/2261
f 7065/2259 7085/2261 7091/2250
f 7071/2252 7065/2259 7091/2250
f 7091/2250 7090/2262 5353/2262
f 5353/2262 7090/2262 5352/2222
f 5349/2263 5353/2262 5352/2222
f 5354/2250 7091/2250 5353/2262
f 7086/2263 7085/2261 5348/2261
f 5346/2258 7083/2258 5345/2269
f 7085/2261 7065/2259 7084/2260
f 7066/2256 7056/2257 7083/2258
f 5346/2258 5328/2259 5347/2260
f 5319/2257 5346/2258 5345/2269
f 7067/2255 7066/2256 5329/2256
f 7068/2254 7055/2204 7067/2255
f 7068/2254 7069/2253 7055/2204
f 7069/2253 7070/2251 7055/2204
f 7070/2251 7105/2205 7055/2204
f 7092/2239 7105/2205 7070/2251
f 7091/2250 7092/2239 7070/2251
f 7116/2207 7105/2205 7092/2239
f 7115/2238 7116/2207 7092/2239
f 7114/2240 7115/2238 7092/2239
f 7104/2206 7105/2205 7116/2207
f 7069/2253 7068/2254 5331/2254
f 5318/2204 5330/2255 5319/2257
f 5332/2253 7069/2253 5331/2254
f 7070/2251 7069/2253 5332/2253
f 7071/2252 7091/2250 7070/2251
f 7065/2259 7071/2252 5334/2252
f 5354/2250 5328/2259 5334/2252
f 5333/2251 5368/2205 5355/2239
f 7092/2239 7091/2250 5354/2250
f 7093/2244 7113/2241 7092/2239
f 7093/2244 7138/2243 7113/2241
f 7138/2243 7112/2242 7113/2241
f 7138/2243 7139/2234 7112/2242
f 7112/2242 7139/2234 7111/2235
f 7112/2242 7111/2235 5374/2235
f 5375/2242 7112/2242 5374/2235
f 7111/2235 7139/2234 7103/2208
f 7118/2236 7111/2235 7103/2208
f 7139/2234 7140/2233 7103/2208
f 7140/2233 7141/2232 7103/2208
f 7103/2208 7141/2232 7242/2210
f 7110/2209 7103/2208 7242/2210
f 7242/2210 6556/2199 7110/2209
f 7110/2209 6556/2199 7109/2200
f 7141/2232 7203/2216 7242/2210
f 7140/2233 7139/2234 5402/2234
f 5402/2234 7139/2234 5401/2243
f 7139/2234 7138/2243 5401/2243
f 7137/2245 7138/2243 7093/2244
f 7137/2245 7093/2244 7132/2246
f 7138/2243 7137/2245 5400/2245
f 5400/2245 7137/2245 5399/2230
f 7094/2249 7132/2246 7093/2244
f 7094/2249 7087/2223 7132/2246
f 7131/2248 7132/2246 7087/2223
f 7131/2248 7087/2223 7130/2224
f 7131/2248 7130/2224 5393/2224
f 5394/2248 7131/2248 5393/2224
f 7088/2221 7130/2224 7087/2223
f 7088/2221 7129/2225 7130/2224
f 7132/2246 7131/2248 5394/2248
f 7132/2246 7133/2247 7137/2245
f 7136/2230 7137/2245 7133/2247
f 7134/2229 7136/2230 7133/2247
f 7134/2229 7133/2247 5396/2247
f 5397/2229 7134/2229 5396/2247
f 7127/2227 7134/2229 5397/2229
f 7134/2229 7127/2227 7135/2228
f 7127/2227 7203/2216 7135/2228
f 7128/2226 7203/2216 7127/2227
f 7088/2221 7203/2216 7128/2226
f 7072/2218 7203/2216 7088/2221
f 7072/2218 7088/2221 7078/2220
f 7202/2217 7203/2216 7072/2218
f 5396/2247 5400/2245 5399/2230
f 5356/2244 5395/2246 5357/2249
f 5401/2243 7138/2243 5400/2245
f 5375/2242 5402/2234 5401/2243
f 7113/2241 7112/2242 5375/2242
f 7114/2240 7092/2239 7113/2241
f 7115/2238 7114/2240 5377/2240
f 5355/2239 5376/2241 5356/2244
f 5378/2238 7115/2238 5377/2240
f 7116/2207 7115/2238 5378/2238
f 7116/2207 7117/2237 7103/2208
f 7117/2237 7118/2236 7103/2208
f 7111/2235 7118/2236 5381/2236
f 5374/2235 7111/2235 5381/2236
f 5374/2235 5402/2234 5375/2242
f 5403/2233 7140/2233 5402/2234
f 7141/2232 7140/2233 5403/2233
f 7142/2231 7203/2216 7141/2232
f 7135/2228 7203/2216 7142/2231
f 7136/2230 7134/2229 7135/2228
f 7137/2245 7136/2230 5399/2230
f 5396/2247 5399/2230 5397/2229
f 5390/2227 7127/2227 5397/2229
f 5405/2231 5466/2216 5398/2228
f 7128/2226 7127/2227 5390/2227
f 7129/2225 7088/2221 7128/2226
f 7130/2224 7129/2225 5392/2225
f 5391/2226 5466/2216 5351/2221
f 5393/2224 7130/2224 5392/2225
f 5393/2224 5350/2223 5394/2248
f 7088/2221 7087/2223 5350/2223
f 7088/2221 7089/2222 7078/2220
f 7090/2262 7089/2222 5352/2222
f 5352/2222 5341/2220 5343/2265
f 7072/2218 7078/2220 5341/2220
f 7073/2219 7202/2217 7072/2218
f 7074/2274 7073/2219 5336/2219
f 5465/2217 5314/2275 5336/2219
f 5351/2221 5466/2216 5335/2218
f 7203/2216 7202/2217 5465/2217
f 7203/2216 7204/2213 7242/2210
f 7241/2212 7242/2210 7204/2213
f 7241/2212 7197/2215 7854/2697
f 7198/2748 7197/2215 5460/2215
f 6117/2697 5460/2215 5504/2212
f 5459/2214 7196/2214 5467/2213
f 5505/2210 5467/2213 5466/2216
f 7242/2210 7241/2212 5504/2212
f 7243/2211 6556/2199 7242/2210
f 7244/2721 7243/2211 5506/2211
f 5506/2211 4819/2199 5422/2480
f 5505/2210 5404/2232 5366/2208
f 7103/2208 7110/2209 5373/2209
f 5373/2209 7110/2209 5372/2200
f 7104/2206 7116/2207 7103/2208
f 5366/2208 5380/2237 5379/2207
f 5355/2239 5368/2205 5379/2207
f 7105/2205 7104/2206 5367/2206
f 7106/2202 7055/2204 7105/2205
f 5318/2204 5368/2205 5333/2251
f 5318/2204 5266/2289 5265/2203
f 5264/2291 5370/2201 5265/2203
f 7107/2201 7106/2202 5369/2202
f 7108/2198 6516/2182 7107/2201
f 7109/2200 6556/2199 7108/2198
f 7110/2209 7109/2200 5372/2200
f 5372/2200 4819/2199 5373/2209
f 4819/2199 4799/2197 4820/2469
f 5370/2201 4779/2182 5371/2198
f 6537/2196 6536/2197 4799/2197
f 6537/2196 6538/2184 6516/2182
f 6524/2183 6516/2182 6538/2184
f 6523/2185 6524/2183 6538/2184
f 6539/2195 6522/2186 6538/2184
f 6540/2194 6522/2186 6539/2195
f 6541/2193 6522/2186 6540/2194
f 6541/2193 6540/2194 4803/2194
f 6541/2193 6542/2188 6522/2186
f 6542/2188 6543/2192 6357/2191
f 6544/2396 6543/2192 4806/2192
f 4620/2191 6132/2336 4806/2192
f 4621/2190 6358/2190 4620/2191
f 4622/2189 6359/2189 4621/2190
f 4623/2187 6360/2187 4622/2189
f 4785/2186 4805/2188 4804/2193
f 6523/2185 6538/2184 6522/2186
f 6524/2183 6523/2185 4786/2185
f 4801/2184 4785/2186 4802/2195
f 4787/2183 6524/2183 4786/2185
f 4779/2182 4801/2184 4800/2196
f 6516/2182 6524/2183 4787/2183
f 6517/2181 7870/2172 6516/2182
f 6518/2180 7870/2172 6517/2181
f 6354/2171 7870/2172 6518/2180
f 5370/2201 6133/2172 4779/2182
f 6518/2180 6517/2181 4780/2181
f 6518/2180 6519/2175 6354/2171
f 6363/2174 6354/2171 6519/2175
f 6519/2175 6520/2178 6362/2176
f 6362/2176 6520/2178 6361/2177
f 6520/2178 6521/2179 6361/2177
f 6522/2186 6521/2179 4784/2179
f 4623/2187 4784/2179 4624/2177
f 6362/2176 6361/2177 4624/2177
f 6363/2174 6519/2175 6362/2176
f 4625/2176 4783/2178 4782/2175
f 4617/2171 4782/2175 4781/2180
f 6354/2171 6363/2174 4626/2174
f 6355/2173 7870/2172 6354/2171
f 6356/3883 6355/2173 4618/2173
f 6133/2172 4619/3883 4618/2173
f 4781/2180 6133/2172 4617/2171


o Object.22
v 38.354023 200.152115 4.999998
v 38.608025 200.152115 4.999998
v 40.640022 200.152115 4.999998
v 43.688026 199.136124 4.999998
v 46.228027 196.850128 4.999998
v 46.990028 195.326126 4.999998
v 47.498028 193.548126 4.999998
v 47.244026 189.738113 4.999998
v 46.228027 187.198105 4.999998
v 44.196026 184.404114 4.999998
v 44.704025 184.150101 4.999998
v 46.228027 185.166107 4.999998
v 48.006031 185.674103 4.999998
v 51.562031 185.420105 4.999998
v 54.610035 183.388107 4.999998
v 55.626034 181.864105 4.999998
v 56.388035 179.578110 4.999998
v 56.388035 175.768112 4.999998
v 55.372036 173.228104 4.999998
v 53.594032 171.196106 4.999998
v 50.038029 169.672104 4.999998
v 47.752026 169.672104 4.999998
v 44.704025 170.942108 4.999998
v 42.926025 172.720108 4.999998
v 41.910027 174.752106 4.999998
v 41.656025 176.276108 4.999998
v 41.148022 176.784103 4.999998
v 40.640022 176.276108 4.999998
v 41.148022 171.450104 4.999998
v 42.672028 166.624100 4.999998
v 43.942028 164.084091 4.999998
v 35.306023 164.084091 4.999998
v 36.830025 167.386108 4.999998
v 38.100021 171.704102 4.999998
v 38.608025 175.260101 4.999998
v 38.100021 176.784103 4.999998
v 36.068024 172.466110 4.999998
v 33.782021 170.434113 4.999998
v 31.496019 169.672104 4.999998
v 28.194017 169.926102 4.999998
v 25.654015 171.196106 4.999998
v 23.622013 173.482101 4.999998
v 22.860014 175.514114 4.999998
v 22.860014 179.578110 4.999998
v 23.368013 181.356110 4.999998
v 24.638016 183.388107 4.999998
v 26.162016 184.658112 4.999998
v 27.686018 185.420105 4.999998
v 31.242020 185.674103 4.999998
v 34.544018 184.150101 4.999998
v 35.052017 184.404114 4.999998
v 32.258018 188.722107 4.999998
v 31.750019 190.500107 4.999998
v 31.750019 193.802124 4.999998
v 33.020020 196.850128 4.999998
v 35.052017 198.882126 4.999998
v 38.354023 200.152115 3.000000
v 38.608025 200.152115 3.000000
v 40.640022 200.152115 3.000000
v 43.688026 199.136124 3.000000
v 46.228027 196.850128 3.000000
v 46.990028 195.326126 3.000000
v 47.498028 193.548126 3.000000
v 47.244026 189.738113 3.000000
v 46.228027 187.198105 3.000000
v 44.196026 184.404114 3.000000
v 44.704025 184.150101 3.000000
v 46.228027 185.166107 3.000000
v 48.006031 185.674103 3.000000
v 51.562031 185.420105 3.000000
v 54.610035 183.388107 3.000000
v 55.626034 181.864105 3.000000
v 56.388035 179.578110 3.000000
v 56.388035 175.768112 3.000000
v 55.372036 173.228104 3.000000
v 53.594032 171.196106 3.000000
v 50.038029 169.672104 3.000000
v 47.752026 169.672104 3.000000
v 44.704025 170.942108 3.000000
v 42.926025 172.720108 3.000000
v 41.910027 174.752106 3.000000
v 41.656025 176.276108 3.000000
v 41.148022 176.784103 3.000000
v 40.640022 176.276108 3.000000
v 41.148022 171.450104 3.000000
v 42.672028 166.624100 3.000000
v 43.942028 164.084091 3.000000
v 35.306023 164.084091 3.000000
v 36.830025 167.386108 3.000000
v 38.100021 171.704102 3.000000
v 38.608025 175.260101 3.000000
v 38.100021 176.784103 3.000000
v 36.068024 172.466110 3.000000
v 33.782021 170.434113 3.000000
v 31.496019 169.672104 3.000000
v 28.194017 169.926102 3.000000
v 25.654015 171.196106 3.000000
v 23.622013 173.482101 3.000000
v 22.860014 175.514114 3.000000
v 22.860014 179.578110 3.000000
v 23.368013 181.356110 3.000000
v 24.638016 183.388107 3.000000
v 26.162016 184.658112 3.000000
v 27.686018 185.420105 3.000000
v 31.242020 185.674103 3.000000
v 34.544018 184.150101 3.000000
v 35.052017 184.404114 3.000000
v 32.258018 188.722107 3.000000
v 31.750019 190.500107 3.000000
v 31.750019 193.802124 3.000000
v 33.020020 196.850128 3.000000
v 35.052017 198.882126 3.000000

vt 0.243548 -0.066272
vt 0.209677 -0.081657
vt 0.201613 -0.095858
vt 0.201613 -0.111243
vt 0.204839 -0.119527
vt 0.277419 -0.071006
vt 0.222581 -0.139645
vt 0.219355 -0.140828
vt 0.162903 -0.201183
vt 0.298387 -0.088757
vt 0.293548 -0.081657
vt 0.258065 -0.066272
vt 0.245161 -0.066272
vt 0.222581 -0.072189
vt 0.150000 -0.190533
vt 0.145161 -0.181065
vt 0.198387 -0.133728
vt 0.145161 -0.162130
vt 0.148387 -0.153846
vt 0.175806 -0.134911
vt 0.166129 -0.138462
vt 0.156452 -0.144379
vt 0.179032 -0.207101
vt 0.300000 -0.114793
vt 0.301613 -0.097041
vt 0.293548 -0.126627
vt 0.200000 -0.208284
vt 0.280645 -0.139645
vt 0.283871 -0.140828
vt 0.293548 -0.136095
vt 0.241935 -0.175148
vt 0.304839 -0.133728
vt 0.327419 -0.134911
vt 0.245161 -0.182249
vt 0.261290 -0.175148
vt 0.264516 -0.177515
vt 0.266129 -0.184615
vt 0.272581 -0.194083
vt 0.346774 -0.144379
vt 0.283871 -0.202367
vt 0.303226 -0.208284
vt 0.353226 -0.151479
vt 0.358065 -0.162130
vt 0.358065 -0.179882
vt 0.317742 -0.208284
vt 0.340323 -0.201183
vt 0.351613 -0.191716
vt 0.258065 -0.177515
vt 0.241935 -0.198817
vt 0.261290 -0.200000
vt 0.270968 -0.222485
vt 0.224194 -0.234320
vt 0.233871 -0.218935
vt 0.279032 -0.234320
vt 0.229032 -0.195266
vt 0.214516 -0.204734

usemtl Mat_0
f 7871/3899 7925/3900 7924/3901
f 7923/3902 7871/3899 7924/3901
f 7924/3901 7980/3901 7923/3902
f 7980/3901 7979/3902 7923/3902
f 7923/3902 7979/3902 7922/3903
f 7874/3904 7923/3902 7922/3903
f 7921/3905 7874/3904 7922/3903
f 7922/3903 7978/3903 7921/3905
f 7978/3903 7977/3905 7921/3905
f 7921/3905 7977/3905 7920/3906
f 7920/3906 7911/3907 7921/3905
f 7921/3905 7911/3907 7876/3908
f 7921/3905 7876/3908 7875/3909
f 7876/3908 7932/3908 7875/3909
f 7932/3908 7931/3909 7875/3909
f 7875/3909 7931/3909 7874/3904
f 7931/3909 7930/3904 7874/3904
f 7874/3904 7930/3904 7873/3910
f 7930/3904 7929/3910 7873/3910
f 7873/3910 7929/3910 7872/3911
f 7872/3911 7923/3902 7873/3910
f 7929/3910 7928/3911 7872/3911
f 7872/3911 7928/3911 7871/3899
f 7928/3911 7927/3899 7871/3899
f 7871/3899 7927/3899 7926/3912
f 7927/3899 7982/3912 7926/3912
f 7926/3912 7982/3912 7925/3900
f 7982/3912 7981/3900 7925/3900
f 7982/3912 7927/3899 7981/3900
f 7980/3901 7981/3900 7927/3899
f 7928/3911 7979/3902 7927/3899
f 7929/3910 7979/3902 7928/3911
f 7929/3910 7930/3904 7979/3902
f 7978/3903 7979/3902 7930/3904
f 7931/3909 7977/3905 7930/3904
f 7931/3909 7932/3908 7977/3905
f 7932/3908 7967/3907 7977/3905
f 7977/3905 7967/3907 7976/3906
f 7968/3913 7976/3906 7967/3907
f 7968/3913 7967/3907 7911/3907
f 7912/3913 7968/3913 7911/3907
f 7969/3914 7968/3913 7912/3913
f 7913/3914 7969/3914 7912/3913
f 7920/3906 7913/3914 7912/3913
f 7913/3914 7920/3906 7919/3915
f 7913/3914 7919/3915 7914/3916
f 7914/3916 7970/3916 7913/3914
f 7971/3917 7970/3916 7914/3916
f 7915/3917 7971/3917 7914/3916
f 7914/3916 7918/3918 7915/3917
f 7915/3917 7918/3918 7917/3919
f 7915/3917 7917/3919 7916/3920
f 7916/3920 7972/3920 7915/3917
f 7973/3919 7972/3920 7916/3920
f 7972/3920 7973/3919 7971/3917
f 7973/3919 7974/3918 7971/3917
f 7974/3918 7973/3919 7917/3919
f 7917/3919 7973/3919 7916/3920
f 7918/3918 7974/3918 7917/3919
f 7975/3915 7974/3918 7918/3918
f 7919/3915 7975/3915 7918/3918
f 7976/3906 7975/3915 7919/3915
f 7975/3915 7976/3906 7969/3914
f 7970/3916 7975/3915 7969/3914
f 7974/3918 7975/3915 7970/3916
f 7972/3920 7971/3917 7915/3917
f 7971/3917 7974/3918 7970/3916
f 7914/3916 7919/3915 7918/3918
f 7920/3906 7976/3906 7919/3915
f 7970/3916 7969/3914 7913/3914
f 7911/3907 7967/3907 7910/3921
f 7910/3921 7878/3922 7911/3907
f 7911/3907 7878/3922 7877/3923
f 7878/3922 7934/3922 7877/3923
f 7934/3922 7933/3923 7877/3923
f 7877/3923 7933/3923 7876/3908
f 7933/3923 7934/3922 7967/3907
f 7967/3907 7934/3922 7966/3921
f 7934/3922 7935/3924 7966/3921
f 7966/3921 7935/3924 7965/3925
f 7966/3921 7965/3925 7909/3925
f 7910/3921 7966/3921 7909/3925
f 7909/3925 7879/3924 7910/3921
f 7879/3924 7909/3925 7880/3926
f 7880/3926 7936/3926 7879/3924
f 7936/3926 7935/3924 7879/3924
f 7879/3924 7935/3924 7878/3922
f 7937/3927 7936/3926 7880/3926
f 7881/3927 7937/3927 7880/3926
f 7938/3928 7937/3927 7881/3927
f 7882/3928 7938/3928 7881/3927
f 7881/3927 7906/3929 7882/3928
f 7906/3929 7883/3930 7882/3928
f 7883/3930 7939/3930 7882/3928
f 7940/3931 7939/3930 7883/3930
f 7884/3931 7940/3931 7883/3930
f 7905/3932 7884/3931 7883/3930
f 7884/3931 7905/3932 7897/3933
f 7884/3931 7897/3933 7896/3934
f 7895/3935 7884/3931 7896/3934
f 7896/3934 7952/3934 7895/3935
f 7952/3934 7951/3935 7895/3935
f 7895/3935 7951/3935 7894/3936
f 7885/3937 7895/3935 7894/3936
f 7893/3938 7885/3937 7894/3936
f 7894/3936 7950/3936 7893/3938
f 7950/3936 7949/3938 7893/3938
f 7893/3938 7949/3938 7892/3939
f 7892/3939 7886/3940 7893/3938
f 7886/3940 7892/3939 7887/3941
f 7887/3941 7943/3941 7886/3940
f 7943/3941 7942/3940 7886/3940
f 7886/3940 7942/3940 7885/3937
f 7942/3940 7941/3937 7885/3937
f 7885/3937 7941/3937 7884/3931
f 7941/3937 7942/3940 7949/3938
f 7949/3938 7942/3940 7948/3939
f 7943/3941 7948/3939 7942/3940
f 7943/3941 7944/3942 7948/3939
f 7947/3943 7948/3939 7944/3942
f 7947/3943 7944/3942 7946/3944
f 7947/3943 7946/3944 7890/3944
f 7891/3943 7947/3943 7890/3944
f 7890/3944 7888/3942 7891/3943
f 7888/3942 7892/3939 7891/3943
f 7892/3939 7948/3939 7891/3943
f 7888/3942 7890/3944 7889/3945
f 7889/3945 7945/3945 7888/3942
f 7945/3945 7944/3942 7888/3942
f 7888/3942 7944/3942 7887/3941
f 7946/3944 7945/3945 7889/3945
f 7890/3944 7946/3944 7889/3945
f 7945/3945 7946/3944 7944/3942
f 7948/3939 7947/3943 7891/3943
f 7944/3942 7943/3941 7887/3941
f 7892/3939 7888/3942 7887/3941
f 7949/3938 7948/3939 7892/3939
f 7950/3936 7941/3937 7949/3938
f 7950/3936 7951/3935 7941/3937
f 7940/3931 7941/3937 7951/3935
f 7893/3938 7886/3940 7885/3937
f 7951/3935 7950/3936 7894/3936
f 7952/3934 7940/3931 7951/3935
f 7952/3934 7953/3933 7940/3931
f 7953/3933 7961/3932 7940/3931
f 7961/3932 7953/3933 7954/3946
f 7961/3932 7954/3946 7960/3947
f 7961/3932 7960/3947 7904/3947
f 7905/3932 7961/3932 7904/3947
f 7904/3947 7898/3946 7905/3932
f 7904/3947 7899/3948 7898/3946
f 7899/3948 7955/3948 7898/3946
f 7955/3948 7954/3946 7898/3946
f 7898/3946 7954/3946 7897/3933
f 7956/3949 7955/3948 7899/3948
f 7900/3949 7956/3949 7899/3948
f 7902/3950 7900/3949 7899/3948
f 7902/3950 7899/3948 7903/3951
f 7903/3951 7959/3951 7902/3950
f 7959/3951 7958/3950 7902/3950
f 7902/3950 7958/3950 7901/3952
f 7958/3950 7957/3952 7901/3952
f 7901/3952 7957/3952 7900/3949
f 7958/3950 7956/3949 7957/3952
f 7959/3951 7955/3948 7958/3950
f 7959/3951 7960/3947 7955/3948
f 7960/3947 7959/3951 7903/3951
f 7901/3952 7900/3949 7902/3950
f 7957/3952 7956/3949 7900/3949
f 7955/3948 7956/3949 7958/3950
f 7899/3948 7904/3947 7903/3951
f 7962/3929 7961/3932 7905/3932
f 7906/3929 7962/3929 7905/3932
f 7963/3953 7962/3929 7906/3929
f 7907/3953 7963/3953 7906/3929
f 7909/3925 7907/3953 7906/3929
f 7907/3953 7909/3925 7908/3954
f 7908/3954 7964/3954 7907/3953
f 7965/3925 7964/3954 7908/3954
f 7964/3954 7965/3925 7963/3953
f 7964/3954 7963/3953 7907/3953
f 7962/3929 7963/3953 7965/3925
f 7962/3929 7965/3925 7937/3927
f 7962/3929 7939/3930 7961/3932
f 7938/3928 7939/3930 7962/3929
f 7904/3947 7960/3947 7903/3951
f 7954/3946 7955/3948 7960/3947
f 7954/3946 7953/3933 7897/3933
f 7953/3933 7952/3934 7896/3934
f 7895/3935 7885/3937 7884/3931
f 7897/3933 7953/3933 7896/3934
f 7898/3946 7897/3933 7905/3932
f 7941/3937 7940/3931 7884/3931
f 7939/3930 7940/3931 7961/3932
f 7905/3932 7883/3930 7906/3929
f 7881/3927 7909/3925 7906/3929
f 7939/3930 7938/3928 7882/3928
f 7938/3928 7962/3929 7937/3927
f 7937/3927 7965/3925 7936/3926
f 7880/3926 7909/3925 7881/3927
f 7909/3925 7965/3925 7908/3954
f 7936/3926 7965/3925 7935/3924
f 7935/3924 7934/3922 7878/3922
f 7910/3921 7879/3924 7878/3922
f 7967/3907 7966/3921 7910/3921
f 7968/3913 7969/3914 7976/3906
f 7933/3923 7967/3907 7932/3908
f 7933/3923 7932/3908 7876/3908
f 7876/3908 7911/3907 7877/3923
f 7911/3907 7920/3906 7912/3913
f 7977/3905 7976/3906 7920/3906
f 7978/3903 7930/3904 7977/3905
f 7874/3904 7921/3905 7875/3909
f 7923/3902 7874/3904 7873/3910
f 7979/3902 7978/3903 7922/3903
f 7980/3901 7927/3899 7979/3902
f 7981/3900 7980/3901 7924/3901
f 7871/3899 7923/3902 7872/3911
f 7925/3900 7981/3900 7924/3901
f 7925/3900 7871/3899 7926/3912


o Object.23
v 82.804047 168.656113 4.999998
v 83.058044 168.656113 4.999998
v 85.598053 168.402100 4.999998
v 87.122055 167.386108 4.999998
v 85.344055 167.894104 4.999998
v 82.042046 167.894104 4.999998
v 80.518044 167.132111 4.999998
v 80.010048 167.132111 4.999998
v 80.518044 167.894104 4.999998
v 82.804047 168.656113 3.000000
v 83.058044 168.656113 3.000000
v 85.598053 168.402100 3.000000
v 87.122055 167.386108 3.000000
v 85.344055 167.894104 3.000000
v 82.042046 167.894104 3.000000
v 80.518044 167.132111 3.000000
v 80.010048 167.132111 3.000000
v 80.518044 167.894104 3.000000

vt 0.525806 -0.213018
vt 0.508065 -0.220118
vt 0.511290 -0.220118
vt 0.520968 -0.216568
vt 0.541936 -0.216568
vt 0.527419 -0.213018
vt 0.543548 -0.214201
vt 0.511290 -0.216568
vt 0.553226 -0.218935

usemtl Mat_0
f 7983/3955 7990/3956 7989/3957
f 7988/3958 7983/3955 7989/3957
f 7989/3957 7998/3957 7988/3958
f 7998/3957 7997/3958 7988/3958
f 7988/3958 7997/3958 7987/3959
f 7987/3959 7984/3960 7988/3958
f 7984/3960 7987/3959 7985/3961
f 7985/3961 7994/3961 7984/3960
f 7994/3961 7993/3960 7984/3960
f 7984/3960 7993/3960 7983/3955
f 7993/3960 7992/3955 7983/3955
f 7983/3955 7992/3955 7991/3962
f 7992/3955 8000/3962 7991/3962
f 7991/3962 8000/3962 7990/3956
f 8000/3962 7999/3956 7990/3956
f 8000/3962 7992/3955 7999/3956
f 7998/3957 7999/3956 7992/3955
f 7992/3955 7993/3960 7997/3958
f 7997/3958 7993/3960 7996/3959
f 7994/3961 7996/3959 7993/3960
f 7994/3961 7995/3963 7996/3959
f 7996/3959 7995/3963 7986/3963
f 7987/3959 7996/3959 7986/3963
f 7986/3963 7995/3963 7985/3961
f 7995/3963 7994/3961 7985/3961
f 7987/3959 7986/3963 7985/3961
f 7997/3958 7996/3959 7987/3959
f 7998/3957 7992/3955 7997/3958
f 7999/3956 7998/3957 7989/3957
f 7988/3958 7984/3960 7983/3955
f 7990/3956 7999/3956 7989/3957
f 7990/3956 7983/3955 7991/3962


o Object.24
v 85.090050 170.434113 4.999998
v 85.344055 170.434113 4.999998
v 85.598053 170.180099 4.999998
v 85.090050 169.672104 4.999998
v 83.566055 169.164108 4.999998
v 81.534042 169.418106 4.999998
v 81.280045 170.180099 4.999998
v 83.566055 169.672104 4.999998
v 85.090050 170.434113 3.000000
v 85.344055 170.434113 3.000000
v 85.598053 170.180099 3.000000
v 85.090050 169.672104 3.000000
v 83.566055 169.164108 3.000000
v 81.534042 169.418106 3.000000
v 81.280045 170.180099 3.000000
v 83.566055 169.672104 3.000000

vt 0.517742 -0.209467
vt 0.530645 -0.208284
vt 0.516129 -0.205917
vt 0.530645 -0.210651
vt 0.540323 -0.208284
vt 0.540323 -0.204734
vt 0.541936 -0.204734
vt 0.543548 -0.205917

usemtl Mat_0
f 8006/3964 8008/3965 8007/3966
f 8007/3966 8015/3966 8006/3964
f 8015/3966 8014/3964 8006/3964
f 8006/3964 8014/3964 8005/3967
f 8014/3964 8013/3967 8005/3967
f 8005/3967 8013/3967 8004/3968
f 8004/3968 8001/3969 8005/3967
f 8005/3967 8001/3969 8008/3965
f 8001/3969 8009/3969 8008/3965
f 8009/3969 8016/3965 8008/3965
f 8016/3965 8009/3969 8013/3967
f 8013/3967 8009/3969 8012/3968
f 8010/3970 8012/3968 8009/3969
f 8011/3971 8012/3968 8010/3970
f 8011/3971 8010/3970 8002/3970
f 8003/3971 8011/3971 8002/3970
f 8002/3970 8004/3968 8003/3971
f 8004/3968 8012/3968 8003/3971
f 8002/3970 8010/3970 8001/3969
f 8012/3968 8011/3971 8003/3971
f 8010/3970 8009/3969 8001/3969
f 8001/3969 8004/3968 8002/3970
f 8013/3967 8012/3968 8004/3968
f 8014/3964 8016/3965 8013/3967
f 8015/3966 8016/3965 8014/3964
f 8016/3965 8015/3966 8007/3966
f 8008/3965 8016/3965 8007/3966
f 8005/3967 8008/3965 8006/3964


o Object.25
v 87.884056 173.736099 4.999998
v 88.138054 173.736099 4.999998
v 88.900055 170.688110 4.999998
v 87.376053 171.450104 4.999998
v 84.836052 171.450104 4.999998
v 83.566055 170.942108 4.999998
v 80.010048 171.196106 4.999998
v 78.486046 170.180099 4.999998
v 78.486046 172.974106 4.999998
v 83.058044 172.974106 4.999998
v 83.820053 173.482101 4.999998
v 86.868050 172.974106 4.999998
v 87.884056 173.736099 3.000000
v 88.138054 173.736099 3.000000
v 88.900055 170.688110 3.000000
v 87.376053 171.450104 3.000000
v 84.836052 171.450104 3.000000
v 83.566055 170.942108 3.000000
v 80.010048 171.196106 3.000000
v 78.486046 170.180099 3.000000
v 78.486046 172.974106 3.000000
v 83.058044 172.974106 3.000000
v 83.820053 173.482101 3.000000
v 86.868050 172.974106 3.000000

vt 0.508065 -0.201183
vt 0.527419 -0.192899
vt 0.498387 -0.192899
vt 0.498387 -0.205917
vt 0.530645 -0.202367
vt 0.538710 -0.200000
vt 0.551613 -0.192899
vt 0.554839 -0.200000
vt 0.564516 -0.203550
vt 0.559677 -0.189349
vt 0.558065 -0.189349
vt 0.532258 -0.190533

usemtl Mat_0
f 8023/3972 8026/3973 8025/3974
f 8024/3975 8023/3972 8025/3974
f 8025/3974 8037/3974 8024/3975
f 8037/3974 8036/3975 8024/3975
f 8037/3974 8035/3972 8036/3975
f 8036/3975 8035/3972 8023/3972
f 8023/3972 8035/3972 8022/3976
f 8035/3972 8034/3976 8022/3976
f 8022/3976 8034/3976 8021/3977
f 8028/3978 8022/3976 8021/3977
f 8020/3979 8028/3978 8021/3977
f 8021/3977 8033/3977 8020/3979
f 8033/3977 8032/3979 8020/3979
f 8020/3979 8032/3979 8019/3980
f 8020/3979 8019/3980 8018/3981
f 8017/3982 8020/3979 8018/3981
f 8018/3981 8030/3981 8017/3982
f 8030/3981 8029/3982 8017/3982
f 8017/3982 8029/3982 8028/3978
f 8029/3982 8040/3978 8028/3978
f 8028/3978 8040/3978 8027/3983
f 8040/3978 8039/3983 8027/3983
f 8027/3983 8039/3983 8026/3973
f 8026/3973 8022/3976 8027/3983
f 8039/3983 8038/3973 8026/3973
f 8039/3983 8034/3976 8038/3973
f 8039/3983 8040/3978 8034/3976
f 8033/3977 8034/3976 8040/3978
f 8029/3982 8032/3979 8040/3978
f 8030/3981 8032/3979 8029/3982
f 8030/3981 8031/3980 8032/3979
f 8031/3980 8030/3981 8018/3981
f 8019/3980 8031/3980 8018/3981
f 8032/3979 8031/3980 8019/3980
f 8033/3977 8040/3978 8032/3979
f 8028/3978 8020/3979 8017/3982
f 8022/3976 8028/3978 8027/3983
f 8034/3976 8033/3977 8021/3977
f 8035/3972 8038/3973 8034/3976
f 8037/3974 8038/3973 8035/3972
f 8038/3973 8037/3974 8025/3974
f 8024/3975 8036/3975 8023/3972
f 8026/3973 8038/3973 8025/3974
f 8022/3976 8026/3973 8023/3972


o Object.26
v 85.852051 180.340103 4.999998
v 86.106056 180.086105 4.999998
v 86.868050 179.832108 4.999998
v 87.376053 179.070114 4.999998
v 87.122055 177.038101 4.999998
v 85.090050 176.530106 4.999998
v 82.042046 177.292114 4.999998
v 81.534042 177.800110 4.999998
v 81.534042 178.562103 4.999998
v 83.058044 178.562103 4.999998
v 85.598053 177.292114 4.999998
v 86.360054 177.546112 4.999998
v 86.614052 178.816101 4.999998
v 85.344055 179.832108 4.999998
v 85.852051 180.340103 3.000000
v 86.106056 180.086105 3.000000
v 86.868050 179.832108 3.000000
v 87.376053 179.070114 3.000000
v 87.122055 177.038101 3.000000
v 85.090050 176.530106 3.000000
v 82.042046 177.292114 3.000000
v 81.534042 177.800110 3.000000
v 81.534042 178.562103 3.000000
v 83.058044 178.562103 3.000000
v 85.598053 177.292114 3.000000
v 86.360054 177.546112 3.000000
v 86.614052 178.816101 3.000000
v 85.344055 179.832108 3.000000

vt 0.517742 -0.170414
vt 0.527419 -0.166864
vt 0.517742 -0.166864
vt 0.520968 -0.172781
vt 0.540323 -0.176331
vt 0.543548 -0.172781
vt 0.548387 -0.171598
vt 0.553226 -0.173965
vt 0.554839 -0.164497
vt 0.550000 -0.165680
vt 0.551613 -0.160947
vt 0.546774 -0.159763
vt 0.545161 -0.158580
vt 0.541936 -0.160947

usemtl Mat_0
f 8048/3984 8050/3985 8049/3986
f 8049/3986 8063/3986 8048/3984
f 8063/3986 8062/3984 8048/3984
f 8048/3984 8062/3984 8047/3987
f 8062/3984 8061/3987 8047/3987
f 8047/3987 8061/3987 8046/3988
f 8046/3988 8051/3989 8047/3987
f 8047/3987 8051/3989 8050/3985
f 8051/3989 8065/3989 8050/3985
f 8065/3989 8064/3985 8050/3985
f 8064/3985 8065/3989 8061/3987
f 8061/3987 8065/3989 8060/3988
f 8065/3989 8066/3990 8060/3988
f 8060/3988 8066/3990 8059/3991
f 8060/3988 8059/3991 8045/3991
f 8046/3988 8060/3988 8045/3991
f 8045/3991 8052/3990 8046/3988
f 8052/3990 8045/3991 8044/3992
f 8052/3990 8044/3992 8053/3993
f 8053/3993 8067/3993 8052/3990
f 8067/3993 8066/3990 8052/3990
f 8052/3990 8066/3990 8051/3989
f 8067/3993 8058/3992 8066/3990
f 8057/3994 8058/3992 8067/3993
f 8057/3994 8067/3993 8056/3995
f 8057/3994 8056/3995 8042/3995
f 8043/3994 8057/3994 8042/3995
f 8042/3995 8053/3993 8043/3994
f 8041/3996 8053/3993 8042/3995
f 8053/3993 8041/3996 8054/3997
f 8054/3997 8068/3997 8053/3993
f 8055/3996 8068/3997 8054/3997
f 8068/3997 8055/3996 8067/3993
f 8041/3996 8055/3996 8054/3997
f 8056/3995 8055/3996 8041/3996
f 8042/3995 8056/3995 8041/3996
f 8056/3995 8067/3993 8055/3996
f 8058/3992 8057/3994 8043/3994
f 8044/3992 8058/3992 8043/3994
f 8059/3991 8058/3992 8044/3992
f 8068/3997 8067/3993 8053/3993
f 8053/3993 8044/3992 8043/3994
f 8045/3991 8059/3991 8044/3992
f 8058/3992 8059/3991 8066/3990
f 8066/3990 8065/3989 8051/3989
f 8046/3988 8052/3990 8051/3989
f 8061/3987 8060/3988 8046/3988
f 8062/3984 8064/3985 8061/3987
f 8063/3986 8064/3985 8062/3984
f 8064/3985 8063/3986 8049/3986
f 8050/3985 8064/3985 8049/3986
f 8047/3987 8050/3985 8048/3984


o Object.27
v 113.284065 50.292030 4.999998
v 113.538071 50.292030 4.999998
v 121.920074 50.292030 4.999998
v 119.380066 43.688026 4.999998
v 118.618065 38.608025 4.999998
v 119.126068 37.592022 4.999998
v 121.158066 41.910027 4.999998
v 122.682076 43.434025 4.999998
v 125.984077 44.704025 4.999998
v 129.032074 44.450027 4.999998
v 131.572083 43.180027 4.999998
v 133.604080 40.894024 4.999998
v 134.620071 37.592022 4.999998
v 134.112076 33.528019 4.999998
v 132.842072 31.242020 4.999998
v 131.064072 29.718018 4.999998
v 129.540070 28.956017 4.999998
v 125.984077 28.702017 4.999998
v 122.682076 30.226017 4.999998
v 122.174080 29.972017 4.999998
v 124.968079 25.654015 4.999998
v 125.476074 23.876013 4.999998
v 125.476074 20.574011 4.999998
v 124.968079 18.796011 4.999998
v 123.444077 16.510010 4.999998
v 122.174080 15.494010 4.999998
v 118.872070 14.224009 4.999998
v 116.332069 14.224009 4.999998
v 113.538071 15.240009 4.999998
v 111.252068 17.272009 4.999998
v 110.236069 19.050011 4.999998
v 109.728065 21.082014 4.999998
v 109.982071 24.638016 4.999998
v 110.998070 27.178015 4.999998
v 113.030067 29.972017 4.999998
v 112.522072 30.226017 4.999998
v 110.998070 29.210016 4.999998
v 109.220070 28.702017 4.999998
v 106.934059 28.702017 4.999998
v 105.156059 29.210016 4.999998
v 104.140060 29.718018 4.999998
v 102.108063 31.750019 4.999998
v 100.838058 35.052017 4.999998
v 100.838058 38.608025 4.999998
v 102.362061 41.910027 4.999998
v 104.394058 43.688026 4.999998
v 107.442062 44.704025 4.999998
v 109.474068 44.704025 4.999998
v 112.522072 43.434025 4.999998
v 114.808067 40.894024 4.999998
v 115.570068 38.100021 4.999998
v 116.078072 37.592022 4.999998
v 116.586067 38.100021 4.999998
v 115.824066 43.942028 4.999998
v 113.284065 50.292030 3.000000
v 113.538071 50.292030 3.000000
v 121.920074 50.292030 3.000000
v 119.380066 43.688026 3.000000
v 118.618065 38.608025 3.000000
v 119.126068 37.592022 3.000000
v 121.158066 41.910027 3.000000
v 122.682076 43.434025 3.000000
v 125.984077 44.704025 3.000000
v 129.032074 44.450027 3.000000
v 131.572083 43.180027 3.000000
v 133.604080 40.894024 3.000000
v 134.620071 37.592022 3.000000
v 134.112076 33.528019 3.000000
v 132.842072 31.242020 3.000000
v 131.064072 29.718018 3.000000
v 129.540070 28.956017 3.000000
v 125.984077 28.702017 3.000000
v 122.682076 30.226017 3.000000
v 122.174080 29.972017 3.000000
v 124.968079 25.654015 3.000000
v 125.476074 23.876013 3.000000
v 125.476074 20.574011 3.000000
v 124.968079 18.796011 3.000000
v 123.444077 16.510010 3.000000
v 122.174080 15.494010 3.000000
v 118.872070 14.224009 3.000000
v 116.332069 14.224009 3.000000
v 113.538071 15.240009 3.000000
v 111.252068 17.272009 3.000000
v 110.236069 19.050011 3.000000
v 109.728065 21.082014 3.000000
v 109.982071 24.638016 3.000000
v 110.998070 27.178015 3.000000
v 113.030067 29.972017 3.000000
v 112.522072 30.226017 3.000000
v 110.998070 29.210016 3.000000
v 109.220070 28.702017 3.000000
v 106.934059 28.702017 3.000000
v 105.156059 29.210016 3.000000
v 104.140060 29.718018 3.000000
v 102.108063 31.750019 3.000000
v 100.838058 35.052017 3.000000
v 100.838058 38.608025 3.000000
v 102.362061 41.910027 3.000000
v 104.394058 43.688026 3.000000
v 107.442062 44.704025 3.000000
v 109.474068 44.704025 3.000000
v 112.522072 43.434025 3.000000
v 114.808067 40.894024 3.000000
v 115.570068 38.100021 3.000000
v 116.078072 37.592022 3.000000
v 116.586067 38.100021 3.000000
v 115.824066 43.942028 3.000000

vt 0.640323 -0.818935
vt 0.662903 -0.795266
vt 0.650000 -0.803550
vt 0.640323 -0.835503
vt 0.682258 -0.790533
vt 0.695161 -0.790533
vt 0.714516 -0.796450
vt 0.648387 -0.850888
vt 0.729032 -0.808284
vt 0.733871 -0.821302
vt 0.661290 -0.860355
vt 0.667742 -0.862722
vt 0.679032 -0.865089
vt 0.693548 -0.865089
vt 0.737097 -0.823669
vt 0.740323 -0.821302
vt 0.753226 -0.818935
vt 0.758065 -0.795266
vt 0.735484 -0.794083
vt 0.774194 -0.764497
vt 0.720968 -0.764497
vt 0.719355 -0.764497
vt 0.756452 -0.823669
vt 0.704839 -0.862722
vt 0.714516 -0.857988
vt 0.819355 -0.791716
vt 0.717742 -0.859172
vt 0.704839 -0.872189
vt 0.698387 -0.884024
vt 0.696774 -0.900592
vt 0.835484 -0.797633
vt 0.700000 -0.910059
vt 0.706452 -0.918343
vt 0.775806 -0.859172
vt 0.848387 -0.808284
vt 0.779032 -0.857988
vt 0.800000 -0.865089
vt 0.822581 -0.863905
vt 0.851613 -0.842604
vt 0.832258 -0.860355
vt 0.843548 -0.853254
vt 0.854839 -0.823669
vt 0.800000 -0.790533
vt 0.779032 -0.796450
vt 0.769355 -0.803550
vt 0.793548 -0.879290
vt 0.720968 -0.927811
vt 0.738710 -0.932544
vt 0.796774 -0.887574
vt 0.796774 -0.902959
vt 0.793548 -0.911243
vt 0.775806 -0.926627
vt 0.783871 -0.921893
vt 0.754839 -0.932544

usemtl Mat_0
f 8112/3998 8114/3999 8113/4000
f 8113/4000 8167/4000 8112/3998
f 8167/4000 8166/3998 8112/3998
f 8112/3998 8166/3998 8111/4001
f 8111/4001 8115/4002 8112/3998
f 8115/4002 8111/4001 8116/4003
f 8116/4003 8170/4003 8115/4002
f 8170/4003 8169/4002 8115/4002
f 8115/4002 8169/4002 8114/3999
f 8169/4002 8168/3999 8114/3999
f 8168/3999 8169/4002 8166/3998
f 8166/3998 8169/4002 8165/4001
f 8170/4003 8165/4001 8169/4002
f 8170/4003 8171/4004 8165/4001
f 8165/4001 8171/4004 8164/4005
f 8165/4001 8164/4005 8110/4005
f 8111/4001 8165/4001 8110/4005
f 8110/4005 8117/4004 8111/4001
f 8110/4005 8118/4006 8117/4004
f 8118/4006 8172/4006 8117/4004
f 8172/4006 8171/4004 8117/4004
f 8117/4004 8171/4004 8116/4003
f 8173/4007 8172/4006 8118/4006
f 8119/4007 8173/4007 8118/4006
f 8109/4008 8119/4007 8118/4006
f 8119/4007 8109/4008 8108/4009
f 8107/4010 8119/4007 8108/4009
f 8108/4009 8162/4009 8107/4010
f 8162/4009 8161/4010 8107/4010
f 8107/4010 8161/4010 8106/4011
f 8106/4011 8120/4012 8107/4010
f 8120/4012 8106/4011 8121/4013
f 8121/4013 8175/4013 8120/4012
f 8175/4013 8174/4012 8120/4012
f 8120/4012 8174/4012 8119/4007
f 8175/4013 8160/4011 8174/4012
f 8161/4010 8174/4012 8160/4011
f 8173/4007 8174/4012 8161/4010
f 8127/4014 8160/4011 8175/4013
f 8126/4015 8127/4014 8175/4013
f 8176/4016 8126/4015 8175/4013
f 8125/4017 8126/4015 8176/4016
f 8125/4017 8176/4016 8124/4018
f 8125/4017 8124/4018 8070/4018
f 8071/4017 8125/4017 8070/4018
f 8070/4018 8122/4016 8071/4017
f 8122/4016 8072/4015 8071/4017
f 8072/4015 8126/4015 8071/4017
f 8121/4013 8072/4015 8122/4016
f 8122/4016 8176/4016 8121/4013
f 8123/4019 8176/4016 8122/4016
f 8069/4019 8123/4019 8122/4016
f 8124/4018 8123/4019 8069/4019
f 8121/4013 8073/4014 8072/4015
f 8073/4014 8127/4014 8072/4015
f 8128/4020 8127/4014 8073/4014
f 8074/4020 8128/4020 8073/4014
f 8106/4011 8074/4020 8073/4014
f 8105/4021 8074/4020 8106/4011
f 8106/4011 8160/4011 8105/4021
f 8160/4011 8159/4021 8105/4021
f 8105/4021 8159/4021 8104/4022
f 8078/4023 8105/4021 8104/4022
f 8078/4023 8104/4022 8103/4024
f 8078/4023 8103/4024 8102/4025
f 8101/4026 8078/4023 8102/4025
f 8102/4025 8156/4025 8101/4026
f 8156/4025 8155/4026 8101/4026
f 8101/4026 8155/4026 8100/4027
f 8079/4028 8101/4026 8100/4027
f 8099/4029 8079/4028 8100/4027
f 8100/4027 8154/4027 8099/4029
f 8154/4027 8153/4029 8099/4029
f 8099/4029 8153/4029 8098/4030
f 8098/4030 8088/4031 8099/4029
f 8080/4032 8099/4029 8088/4031
f 8080/4032 8088/4031 8087/4033
f 8086/4034 8080/4032 8087/4033
f 8087/4033 8141/4033 8086/4034
f 8141/4033 8140/4034 8086/4034
f 8086/4034 8140/4034 8085/4035
f 8082/4036 8086/4034 8085/4035
f 8084/4037 8082/4036 8085/4035
f 8085/4035 8139/4035 8084/4037
f 8139/4035 8138/4037 8084/4037
f 8084/4037 8138/4037 8083/4038
f 8138/4037 8137/4038 8083/4038
f 8083/4038 8137/4038 8082/4036
f 8137/4038 8136/4036 8082/4036
f 8082/4036 8136/4036 8081/4039
f 8136/4036 8135/4039 8081/4039
f 8081/4039 8135/4039 8080/4032
f 8135/4039 8134/4032 8080/4032
f 8080/4032 8134/4032 8079/4028
f 8134/4032 8133/4028 8079/4028
f 8079/4028 8133/4028 8078/4023
f 8133/4028 8132/4023 8078/4023
f 8078/4023 8132/4023 8077/4040
f 8074/4020 8078/4023 8077/4040
f 8076/4041 8074/4020 8077/4040
f 8077/4040 8131/4040 8076/4041
f 8131/4040 8130/4041 8076/4041
f 8076/4041 8130/4041 8075/4042
f 8130/4041 8129/4042 8075/4042
f 8075/4042 8129/4042 8074/4020
f 8129/4042 8130/4041 8128/4020
f 8131/4040 8128/4020 8130/4041
f 8131/4040 8132/4023 8128/4020
f 8159/4021 8128/4020 8132/4023
f 8158/4022 8159/4021 8132/4023
f 8157/4024 8158/4022 8132/4023
f 8156/4025 8157/4024 8132/4023
f 8158/4022 8157/4024 8103/4024
f 8074/4020 8076/4041 8075/4042
f 8132/4023 8131/4040 8077/4040
f 8132/4023 8133/4028 8155/4026
f 8154/4027 8155/4026 8133/4028
f 8133/4028 8134/4032 8153/4029
f 8142/4031 8153/4029 8134/4032
f 8141/4033 8142/4031 8134/4032
f 8153/4029 8142/4031 8152/4030
f 8142/4031 8143/4043 8152/4030
f 8151/4044 8152/4030 8143/4043
f 8151/4044 8143/4043 8150/4045
f 8151/4044 8150/4045 8096/4045
f 8097/4044 8151/4044 8096/4045
f 8096/4045 8089/4043 8097/4044
f 8089/4043 8098/4030 8097/4044
f 8098/4030 8152/4030 8097/4044
f 8089/4043 8096/4045 8090/4046
f 8090/4046 8144/4046 8089/4043
f 8144/4046 8143/4043 8089/4043
f 8089/4043 8143/4043 8088/4031
f 8145/4047 8144/4046 8090/4046
f 8091/4047 8145/4047 8090/4046
f 8146/4048 8145/4047 8091/4047
f 8092/4048 8146/4048 8091/4047
f 8091/4047 8094/4049 8092/4048
f 8094/4049 8093/4050 8092/4048
f 8093/4050 8147/4050 8092/4048
f 8148/4049 8147/4050 8093/4050
f 8146/4048 8147/4050 8148/4049
f 8094/4049 8148/4049 8093/4050
f 8149/4051 8148/4049 8094/4049
f 8095/4051 8149/4051 8094/4049
f 8150/4045 8149/4051 8095/4051
f 8149/4051 8150/4045 8145/4047
f 8149/4051 8145/4047 8148/4049
f 8094/4049 8091/4047 8095/4051
f 8091/4047 8096/4045 8095/4051
f 8147/4050 8146/4048 8092/4048
f 8146/4048 8148/4049 8145/4047
f 8144/4046 8145/4047 8150/4045
f 8096/4045 8091/4047 8090/4046
f 8096/4045 8150/4045 8095/4051
f 8144/4046 8150/4045 8143/4043
f 8152/4030 8151/4044 8097/4044
f 8143/4043 8142/4031 8088/4031
f 8135/4039 8140/4034 8134/4032
f 8135/4039 8136/4036 8140/4034
f 8139/4035 8140/4034 8136/4036
f 8136/4036 8137/4038 8138/4037
f 8139/4035 8136/4036 8138/4037
f 8084/4037 8083/4038 8082/4036
f 8086/4034 8082/4036 8081/4039
f 8140/4034 8139/4035 8085/4035
f 8141/4033 8134/4032 8140/4034
f 8142/4031 8141/4033 8087/4033
f 8080/4032 8086/4034 8081/4039
f 8088/4031 8142/4031 8087/4033
f 8098/4030 8089/4043 8088/4031
f 8153/4029 8152/4030 8098/4030
f 8154/4027 8133/4028 8153/4029
f 8099/4029 8080/4032 8079/4028
f 8155/4026 8154/4027 8100/4027
f 8156/4025 8132/4023 8155/4026
f 8157/4024 8156/4025 8102/4025
f 8101/4026 8079/4028 8078/4023
f 8103/4024 8157/4024 8102/4025
f 8104/4022 8158/4022 8103/4024
f 8159/4021 8158/4022 8104/4022
f 8160/4011 8128/4020 8159/4021
f 8078/4023 8074/4020 8105/4021
f 8129/4042 8128/4020 8074/4020
f 8122/4016 8070/4018 8069/4019
f 8070/4018 8124/4018 8069/4019
f 8123/4019 8124/4018 8176/4016
f 8126/4015 8125/4017 8071/4017
f 8127/4014 8126/4015 8072/4015
f 8127/4014 8128/4020 8160/4011
f 8176/4016 8175/4013 8121/4013
f 8121/4013 8106/4011 8073/4014
f 8161/4010 8160/4011 8106/4011
f 8162/4009 8173/4007 8161/4010
f 8162/4009 8163/4008 8173/4007
f 8163/4008 8162/4009 8108/4009
f 8107/4010 8120/4012 8119/4007
f 8109/4008 8163/4008 8108/4009
f 8164/4005 8163/4008 8109/4008
f 8164/4005 8172/4006 8163/4008
f 8174/4012 8173/4007 8119/4007
f 8172/4006 8173/4007 8163/4008
f 8109/4008 8118/4006 8110/4005
f 8110/4005 8164/4005 8109/4008
f 8171/4004 8172/4006 8164/4005
f 8171/4004 8170/4003 8116/4003
f 8111/4001 8117/4004 8116/4003
f 8166/3998 8165/4001 8111/4001
f 8167/4000 8168/3999 8166/3998
f 8168/3999 8167/4000 8113/4000
f 8114/3999 8168/3999 8113/4000
f 8112/3998 8115/4002 8114/3999


o Object.28
v 124.714073 79.502045 4.999998
v 124.968079 79.502045 4.999998
v 125.984077 79.248047 4.999998
v 126.746078 78.232048 4.999998
v 125.476074 78.994049 4.999998
v 124.714073 78.994049 4.999998
v 124.714073 79.502045 3.000000
v 124.968079 79.502045 3.000000
v 125.984077 79.248047 3.000000
v 126.746078 78.232048 3.000000
v 125.476074 78.994049 3.000000
v 124.714073 78.994049 3.000000

vt 0.791935 -0.630769
vt 0.793548 -0.628402
vt 0.791935 -0.628402
vt 0.796774 -0.630769
vt 0.800000 -0.629586
vt 0.804839 -0.634320

usemtl Mat_0
f 8182/4052 8178/4053 8177/4054
f 8177/4054 8183/4054 8182/4052
f 8183/4054 8188/4052 8182/4052
f 8182/4052 8188/4052 8181/4055
f 8179/4056 8182/4052 8181/4055
f 8180/4057 8179/4056 8181/4055
f 8181/4055 8187/4055 8180/4057
f 8187/4055 8186/4057 8180/4057
f 8187/4055 8185/4056 8186/4057
f 8186/4057 8185/4056 8179/4056
f 8179/4056 8185/4056 8178/4053
f 8185/4056 8184/4053 8178/4053
f 8184/4053 8185/4056 8188/4052
f 8187/4055 8188/4052 8185/4056
f 8180/4057 8186/4057 8179/4056
f 8188/4052 8187/4055 8181/4055
f 8183/4054 8184/4053 8188/4052
f 8184/4053 8183/4054 8177/4054
f 8178/4053 8184/4053 8177/4054
f 8182/4052 8179/4056 8178/4053


o Object.29
v 71.120049 47.498028 4.999998
v 71.374046 47.498028 4.999998
v 73.406044 46.990028 4.999998
v 75.946045 46.990028 4.999998
v 77.470047 47.498028 4.999998
v 75.692047 46.482025 4.999998
v 72.898048 46.482025 4.999998
v 71.374046 46.990028 4.999998
v 71.120049 47.498028 3.000000
v 71.374046 47.498028 3.000000
v 73.406044 46.990028 3.000000
v 75.946045 46.990028 3.000000
v 77.470047 47.498028 3.000000
v 75.692047 46.482025 3.000000
v 72.898048 46.482025 3.000000
v 71.374046 46.990028 3.000000

vt 0.453226 -0.779882
vt 0.453226 -0.777515
vt 0.451613 -0.777515
vt 0.462903 -0.782248
vt 0.466129 -0.779882
vt 0.480645 -0.782248
vt 0.491935 -0.777515
vt 0.482258 -0.779882

usemtl Mat_0
f 8196/4058 8190/4059 8189/4060
f 8189/4060 8197/4060 8196/4058
f 8197/4060 8204/4058 8196/4058
f 8196/4058 8204/4058 8195/4061
f 8191/4062 8196/4058 8195/4061
f 8194/4063 8191/4062 8195/4061
f 8195/4061 8203/4061 8194/4063
f 8203/4061 8202/4063 8194/4063
f 8194/4063 8202/4063 8193/4064
f 8194/4063 8193/4064 8192/4065
f 8193/4064 8201/4064 8192/4065
f 8201/4064 8200/4065 8192/4065
f 8192/4065 8200/4065 8191/4062
f 8200/4065 8199/4062 8191/4062
f 8191/4062 8199/4062 8190/4059
f 8199/4062 8198/4059 8190/4059
f 8198/4059 8199/4062 8204/4058
f 8203/4061 8204/4058 8199/4062
f 8200/4065 8202/4063 8199/4062
f 8200/4065 8201/4064 8202/4063
f 8202/4063 8201/4064 8193/4064
f 8203/4061 8199/4062 8202/4063
f 8191/4062 8194/4063 8192/4065
f 8204/4058 8203/4061 8195/4061
f 8197/4060 8198/4059 8204/4058
f 8198/4059 8197/4060 8189/4060
f 8190/4059 8198/4059 8189/4060
f 8196/4058 8191/4062 8190/4059


o Object.30
v 73.406044 45.720028 4.999998
v 73.660049 45.720028 4.999998
v 75.438049 45.720028 4.999998
v 76.962044 44.704025 4.999998
v 75.438049 45.212029 4.999998
v 72.390045 44.704025 4.999998
v 72.136047 44.958027 4.999998
v 73.406044 45.720028 3.000000
v 73.660049 45.720028 3.000000
v 75.438049 45.720028 3.000000
v 76.962044 44.704025 3.000000
v 75.438049 45.212029 3.000000
v 72.390045 44.704025 3.000000
v 72.136047 44.958027 3.000000

vt 0.459677 -0.790533
vt 0.466129 -0.785799
vt 0.458065 -0.789349
vt 0.479032 -0.788166
vt 0.488710 -0.790533
vt 0.479032 -0.785799
vt 0.467742 -0.785799

usemtl Mat_0
f 8210/4066 8205/4067 8211/4068
f 8211/4068 8218/4068 8210/4066
f 8218/4068 8217/4066 8210/4066
f 8210/4066 8217/4066 8209/4069
f 8217/4066 8216/4069 8209/4069
f 8209/4069 8216/4069 8208/4070
f 8209/4069 8208/4070 8207/4071
f 8206/4072 8209/4069 8207/4071
f 8207/4071 8214/4071 8206/4072
f 8214/4071 8213/4072 8206/4072
f 8206/4072 8213/4072 8205/4067
f 8213/4072 8212/4067 8205/4067
f 8213/4072 8216/4069 8212/4067
f 8214/4071 8216/4069 8213/4072
f 8214/4071 8215/4070 8216/4069
f 8215/4070 8214/4071 8207/4071
f 8205/4067 8209/4069 8206/4072
f 8208/4070 8215/4070 8207/4071
f 8216/4069 8215/4070 8208/4070
f 8217/4066 8212/4067 8216/4069
f 8218/4068 8212/4067 8217/4066
f 8212/4067 8218/4068 8211/4068
f 8205/4067 8212/4067 8211/4068
f 8209/4069 8205/4067 8210/4066


o Object.31
v 78.740044 44.196026 4.999998
v 78.994049 44.196026 4.999998
v 79.502045 42.164028 4.999998
v 74.930046 42.164028 4.999998
v 74.168045 41.656025 4.999998
v 71.120049 41.910027 4.999998
v 69.850037 41.148022 4.999998
v 69.342041 43.688026 4.999998
v 72.136047 43.180027 4.999998
v 73.914047 43.942028 4.999998
v 77.978043 43.688026 4.999998
v 78.740044 44.196026 3.000000
v 78.994049 44.196026 3.000000
v 79.502045 42.164028 3.000000
v 74.930046 42.164028 3.000000
v 74.168045 41.656025 3.000000
v 71.120049 41.910027 3.000000
v 69.850037 41.148022 3.000000
v 69.342041 43.688026 3.000000
v 72.136047 43.180027 3.000000
v 73.914047 43.942028 3.000000
v 77.978043 43.688026 3.000000

vt 0.443548 -0.807101
vt 0.458065 -0.797633
vt 0.440323 -0.795266
vt 0.451613 -0.803550
vt 0.470968 -0.804734
vt 0.469355 -0.794083
vt 0.475806 -0.802367
vt 0.504839 -0.802367
vt 0.495161 -0.795266
vt 0.500000 -0.792899
vt 0.501613 -0.792899

usemtl Mat_0
f 8225/4073 8227/4074 8226/4075
f 8226/4075 8237/4075 8225/4073
f 8237/4075 8236/4073 8225/4073
f 8225/4073 8236/4073 8224/4076
f 8236/4073 8235/4076 8224/4076
f 8224/4076 8235/4076 8223/4077
f 8223/4077 8228/4078 8224/4076
f 8224/4076 8228/4078 8227/4074
f 8228/4078 8239/4078 8227/4074
f 8239/4078 8238/4074 8227/4074
f 8238/4074 8239/4078 8235/4076
f 8235/4076 8239/4078 8234/4077
f 8239/4078 8233/4079 8234/4077
f 8234/4077 8233/4079 8222/4079
f 8223/4077 8234/4077 8222/4079
f 8222/4079 8233/4079 8221/4080
f 8221/4080 8229/4081 8222/4079
f 8222/4079 8229/4081 8228/4078
f 8229/4081 8240/4081 8228/4078
f 8230/4082 8240/4081 8229/4081
f 8219/4082 8230/4082 8229/4081
f 8231/4083 8230/4082 8219/4082
f 8220/4083 8231/4083 8219/4082
f 8219/4082 8221/4080 8220/4083
f 8221/4080 8232/4080 8220/4083
f 8232/4080 8231/4083 8220/4083
f 8231/4083 8232/4080 8230/4082
f 8230/4082 8232/4080 8240/4081
f 8233/4079 8240/4081 8232/4080
f 8229/4081 8221/4080 8219/4082
f 8233/4079 8232/4080 8221/4080
f 8239/4078 8240/4081 8233/4079
f 8240/4081 8239/4078 8228/4078
f 8223/4077 8222/4079 8228/4078
f 8235/4076 8234/4077 8223/4077
f 8236/4073 8238/4074 8235/4076
f 8237/4075 8238/4074 8236/4073
f 8238/4074 8237/4075 8226/4075
f 8227/4074 8238/4074 8226/4075
f 8224/4076 8227/4074 8225/4073


o Object.32
v 72.136047 38.608025 4.999998
v 72.390045 38.608025 4.999998
v 74.168045 37.846024 4.999998
v 75.946045 37.846024 4.999998
v 76.454048 37.338024 4.999998
v 76.454048 36.576023 4.999998
v 75.438049 36.068024 4.999998
v 72.898048 37.592022 4.999998
v 71.882050 37.592022 4.999998
v 71.374046 37.084023 4.999998
v 71.374046 36.322021 4.999998
v 72.390045 35.052017 4.999998
v 71.374046 35.306023 4.999998
v 70.612045 36.576023 4.999998
v 70.866043 37.846024 4.999998
v 72.136047 38.608025 3.000000
v 72.390045 38.608025 3.000000
v 74.168045 37.846024 3.000000
v 75.946045 37.846024 3.000000
v 76.454048 37.338024 3.000000
v 76.454048 36.576023 3.000000
v 75.438049 36.068024 3.000000
v 72.898048 37.592022 3.000000
v 71.882050 37.592022 3.000000
v 71.374046 37.084023 3.000000
v 71.374046 36.322021 3.000000
v 72.390045 35.052017 3.000000
v 71.374046 35.306023 3.000000
v 70.612045 36.576023 3.000000
v 70.866043 37.846024 3.000000

vt 0.458065 -0.818935
vt 0.448387 -0.828402
vt 0.459677 -0.818935
vt 0.450000 -0.822485
vt 0.453226 -0.834320
vt 0.453226 -0.826035
vt 0.456452 -0.823669
vt 0.462903 -0.823669
vt 0.470968 -0.822485
vt 0.479032 -0.830769
vt 0.485484 -0.828402
vt 0.485484 -0.824852
vt 0.482258 -0.822485
vt 0.453226 -0.829586
vt 0.459677 -0.835503

usemtl Mat_0
f 8241/4084 8254/4085 8242/4086
f 8242/4086 8257/4086 8241/4084
f 8257/4086 8256/4084 8241/4084
f 8241/4084 8256/4084 8255/4087
f 8256/4084 8270/4087 8255/4087
f 8255/4087 8270/4087 8254/4085
f 8270/4087 8269/4085 8254/4085
f 8254/4085 8269/4085 8253/4088
f 8253/4088 8250/4089 8254/4085
f 8250/4089 8249/4090 8254/4085
f 8250/4089 8265/4089 8249/4090
f 8265/4089 8264/4090 8249/4090
f 8249/4090 8264/4090 8248/4091
f 8243/4092 8249/4090 8248/4091
f 8247/4093 8243/4092 8248/4091
f 8248/4091 8263/4091 8247/4093
f 8263/4091 8262/4093 8247/4093
f 8247/4093 8262/4093 8246/4094
f 8247/4093 8246/4094 8245/4095
f 8244/4096 8247/4093 8245/4095
f 8245/4095 8260/4095 8244/4096
f 8260/4095 8259/4096 8244/4096
f 8244/4096 8259/4096 8243/4092
f 8259/4096 8258/4092 8243/4092
f 8243/4092 8258/4092 8242/4086
f 8259/4096 8262/4093 8258/4092
f 8260/4095 8262/4093 8259/4096
f 8260/4095 8261/4094 8262/4093
f 8261/4094 8260/4095 8245/4095
f 8246/4094 8261/4094 8245/4095
f 8262/4093 8261/4094 8246/4094
f 8263/4091 8258/4092 8262/4093
f 8263/4091 8264/4090 8258/4092
f 8257/4086 8258/4092 8264/4090
f 8257/4086 8264/4090 8269/4085
f 8243/4092 8247/4093 8244/4096
f 8249/4090 8243/4092 8242/4086
f 8264/4090 8263/4091 8248/4091
f 8269/4085 8264/4090 8265/4089
f 8269/4085 8265/4089 8268/4088
f 8266/4097 8268/4088 8265/4089
f 8266/4097 8267/4098 8268/4088
f 8268/4088 8267/4098 8252/4098
f 8253/4088 8268/4088 8252/4098
f 8253/4088 8252/4098 8251/4097
f 8252/4098 8267/4098 8251/4097
f 8267/4098 8266/4097 8251/4097
f 8251/4097 8266/4097 8250/4089
f 8266/4097 8265/4089 8250/4089
f 8250/4089 8253/4088 8251/4097
f 8269/4085 8268/4088 8253/4088
f 8270/4087 8256/4084 8269/4085
f 8257/4086 8269/4085 8256/4084
f 8258/4092 8257/4086 8242/4086
f 8254/4085 8249/4090 8242/4086
f 8254/4085 8241/4084 8255/4087


o Object.33
v 65.749741 29.645416 4.999998
v 65.582840 29.311617 4.999998
v 65.532036 29.464018 4.999998
v 65.749741 29.645416 3.000000
v 65.582840 29.311617 3.000000
v 65.532036 29.464018 3.000000

vt 0.416452 -0.862248
vt 0.417512 -0.860693
vt 0.416129 -0.861538

usemtl Mat_0
f 8272/4099 8271/4100 8273/4101
f 8273/4101 8276/4101 8272/4099
f 8276/4101 8275/4099 8272/4099
f 8276/4101 8274/4100 8275/4099
f 8275/4099 8274/4100 8271/4100
f 8274/4100 8276/4101 8273/4101
f 8271/4100 8274/4100 8273/4101
f 8272/4099 8275/4099 8271/4100


o Object.34
v 147.828094 34.036018 4.999998
v 147.574097 33.782021 4.999998
v 148.082092 33.782021 4.999998
v 148.082092 42.164028 4.999998
v 148.336090 42.164028 4.999998
v 151.384094 42.164028 4.999998
v 150.368088 39.370022 4.999998
v 150.368088 37.084023 4.999998
v 151.130096 38.608025 4.999998
v 152.908096 39.878021 4.999998
v 154.178085 39.878021 4.999998
v 155.194092 39.370022 4.999998
v 156.464096 37.592022 4.999998
v 156.210098 34.798019 4.999998
v 154.940094 33.528019 4.999998
v 151.638092 33.528019 4.999998
v 152.908096 31.496019 4.999998
v 152.908096 29.718018 4.999998
v 151.892090 27.940018 4.999998
v 150.114090 27.178015 4.999998
v 148.082092 27.686018 4.999998
v 146.812088 29.210016 4.999998
v 146.812088 32.004021 4.999998
v 147.828094 33.528019 4.999998
v 147.320099 33.782021 4.999998
v 146.558090 33.274017 4.999998
v 145.288086 33.274017 4.999998
v 144.272095 33.782021 4.999998
v 143.510086 34.544018 4.999998
v 143.002090 36.322021 4.999998
v 143.256088 38.100021 4.999998
v 144.272095 39.370022 4.999998
v 145.288086 39.878021 4.999998
v 146.812088 39.878021 4.999998
v 147.828094 39.370022 4.999998
v 148.844086 37.338024 4.999998
v 149.352097 37.338024 4.999998
v 149.098099 39.878021 4.999998
v 147.828094 34.036018 3.000000
v 147.574097 33.782021 3.000000
v 148.082092 33.782021 3.000000
v 148.082092 42.164028 3.000000
v 148.336090 42.164028 3.000000
v 151.384094 42.164028 3.000000
v 150.368088 39.370022 3.000000
v 150.368088 37.084023 3.000000
v 151.130096 38.608025 3.000000
v 152.908096 39.878021 3.000000
v 154.178085 39.878021 3.000000
v 155.194092 39.370022 3.000000
v 156.464096 37.592022 3.000000
v 156.210098 34.798019 3.000000
v 154.940094 33.528019 3.000000
v 151.638092 33.528019 3.000000
v 152.908096 31.496019 3.000000
v 152.908096 29.718018 3.000000
v 151.892090 27.940018 3.000000
v 150.114090 27.178015 3.000000
v 148.082092 27.686018 3.000000
v 146.812088 29.210016 3.000000
v 146.812088 32.004021 3.000000
v 147.828094 33.528019 3.000000
v 147.320099 33.782021 3.000000
v 146.558090 33.274017 3.000000
v 145.288086 33.274017 3.000000
v 144.272095 33.782021 3.000000
v 143.510086 34.544018 3.000000
v 143.002090 36.322021 3.000000
v 143.256088 38.100021 3.000000
v 144.272095 39.370022 3.000000
v 145.288086 39.878021 3.000000
v 146.812088 39.878021 3.000000
v 147.828094 39.370022 3.000000
v 148.844086 37.338024 3.000000
v 149.352097 37.338024 3.000000
v 149.098099 39.878021 3.000000

vt 0.991935 -0.836686
vt 0.979032 -0.813018
vt 0.970968 -0.813018
vt 0.959677 -0.818935
vt 0.954839 -0.826035
vt 0.962903 -0.842604
vt 0.948387 -0.824852
vt 0.945161 -0.824852
vt 0.938710 -0.815385
vt 0.932258 -0.813018
vt 0.922581 -0.813018
vt 0.970968 -0.860355
vt 0.970968 -0.852071
vt 0.983871 -0.842604
vt 0.993548 -0.823669
vt 0.985484 -0.815385
vt 0.946774 -0.813018
vt 0.940323 -0.802367
vt 0.941935 -0.802367
vt 0.954839 -0.815385
vt 0.961290 -0.802367
vt 0.964516 -0.868639
vt 0.940323 -0.841420
vt 0.938710 -0.842604
vt 0.937097 -0.841420
vt 0.916129 -0.815385
vt 0.938710 -0.840237
vt 0.909677 -0.821302
vt 0.908064 -0.829586
vt 0.930645 -0.843787
vt 0.935484 -0.841420
vt 0.932258 -0.849704
vt 0.953226 -0.872189
vt 0.932258 -0.862722
vt 0.940323 -0.869823
vt 0.922581 -0.843787
vt 0.916129 -0.841420
vt 0.911290 -0.837870

usemtl Mat_0
f 8290/4102 8287/4103 8286/4104
f 8285/4105 8290/4102 8286/4104
f 8286/4104 8324/4104 8285/4105
f 8324/4104 8323/4105 8285/4105
f 8285/4105 8323/4105 8284/4106
f 8292/4107 8285/4105 8284/4106
f 8292/4107 8284/4106 8313/4108
f 8312/4109 8292/4107 8313/4108
f 8313/4108 8351/4108 8312/4109
f 8351/4108 8350/4109 8312/4109
f 8312/4109 8350/4109 8311/4110
f 8310/4111 8312/4109 8311/4110
f 8311/4110 8349/4110 8310/4111
f 8349/4110 8348/4111 8310/4111
f 8310/4111 8348/4111 8309/4112
f 8309/4112 8294/4113 8310/4111
f 8310/4111 8294/4113 8293/4114
f 8294/4113 8332/4113 8293/4114
f 8332/4113 8331/4114 8293/4114
f 8293/4114 8331/4114 8292/4107
f 8331/4114 8330/4107 8292/4107
f 8292/4107 8330/4107 8291/4115
f 8330/4107 8329/4115 8291/4115
f 8291/4115 8329/4115 8290/4102
f 8329/4115 8328/4102 8290/4102
f 8290/4102 8328/4102 8289/4116
f 8288/4117 8290/4102 8289/4116
f 8289/4116 8327/4116 8288/4117
f 8327/4116 8326/4117 8288/4117
f 8288/4117 8326/4117 8287/4103
f 8326/4117 8325/4103 8287/4103
f 8325/4103 8326/4117 8328/4102
f 8324/4104 8325/4103 8328/4102
f 8327/4116 8328/4102 8326/4117
f 8328/4102 8327/4116 8289/4116
f 8329/4115 8323/4105 8328/4102
f 8329/4115 8330/4107 8323/4105
f 8322/4106 8323/4105 8330/4107
f 8351/4108 8322/4106 8330/4107
f 8352/4118 8322/4106 8351/4108
f 8352/4118 8318/4119 8322/4106
f 8318/4119 8319/4120 8322/4106
f 8321/4121 8322/4106 8319/4120
f 8320/4122 8321/4121 8319/4120
f 8320/4122 8319/4120 8281/4120
f 8282/4122 8320/4122 8281/4120
f 8281/4120 8283/4121 8282/4122
f 8283/4121 8321/4121 8282/4122
f 8281/4120 8284/4106 8283/4121
f 8284/4106 8322/4106 8283/4121
f 8284/4106 8281/4120 8280/4119
f 8284/4106 8280/4119 8314/4118
f 8280/4119 8318/4119 8314/4118
f 8281/4120 8319/4120 8280/4119
f 8321/4121 8320/4122 8282/4122
f 8322/4106 8321/4121 8283/4121
f 8319/4120 8318/4119 8280/4119
f 8318/4119 8352/4118 8314/4118
f 8314/4118 8352/4118 8313/4108
f 8330/4107 8331/4114 8350/4109
f 8331/4114 8348/4111 8350/4109
f 8331/4114 8332/4113 8348/4111
f 8348/4111 8332/4113 8347/4112
f 8332/4113 8333/4123 8347/4112
f 8317/4124 8347/4112 8333/4123
f 8317/4124 8333/4123 8338/4125
f 8317/4124 8338/4125 8316/4126
f 8317/4124 8316/4126 8278/4126
f 8279/4124 8317/4124 8278/4126
f 8278/4126 8300/4125 8279/4124
f 8300/4125 8295/4123 8279/4124
f 8295/4123 8309/4112 8279/4124
f 8279/4124 8309/4112 8308/4127
f 8277/4128 8279/4124 8308/4127
f 8307/4129 8277/4128 8308/4127
f 8308/4127 8346/4127 8307/4129
f 8346/4127 8345/4129 8307/4129
f 8307/4129 8345/4129 8306/4130
f 8306/4130 8302/4131 8307/4129
f 8307/4129 8302/4131 8301/4132
f 8278/4126 8307/4129 8301/4132
f 8302/4131 8340/4131 8301/4132
f 8340/4131 8339/4132 8301/4132
f 8301/4132 8339/4132 8300/4125
f 8339/4132 8338/4125 8300/4125
f 8300/4125 8338/4125 8299/4133
f 8296/4134 8300/4125 8299/4133
f 8298/4135 8296/4134 8299/4133
f 8299/4133 8337/4133 8298/4135
f 8337/4133 8336/4135 8298/4135
f 8298/4135 8336/4135 8297/4136
f 8336/4135 8335/4136 8297/4136
f 8297/4136 8335/4136 8296/4134
f 8335/4136 8334/4134 8296/4134
f 8296/4134 8334/4134 8295/4123
f 8334/4134 8333/4123 8295/4123
f 8295/4123 8333/4123 8294/4113
f 8335/4136 8336/4135 8334/4134
f 8337/4133 8334/4134 8336/4135
f 8337/4133 8338/4125 8334/4134
f 8296/4134 8298/4135 8297/4136
f 8338/4125 8337/4133 8299/4133
f 8339/4132 8340/4131 8345/4129
f 8339/4132 8345/4129 8316/4126
f 8316/4126 8345/4129 8315/4128
f 8316/4126 8315/4128 8277/4128
f 8345/4129 8340/4131 8344/4130
f 8341/4137 8344/4130 8340/4131
f 8341/4137 8342/4138 8344/4130
f 8344/4130 8342/4138 8343/4139
f 8344/4130 8343/4139 8305/4139
f 8306/4130 8344/4130 8305/4139
f 8305/4139 8304/4138 8306/4130
f 8306/4130 8304/4138 8303/4137
f 8304/4138 8342/4138 8303/4137
f 8305/4139 8343/4139 8304/4138
f 8343/4139 8342/4138 8304/4138
f 8342/4138 8341/4137 8303/4137
f 8303/4137 8341/4137 8302/4131
f 8341/4137 8340/4131 8302/4131
f 8302/4131 8306/4130 8303/4137
f 8345/4129 8344/4130 8306/4130
f 8346/4127 8315/4128 8345/4129
f 8346/4127 8317/4124 8315/4128
f 8347/4112 8346/4127 8308/4127
f 8277/4128 8307/4129 8278/4126
f 8277/4128 8315/4128 8279/4124
f 8309/4112 8347/4112 8308/4127
f 8300/4125 8296/4134 8295/4123
f 8278/4126 8301/4132 8300/4125
f 8315/4128 8317/4124 8279/4124
f 8278/4126 8316/4126 8277/4128
f 8338/4125 8339/4132 8316/4126
f 8333/4123 8334/4134 8338/4125
f 8346/4127 8347/4112 8317/4124
f 8333/4123 8332/4113 8294/4113
f 8309/4112 8295/4123 8294/4113
f 8348/4111 8347/4112 8309/4112
f 8349/4110 8350/4109 8348/4111
f 8312/4109 8310/4111 8293/4114
f 8350/4109 8349/4110 8311/4110
f 8351/4108 8330/4107 8350/4109
f 8352/4118 8351/4108 8313/4108
f 8312/4109 8293/4114 8292/4107
f 8313/4108 8284/4106 8314/4118
f 8285/4105 8292/4107 8291/4115
f 8323/4105 8322/4106 8284/4106
f 8324/4104 8328/4102 8323/4105
f 8325/4103 8324/4104 8286/4104
f 8290/4102 8285/4105 8291/4115
f 8287/4103 8325/4103 8286/4104
f 8290/4102 8288/4117 8287/4103


o Object.35
v 147.066086 18.288012 4.999998
v 147.066086 18.034012 4.999998
v 147.320099 4.826003 4.999998
v 148.844086 3.048002 4.999998
v 150.368088 2.793992 4.999998
v 152.146088 4.064003 4.999998
v 152.654099 5.842003 4.999998
v 152.654099 14.224009 4.999998
v 150.114090 15.748010 4.999998
v 147.574097 18.288012 4.999998
v 150.622086 22.352013 4.999998
v 149.098099 22.098013 4.999998
v 148.844086 22.098013 4.999998
v 148.336090 21.590014 4.999998
v 148.590088 20.828012 4.999998
v 150.876099 18.288012 4.999998
v 152.400085 17.272009 4.999998
v 152.400085 20.828012 4.999998
v 142.240097 24.638016 4.999998
v 142.494095 24.638016 4.999998
v 144.272095 24.638016 4.999998
v 146.304092 23.622013 4.999998
v 148.590088 24.638016 4.999998
v 151.638092 24.638016 4.999998
v 152.908096 24.130014 4.999998
v 154.178085 22.860014 4.999998
v 154.940094 21.336014 4.999998
v 155.194092 16.764009 4.999998
v 157.226089 16.510010 4.999998
v 157.226089 13.716008 4.999998
v 155.194092 13.462008 4.999998
v 154.686096 3.302002 4.999998
v 152.654099 0.761999 4.999998
v 151.130096 0.000000 4.999998
v 147.828094 0.253991 4.999998
v 145.796097 1.778001 4.999998
v 144.780090 3.556002 4.999998
v 144.526093 6.858004 4.999998
v 145.034088 21.336014 4.999998
v 144.272095 21.844013 4.999998
v 142.240097 22.098013 4.999998
v 147.066086 18.288012 3.000000
v 147.066086 18.034012 3.000000
v 147.320099 4.826003 3.000000
v 148.844086 3.048002 3.000000
v 150.368088 2.793992 3.000000
v 152.146088 4.064003 3.000000
v 152.654099 5.842003 3.000000
v 152.654099 14.224009 3.000000
v 150.114090 15.748010 3.000000
v 147.574097 18.288012 3.000000
v 150.622086 22.352013 3.000000
v 149.098099 22.098013 3.000000
v 148.844086 22.098013 3.000000
v 148.336090 21.590014 3.000000
v 148.590088 20.828012 3.000000
v 150.876099 18.288012 3.000000
v 152.400085 17.272009 3.000000
v 152.400085 20.828012 3.000000
v 142.240097 24.638016 3.000000
v 142.494095 24.638016 3.000000
v 144.272095 24.638016 3.000000
v 146.304092 23.622013 3.000000
v 148.590088 24.638016 3.000000
v 151.638092 24.638016 3.000000
v 152.908096 24.130014 3.000000
v 154.178085 22.860014 3.000000
v 154.940094 21.336014 3.000000
v 155.194092 16.764009 3.000000
v 157.226089 16.510010 3.000000
v 157.226089 13.716008 3.000000
v 155.194092 13.462008 3.000000
v 154.686096 3.302002 3.000000
v 152.654099 0.761999 3.000000
v 151.130096 0.000000 3.000000
v 147.828094 0.253991 3.000000
v 145.796097 1.778001 3.000000
v 144.780090 3.556002 3.000000
v 144.526093 6.858004 3.000000
v 145.034088 21.336014 3.000000
v 144.272095 21.844013 3.000000
v 142.240097 22.098013 3.000000

vt 0.938710 -0.997633
vt 0.919355 -0.982248
vt 0.925806 -0.990533
vt 0.959677 -0.998817
vt 0.969355 -0.995266
vt 0.945161 -0.984615
vt 0.917742 -0.966864
vt 0.954839 -0.985799
vt 0.966129 -0.979882
vt 0.982258 -0.983432
vt 0.985484 -0.936095
vt 0.969355 -0.971598
vt 0.969355 -0.932544
vt 0.916129 -0.884024
vt 0.904839 -0.884024
vt 0.903226 -0.884024
vt 0.929032 -0.888757
vt 0.943548 -0.901775
vt 0.958065 -0.913609
vt 0.941935 -0.898225
vt 0.945161 -0.895858
vt 0.943548 -0.884024
vt 0.946774 -0.895858
vt 0.956452 -0.894675
vt 0.967742 -0.901775
vt 0.967742 -0.918343
vt 0.998387 -0.934911
vt 0.985484 -0.920710
vt 0.983871 -0.899408
vt 0.979032 -0.892308
vt 0.970968 -0.886391
vt 0.962903 -0.884024
vt 0.998387 -0.921893
vt 0.920968 -0.899408
vt 0.916129 -0.897041
vt 0.935484 -0.976331
vt 0.933871 -0.914793
vt 0.933871 -0.913609
vt 0.937097 -0.913609
vt 0.953226 -0.925444
vt 0.903226 -0.895858

usemtl Mat_0
f 8387/4140 8389/4141 8388/4142
f 8388/4142 8429/4142 8387/4140
f 8429/4142 8428/4140 8387/4140
f 8387/4140 8428/4140 8386/4143
f 8428/4140 8427/4143 8386/4143
f 8386/4143 8427/4143 8385/4144
f 8385/4144 8356/4145 8386/4143
f 8356/4145 8390/4146 8386/4143
f 8386/4143 8390/4146 8389/4141
f 8390/4146 8431/4146 8389/4141
f 8431/4146 8430/4141 8389/4141
f 8430/4141 8431/4146 8427/4143
f 8427/4143 8431/4146 8397/4145
f 8427/4143 8397/4145 8426/4144
f 8398/4147 8426/4144 8397/4145
f 8398/4147 8397/4145 8356/4145
f 8357/4147 8398/4147 8356/4145
f 8399/4148 8398/4147 8357/4147
f 8358/4148 8399/4148 8357/4147
f 8385/4144 8358/4148 8357/4147
f 8384/4149 8358/4148 8385/4144
f 8385/4144 8426/4144 8384/4149
f 8426/4144 8425/4149 8384/4149
f 8384/4149 8425/4149 8383/4150
f 8383/4150 8359/4151 8384/4149
f 8359/4151 8383/4150 8360/4152
f 8360/4152 8401/4152 8359/4151
f 8401/4152 8400/4151 8359/4151
f 8359/4151 8400/4151 8358/4148
f 8401/4152 8424/4150 8400/4151
f 8425/4149 8400/4151 8424/4150
f 8399/4148 8400/4151 8425/4149
f 8414/4153 8424/4150 8401/4152
f 8413/4154 8414/4153 8401/4152
f 8413/4154 8401/4152 8412/4155
f 8413/4154 8412/4155 8371/4155
f 8372/4154 8413/4154 8371/4155
f 8371/4155 8360/4152 8372/4154
f 8360/4152 8373/4153 8372/4154
f 8373/4153 8414/4153 8372/4154
f 8415/4156 8414/4153 8373/4153
f 8374/4156 8415/4156 8373/4153
f 8367/4157 8374/4156 8373/4153
f 8383/4150 8367/4157 8373/4153
f 8367/4157 8383/4150 8368/4158
f 8368/4158 8409/4158 8367/4157
f 8409/4158 8408/4157 8367/4157
f 8367/4157 8408/4157 8366/4159
f 8408/4157 8407/4159 8366/4159
f 8366/4159 8407/4159 8365/4160
f 8375/4161 8366/4159 8365/4160
f 8375/4161 8365/4160 8364/4162
f 8375/4161 8364/4162 8363/4163
f 8370/4164 8375/4161 8363/4163
f 8363/4163 8404/4163 8370/4164
f 8404/4163 8411/4164 8370/4164
f 8370/4164 8411/4164 8369/4165
f 8382/4166 8370/4164 8369/4165
f 8368/4158 8382/4166 8369/4165
f 8369/4165 8410/4165 8368/4158
f 8370/4164 8382/4166 8380/4167
f 8379/4168 8370/4164 8380/4167
f 8380/4167 8421/4167 8379/4168
f 8421/4167 8420/4168 8379/4168
f 8379/4168 8420/4168 8378/4169
f 8378/4169 8377/4170 8379/4168
f 8379/4168 8377/4170 8376/4171
f 8377/4170 8418/4170 8376/4171
f 8418/4170 8417/4171 8376/4171
f 8376/4171 8417/4171 8375/4161
f 8417/4171 8416/4161 8375/4161
f 8375/4161 8416/4161 8374/4156
f 8416/4161 8417/4171 8411/4164
f 8417/4171 8420/4168 8411/4164
f 8417/4171 8418/4170 8420/4168
f 8420/4168 8418/4170 8419/4169
f 8419/4169 8418/4170 8377/4170
f 8378/4169 8419/4169 8377/4170
f 8420/4168 8419/4169 8378/4169
f 8421/4167 8411/4164 8420/4168
f 8421/4167 8423/4166 8411/4164
f 8410/4165 8411/4164 8423/4166
f 8410/4165 8423/4166 8409/4158
f 8424/4150 8409/4158 8423/4166
f 8424/4150 8423/4166 8382/4166
f 8383/4150 8424/4150 8382/4166
f 8382/4166 8423/4166 8381/4172
f 8423/4166 8422/4172 8381/4172
f 8381/4172 8422/4172 8380/4167
f 8423/4166 8421/4167 8422/4172
f 8422/4172 8421/4167 8380/4167
f 8370/4164 8379/4168 8376/4171
f 8381/4172 8380/4167 8382/4166
f 8411/4164 8410/4165 8369/4165
f 8404/4163 8416/4161 8411/4164
f 8404/4163 8405/4162 8416/4161
f 8405/4162 8406/4160 8416/4161
f 8406/4160 8407/4159 8416/4161
f 8415/4156 8416/4161 8407/4159
f 8406/4160 8405/4162 8364/4162
f 8405/4162 8404/4163 8363/4163
f 8370/4164 8376/4171 8375/4161
f 8364/4162 8405/4162 8363/4163
f 8365/4160 8406/4160 8364/4162
f 8366/4159 8375/4161 8374/4156
f 8407/4159 8406/4160 8365/4160
f 8408/4157 8415/4156 8407/4159
f 8409/4158 8424/4150 8408/4157
f 8410/4165 8409/4158 8368/4158
f 8382/4166 8368/4158 8383/4150
f 8366/4159 8374/4156 8367/4157
f 8416/4161 8415/4156 8374/4156
f 8414/4153 8415/4156 8408/4157
f 8391/4173 8360/4152 8371/4155
f 8371/4155 8392/4174 8391/4173
f 8392/4174 8433/4174 8391/4173
f 8433/4174 8432/4173 8391/4173
f 8391/4173 8432/4173 8390/4146
f 8355/4175 8391/4173 8390/4146
f 8391/4173 8355/4175 8354/4176
f 8391/4173 8354/4176 8353/4177
f 8391/4173 8353/4177 8362/4178
f 8391/4173 8362/4178 8361/4179
f 8362/4178 8403/4178 8361/4179
f 8403/4178 8402/4179 8361/4179
f 8361/4179 8402/4179 8360/4152
f 8402/4179 8403/4178 8432/4173
f 8402/4179 8432/4173 8401/4152
f 8403/4178 8394/4177 8432/4173
f 8394/4177 8395/4176 8432/4173
f 8395/4176 8396/4175 8432/4173
f 8431/4146 8432/4173 8396/4175
f 8396/4175 8395/4176 8354/4176
f 8395/4176 8394/4177 8353/4177
f 8394/4177 8403/4178 8362/4178
f 8353/4177 8394/4177 8362/4178
f 8354/4176 8395/4176 8353/4177
f 8355/4175 8396/4175 8354/4176
f 8397/4145 8396/4175 8355/4175
f 8432/4173 8433/4174 8412/4155
f 8434/4180 8412/4155 8433/4174
f 8412/4155 8434/4180 8393/4180
f 8393/4180 8434/4180 8392/4174
f 8434/4180 8433/4174 8392/4174
f 8392/4174 8371/4155 8393/4180
f 8360/4152 8391/4173 8361/4179
f 8371/4155 8412/4155 8393/4180
f 8412/4155 8401/4152 8432/4173
f 8414/4153 8413/4154 8372/4154
f 8414/4153 8408/4157 8424/4150
f 8402/4179 8401/4152 8360/4152
f 8360/4152 8383/4150 8373/4153
f 8425/4149 8424/4150 8383/4150
f 8426/4144 8399/4148 8425/4149
f 8384/4149 8359/4151 8358/4148
f 8400/4151 8399/4148 8358/4148
f 8356/4145 8397/4145 8355/4175
f 8398/4147 8399/4148 8426/4144
f 8431/4146 8396/4175 8397/4145
f 8432/4173 8431/4146 8390/4146
f 8356/4145 8355/4175 8390/4146
f 8356/4145 8385/4144 8357/4147
f 8427/4143 8426/4144 8385/4144
f 8428/4140 8430/4141 8427/4143
f 8429/4142 8430/4141 8428/4140
f 8430/4141 8429/4142 8388/4142
f 8389/4141 8430/4141 8388/4142
f 8386/4143 8389/4141 8387/4140

